Ticket_ID,Client_ID,Product,Issue_Type,Priority,Created_Date,Resolved_Date,Resolution_Hours,SLA_Target_Hours,SLA_Met,Status,Assigned_Agent,Contact_Channel,Customer_Satisfaction
TKT-01100,CLI-0182,DataVault Pro,Access Permission Issue,Low,2024-02-26,2024-02-28,54.6,48,No,Resolved,,Email,4
TKT-02536,CLI-0020,AI Insights Module,Feature Request,Medium,2024-08-16,2024-08-17,25.9,24,No,Resolved,Ananya Joshi,Chat,1
TKT-00220,CLI-0156,AI Insights Module,Feature Request,Medium,2023-10-31,31-10-2023,10.1,24,Yes,Resolved,Rahul Das,Phone,3
TKT-02139,CLI-0222,DevOps Accelerator,Login Issue,Medium,2023-08-11,,,24,Yes,Escalated,Pooja Iyer,Email,
TKT-01110,CLI-0247,CloudShift Platform,Feature Request,Critical,2024-04-12,,,4,Yes,In Progress,Divya Reddy,Chat,
TKT-03054,CLI-0169,CloudShift Platform,Onboarding Support,Critical,2024-01-28,2024-01-28,8.4,4,No,Resolved,Pooja Patel,Portal,3
TKT-00333,CLI-0074,DevOps Accelerator,Security Alert,Low,2025-02-12,2025-02-14,54.5,48,No,Resolved,Pooja Gupta,Chat,3
TKT-01472,CLI-0288,SecureNet Suite,Security Alert,Medium,2024-10-05,,,24,No,Escalated,Manish Nair,Phone,
TKT-01841,CLI-0206,AI Insights Module,API Integration Failure,Medium,2023-06-26,2023-06-26,2.6,24,Yes,Resolved,Priya Nair,Portal,3
TKT-00445,CLI-0230,DevOps Accelerator,Dashboard Bug,High,2023-04-08,,,8,Yes,Open,Divya Reddy,Portal,
TKT-03379,CLI-0033,AnalyticsEdge,Billing Query,Low,2023-01-06,,,48,No,Open,Priya Nair,Portal,
TKT-01818,CLI-0029,DataVault Pro,API Integration Failure,Medium,2023-11-20,2023-11-22,50.4,24,,Resolved,Manish Nair,Portal,3
TKT-00367,CLI-0184,CloudShift Platform,Report Inaccuracy,High,2023-04-13,,,8,No,Open,Neha Gupta,Portal,
TKT-03060,CLI-0057,DevOps Accelerator,Performance Lag,Medium,2024-07-17,2024-07-19,54.8,24,No,Resolved,Deepika Mishra,Email,4
TKT-03487,CLI-0205,CloudShift Platform,Data Sync Error,Medium,2023-02-26,,,24,No,Escalated,Manish Nair,Email,
TKT-03741,CLI-0183,SecureNet Suite,Onboarding Support,Medium,2023-04-30,,,24,Yes,Open,Manish Nair,Email,
TKT-01257,CLI-0068,AnalyticsEdge,Feature Request,High,2023-05-30,2023-05-30,14.0,8,No,Resolved,Nikhil Mehta,Chat,5
TKT-01790,CLI-0205,AI Insights Module,Server Downtime,Medium,02/06/2024,,,24,,Open,Manish Nair,Portal,
TKT-02799,CLI-0093,CloudShift Platform,Access Permission Issue,Low,2023-03-14,,,48,No,Open,Kavya Iyer,Email,
TKT-00635,CLI-0099,AnalyticsEdge,Onboarding Support,Medium,2023-12-24,,,24,Yes,Escalated,Kavya Iyer,Chat,
TKT-01805,CLI-0161,DataVault Pro,Report Inaccuracy,Low,2025-03-13,2025-03-13,11.8,48,Yes,Resolved,Neha Gupta,Chat,3
TKT-03253,CLI-0121,SecureNet Suite,Server Downtime,Medium,2024-07-23,2024-07-24,39.3,24,No,Resolved,Pooja Gupta,Email,2
TKT-00709,CLI-0017,AI Insights Module,Data Sync Error,Critical,2024-09-04,,,4,No,Open,,Email,
TKT-00343,CLI-0127,CloudShift Platform,Access Permission Issue,Medium,2025-03-06,2025-03-07,31.4,24,No,Resolved,Neha Gupta,Chat,4
TKT-03567,CLI-0107,AI Insights Module,Server Downtime,Critical,2023-09-07,2023-09-07,8.7,4,No,Resolved,,Email,4
TKT-02295,CLI-0158,SecureNet Suite,Login Issue,Low,2024-05-19,,,48,Yes,Open,Priya Nair,Portal,
TKT-02678,CLI-0279,AnalyticsEdge,Data Sync Error,Low,2024-09-06,2024-09-08,67.1,48,No,Resolved,Siddharth Reddy,Portal,4
TKT-03086,CLI-0298,DataVault Pro,Onboarding Support,Low,2024-01-23,2024-01-24,32.4,48,Yes,Resolved,Pooja Gupta,Phone,4
TKT-00950,CLI-0014,AI Insights Module,Login Issue,Low,2024-11-01,2024-11-05,105.1,48,No,Resolved,Pooja Patel,Phone,4
TKT-02137,CLI-0088,CloudShift Platform,Login Issue,Low,2024-10-06,,,48,Yes,In Progress,Kavya Iyer,Phone,
TKT-03836,CLI-0080,CloudShift Platform,Performance Lag,Medium,2023-03-31,,,24,Yes,Escalated,Kavya Iyer,Portal,
TKT-03334,CLI-0165,AnalyticsEdge,Login Issue,Critical,2023-12-04,2023-12-04,2.5,4,Yes,Resolved,Rahul Das,Portal,
TKT-03902,CLI-0278,DevOps Accelerator,Onboarding Support,Low,2024-03-24,2024-03-25,40.3,48,Yes,Resolved,Rahul Das,Phone,5
TKT-02387,CLI-0265,DevOps Accelerator,Server Downtime,Critical,2024-12-20,2024-12-20,7.5,4,No,Resolved,Karan Gupta,Portal,4
TKT-03282,CLI-0089,AI Insights Module,Onboarding Support,Medium,2024-02-10,,,24,Yes,In Progress,Manish Nair,Email,
TKT-03494,CLI-0134,DevOps Accelerator,Server Downtime,Medium,2023-09-27,,,24,No,Escalated,Arjun Mishra,Phone,
TKT-02380,CLI-0131,AI Insights Module,Performance Lag,Medium,2024-02-08,,,24,No,In Progress,Priya Patel,Phone,
TKT-03553,CLI-0150,DevOps Accelerator,Access Permission Issue,Low,2023-06-02,,,48,No,Escalated,Rahul Das,Phone,
TKT-03523,CLI-0104,DevOps Accelerator,Report Inaccuracy,Medium,2024-08-26,2024-08-27,24.6,24,No,Resolved,Neha Gupta,Email,3
TKT-03577,CLI-0086,DevOps Accelerator,Billing Query,Low,2024-06-06,,,48,No,In Progress,Kavya Iyer,Phone,
TKT-00070,CLI-0172,DataVault Pro,Login Issue,High,2025-03-23,,,8,No,Escalated,Pooja Iyer,Email,
TKT-02556,CLI-0206,DataVault Pro,billing query,High,03/03/2023,2023-03-03,9.1,8,No,Resolved,Neha Gupta,Email,2
TKT-01161,CLI-0037,CloudShift Platform,api integration failure,Low,2023-05-31,,,48,No,Escalated,Deepika Mishra,Portal,
TKT-03580,CLI-0222,SecureNet Suite,Feature Request,High,2024-11-28,,,8,Yes,In Progress,Deepika Mishra,Email,
TKT-03327,CLI-0069,DevOps Accelerator,Billing Query,Medium,2024-02-02,,,24,No,Open,Pooja Iyer,Chat,
TKT-03342,CLI-0274,AnalyticsEdge,Dashboard Bug,Low,2025-03-23,2025-03-23,11.9,48,Yes,Resolved,Siddharth Reddy,Portal,5
TKT-00112,CLI-0077,DevOps Accelerator,Server Downtime,Low,2024-09-16,2024-09-17,36.1,48,Yes,Resolved,Rahul Das,Email,3
TKT-01800,CLI-0088,AI Insights Module,API Integration Failure,Medium,2024-02-19,2024-02-19,14.4,24,Yes,Resolved,Rahul Das,Phone,2
TKT-02619,CLI-0087,AnalyticsEdge,Access Permission Issue,Low,2024-07-01,,,48,No,Open,Karan Rao,Portal,
TKT-03979,CLI-0283,SecureNet Suite,Server Downtime,High,2023-03-22,,,8,No,Open,Ananya Joshi,Portal,
TKT-00369,CLI-0112,DataVault Pro,Server Downtime,Critical,2023-02-21,,,4,No,In Progress,Deepika Mishra,Chat,
TKT-02046,CLI-0278,DataVault Pro,Report Inaccuracy,Medium,2024-11-22,,,24,Yes,In Progress,Karan Rao,Chat,
TKT-02983,CLI-0074,DataVault Pro,Performance Lag,Critical,2023-03-23,,,4,No,In Progress,Siddharth Reddy,Phone,
TKT-02680,CLI-0270,AnalyticsEdge,Billing Query,High,2024-04-05,,,8,No,Open,Divya Verma,Phone,
TKT-00221,CLI-0255,DataVault Pro,Dashboard Bug,High,2024-09-02,2024-09-02,1.8,8,Yes,Resolved,Pooja Iyer,Email,4
TKT-01719,CLI-0121,DevOps Accelerator,Server Downtime,Medium,2024-03-19,2024-03-20,47.2,24,No,Resolved,Priya Nair,Phone,5
TKT-02963,CLI-0279,DevOps Accelerator,Access Permission Issue,High,2023-07-11,,,8,Yes,Open,Kavya Iyer,Phone,
TKT-00253,CLI-0097,CloudShift Platform,Dashboard Bug,High,2023-04-19,2023-04-19,12.5,8,No,Resolved,Manish Nair,Email,5
TKT-03096,CLI-0198,AnalyticsEdge,Feature Request,Medium,2024-02-08,,,24,Yes,In Progress,,Email,
TKT-03957,CLI-0230,CloudShift Platform,Security Alert,Medium,2023-10-26,2023-10-27,41.2,24,No,Resolved,Manish Nair,Email,
TKT-01175,CLI-0097,AI Insights Module,Feature Request,Medium,2024-04-27,28-04-2024,27.4,24,No,Resolved,Deepika Mishra,Chat,5
TKT-02787,CLI-0280,DevOps Accelerator,Onboarding Support,Low,2024-09-14,,,48,No,In Progress,Priya Patel,Portal,
TKT-02896,CLI-0143,AnalyticsEdge,Server Downtime,Medium,2024-04-21,,,24,No,Open,Arjun Mishra,Phone,
TKT-01696,CLI-0272,CloudShift Platform,Report Inaccuracy,Critical,2025-01-24,,,4,No,Open,Divya Verma,Email,
TKT-02414,CLI-0002,DevOps Accelerator,report inaccuracy,Low,2023-11-01,,,48,No,In Progress,Priya Patel,Portal,
TKT-01537,CLI-0106,DataVault Pro,Access Permission Issue,High,2023-05-06,2023-05-06,9.7,8,No,Resolved,Divya Reddy,Email,5
TKT-03857,CLI-0047,DevOps Accelerator,Onboarding Support,High,2024-04-30,2024-04-30,3.8,8,Yes,Resolved,Ananya Joshi,Phone,3
TKT-02796,CLI-0079,CloudShift Platform,Data Sync Error,Medium,2025-01-23,2025-01-23,19.1,24,Yes,Resolved,Karan Gupta,Email,2
TKT-02458,CLI-0042,DataVault Pro,Access Permission Issue,Low,2023-07-20,2023-07-20,22.6,48,Yes,Resolved,Divya Reddy,Email,3
TKT-00276,CLI-0241,AnalyticsEdge,Billing Query,High,2024-08-24,,,8,No,In Progress,Neha Gupta,Email,
TKT-03056,CLI-0064,CloudShift Platform,Server Downtime,Low,2025-03-18,2025-03-20,64.1,48,No,Resolved,Rahul Das,Portal,
TKT-03271,CLI-0028,CloudShift Platform,Feature Request,Medium,2024-03-28,,,24,No,Open,Kavya Iyer,Portal,
TKT-02121,CLI-0041,DevOps Accelerator,Report Inaccuracy,Medium,04/19/2023,,,24,Yes,In Progress,Deepika Mishra,Phone,
TKT-00076,CLI-0182,AI Insights Module,Billing Query,Medium,2023-02-09,,,24,Yes,In Progress,Rahul Das,Phone,
TKT-00203,CLI-0120,AnalyticsEdge,Onboarding Support,High,2023-09-05,2023-09-05,8.6,8,,Resolved,Nikhil Mehta,Phone,4
TKT-02610,CLI-0270,AI Insights Module,Onboarding Support,Medium,2023-12-09,2023-12-09,16.5,24,Yes,Resolved,Rahul Das,Portal,2
TKT-01336,CLI-0005,DataVault Pro,Server Downtime,High,2023-03-31,,,8,Yes,Open,Pooja Gupta,Email,
TKT-00752,CLI-0090,CloudShift Platform,Dashboard Bug,Medium,2024-07-28,2024-07-29,31.0,24,No,Resolved,Nikhil Mehta,Chat,4
TKT-00441,CLI-0208,CloudShift Platform,Server Downtime,High,2025-02-15,2025-02-15,3.0,8,Yes,Resolved,Pooja Patel,Chat,4
TKT-02567,CLI-0114,DataVault Pro,API Integration Failure,Medium,2023-09-01,,,24,No,In Progress,Priya Nair,Chat,
TKT-02982,CLI-0074,DevOps Accelerator,Login Issue,High,2023-07-16,2023-07-16,2.4,8,Yes,Resolved,Kavya Iyer,Email,
TKT-03650,CLI-0027,SecureNet Suite,Onboarding Support,Medium,2024-10-03,2024-10-03,5.1,24,Yes,Resolved,Siddharth Reddy,Email,5
TKT-00929,CLI-0117,SecureNet Suite,Login Issue,High,2024-01-03,,,8,No,Escalated,Pooja Patel,Chat,
TKT-01508,CLI-0139,DataVault Pro,Security Alert,Low,2023-11-05,2023-11-06,37.9,48,,Resolved,Priya Nair,Phone,
TKT-02182,CLI-0184,SecureNet Suite,Access Permission Issue,Medium,2024-03-19,20-03-2024,33.3,24,No,Resolved,Siddharth Reddy,Email,
TKT-02062,CLI-0038,CloudShift Platform,Data Sync Error,Low,2023-03-02,,,48,Yes,Open,Deepika Mishra,Email,
TKT-00874,CLI-0162,CloudShift Platform,Performance Lag,Medium,2023-04-30,2023-04-30,2.7,24,Yes,Resolved,Rahul Das,Phone,3
TKT-03430,CLI-0091,CloudShift Platform,Access Permission Issue,Medium,2024-12-21,22-12-2024,25.5,24,,Resolved,Priya Patel,Chat,3
TKT-03132,CLI-0273,SecureNet Suite,Billing Query,Medium,2024-09-05,2024-09-05,12.3,24,Yes,Resolved,,Chat,
TKT-01208,CLI-0154,CloudShift Platform,Feature Request,High,2024-11-29,2024-11-29,9.2,8,No,Resolved,Karan Rao,Chat,3
TKT-03384,CLI-0132,DevOps Accelerator,Billing Query,Medium,2025-03-05,,,24,No,Escalated,Arjun Mishra,Phone,
TKT-00614,CLI-0072,DataVault Pro,API Integration Failure,Medium,2024-05-12,,,24,Yes,Open,Deepika Mishra,Phone,
TKT-01159,CLI-0218,DataVault Pro,Server Downtime,High,2023-11-25,2023-11-25,5.0,8,Yes,Resolved,Siddharth Reddy,Chat,
TKT-00467,CLI-0001,SecureNet Suite,Billing Query,Low,2023-11-19,,,48,Yes,Open,Pooja Iyer,Phone,
TKT-02005,CLI-0204,SecureNet Suite,report inaccuracy,Low,2023-10-15,,,48,Yes,Open,Priya Patel,Chat,
TKT-00202,CLI-0093,SecureNet Suite,Performance Lag,Low,2025-02-21,,,48,No,In Progress,Rahul Das,Portal,
TKT-02224,CLI-0191,AnalyticsEdge,Onboarding Support,Critical,2024-08-02,,,4,Yes,Escalated,Divya Verma,Phone,
TKT-00479,CLI-0040,CloudShift Platform,Billing Query,High,2023-10-21,2023-10-21,19.1,8,No,Resolved,Priya Nair,Portal,4
TKT-02827,CLI-0069,DataVault Pro,Access Permission Issue,Critical,2023-10-06,,,4,Yes,Escalated,Rahul Das,Email,
TKT-02698,CLI-0251,AI Insights Module,Dashboard Bug,Medium,2023-04-19,2023-04-20,46.3,24,No,Resolved,Nikhil Reddy,Email,
TKT-02656,CLI-0200,AI Insights Module,API Integration Failure,Medium,2024-09-23,2024-09-24,29.4,24,No,Resolved,Divya Reddy,Email,4
TKT-00233,CLI-0130,AI Insights Module,Server Downtime,Medium,2025-01-19,,,24,Yes,Open,Rahul Das,Portal,
TKT-01140,CLI-0244,AnalyticsEdge,Data Sync Error,Medium,2024-04-20,2024-04-20,17.3,24,Yes,Resolved,Deepika Mishra,Phone,4
TKT-02859,CLI-0075,CloudShift Platform,Server Downtime,Critical,2023-10-01,,,4,No,Open,Karan Rao,Portal,
TKT-03682,CLI-0248,SecureNet Suite,Dashboard Bug,Critical,2024-03-31,2024-03-31,3.6,4,Yes,Resolved,Nikhil Reddy,Chat,
TKT-02459,CLI-0131,AnalyticsEdge,Data Sync Error,Medium,2023-09-13,2023-09-13,15.1,24,Yes,Resolved,Pooja Patel,Portal,4
TKT-02296,CLI-0143,DataVault Pro,Dashboard Bug,,2025-03-08,2025-03-08,1.4,4,Yes,Resolved,Siddharth Reddy,Email,4
TKT-02792,CLI-0012,DevOps Accelerator,Login Issue,Low,2023-04-02,2023-04-02,6.9,48,Yes,Resolved,Divya Verma,Chat,4
TKT-02492,CLI-0202,CloudShift Platform,Security Alert,Medium,2024-12-02,2024-12-02,9.7,24,,Resolved,Neha Gupta,Phone,
TKT-01444,CLI-0150,CloudShift Platform,Security Alert,Low,2023-12-19,2023-12-22,73.7,48,No,Resolved,Nikhil Mehta,Email,
TKT-02070,CLI-0185,AI Insights Module,Login Issue,High,2024-04-20,,,8,No,Open,Karan Rao,Chat,
TKT-00560,CLI-0221,DataVault Pro,Onboarding Support,Low,2025-01-16,,,48,No,Open,Kavya Iyer,Portal,
TKT-00121,CLI-0139,SecureNet Suite,API Integration Failure,High,2024-06-05,2024-06-05,8.6,8,No,Resolved,Pooja Gupta,Portal,1
TKT-00569,CLI-0261,AI Insights Module,Report Inaccuracy,High,2024-05-16,,,8,Yes,Escalated,Siddharth Reddy,Chat,
TKT-01176,CLI-0216,DevOps Accelerator,Server Downtime,Critical,2023-10-30,30-10-2023,6.0,4,No,Resolved,Pooja Patel,Portal,5
TKT-03066,CLI-0263,DataVault Pro,Security Alert,Medium,2024-05-13,13-05-2024,23.2,24,Yes,Resolved,Karan Rao,Portal,
TKT-03827,CLI-0141,SecureNet Suite,Access Permission Issue,Medium,08/04/2024,04-08-2024,4.9,24,Yes,Resolved,Kavya Iyer,Chat,3
TKT-02297,CLI-0097,AnalyticsEdge,Access Permission Issue,High,2023-07-29,,,8,Yes,In Progress,Pooja Iyer,Phone,
TKT-01793,CLI-0171,DevOps Accelerator,server downtime,High,2024-06-24,2024-06-24,17.4,8,No,Resolved,Neha Gupta,Email,
TKT-01910,CLI-0271,AnalyticsEdge,Data  Sync  Error,Low,2024-02-22,2024-02-23,36.3,48,Yes,Resolved,Priya Nair,Phone,3
TKT-01731,CLI-0015,DataVault Pro,Security Alert,Medium,2024-12-11,2024-12-11,3.2,24,Yes,Resolved,Priya Nair,Chat,3
TKT-03322,CLI-0075,SecureNet Suite,Data Sync Error,High,2024-07-13,,,8,No,In Progress,Divya Reddy,Phone,
TKT-03107,CLI-0104,DevOps Accelerator,Security  Alert,High,2024-05-15,2024-05-15,19.0,8,No,Resolved,Neha Gupta,Chat,3
TKT-01772,CLI-0129,SecureNet Suite,Report Inaccuracy,Medium,2023-11-30,2023-12-02,54.1,24,No,Resolved,,Chat,3
TKT-03649,CLI-0260,CloudShift Platform,Access Permission Issue,High,2023-05-25,2023-05-25,17.7,8,No,Resolved,Nikhil Reddy,Chat,3
TKT-00236,CLI-0018,DataVault Pro,Data Sync Error,High,2025-03-17,,,8,No,Open,Pooja Patel,Email,
TKT-00589,CLI-0272,SecureNet Suite,API Integration Failure,Medium,2024-05-15,,,24,Yes,Open,Divya Verma,Email,
TKT-00518,CLI-0099,AI Insights Module,Onboarding Support,Critical,2024-07-29,2024-07-29,6.4,4,No,Resolved,Kavya Iyer,Phone,4
TKT-00464,CLI-0178,CloudShift Platform,Security Alert,Medium,2025-01-20,2025-01-22,49.5,24,No,Resolved,Deepika Mishra,Phone,3
TKT-00692,CLI-0234,DevOps Accelerator,Login Issue,Medium,2024-10-26,,,24,No,Open,Karan Gupta,Email,
TKT-03292,CLI-0197,DevOps Accelerator,Access Permission Issue,Medium,2023-12-30,,,24,No,Open,Deepika Mishra,Chat,
TKT-02260,CLI-0127,AnalyticsEdge,Server Downtime,High,12/17/2024,,,8,No,Open,Arjun Mishra,Email,
TKT-01514,CLI-0079,SecureNet Suite,Server Downtime,High,2023-06-17,2023-06-17,14.4,8,No,Resolved,Manish Nair,Chat,3
TKT-01948,CLI-0111,AnalyticsEdge,Access Permission Issue,High,04/08/2023,2023-04-08,9.2,8,No,Resolved,Rahul Das,Email,4
TKT-03554,CLI-0167,DevOps Accelerator,API Integration Failure,Medium,2023-07-04,,,24,No,Escalated,Divya Reddy,Chat,
TKT-01217,CLI-0027,DevOps Accelerator,Performance Lag,Medium,2024-02-06,2024-02-08,52.6,24,No,Resolved,Kavya Iyer,Email,3
TKT-01814,CLI-0046,DataVault Pro,Billing Query,Medium,2024-01-18,,,24,Yes,Open,Pooja Iyer,Email,
TKT-00986,CLI-0218,CloudShift Platform,Data Sync Error,Low,2024-11-14,2024-11-16,59.2,48,No,Resolved,Nikhil Reddy,Phone,2
TKT-00397,CLI-0117,DataVault Pro,Login Issue,Low,2023-04-23,2023-04-24,34.2,48,Yes,Resolved,Pooja Gupta,Phone,5
TKT-00905,CLI-0105,CloudShift Platform,Login Issue,High,2023-01-17,,,8,Yes,In Progress,Siddharth Reddy,Email,
TKT-00073,CLI-0190,DataVault Pro,Server Downtime,Low,2024-02-06,2024-02-08,50.1,48,No,Resolved,Karan Rao,Portal,4
TKT-00146,CLI-0006,CloudShift Platform,Dashboard Bug,Medium,2024-01-07,2024-01-07,13.3,24,Yes,Resolved,Pooja Iyer,Portal,1
TKT-03047,CLI-0068,AI Insights Module,API Integration Failure,High,2024-07-19,2024-07-19,18.6,8,No,Resolved,,Portal,5
TKT-01119,CLI-0228,AI Insights Module,Billing Query,Medium,2024-08-30,2024-08-30,1.1,24,Yes,Resolved,Manish Nair,Phone,4
TKT-00809,CLI-0107,CloudShift Platform,Dashboard Bug,Critical,2025-03-24,2025-03-24,8.5,4,No,Resolved,Nikhil Mehta,Portal,
TKT-01271,CLI-0164,DevOps Accelerator,Feature Request,Low,2024-02-11,2024-02-12,24.5,48,Yes,Resolved,Karan Gupta,Email,4
TKT-02240,CLI-0075,DevOps Accelerator,Onboarding Support,High,2024-01-15,,,8,No,Escalated,Pooja Patel,Chat,
TKT-00853,CLI-0138,DevOps Accelerator,Security Alert,High,2024-05-09,2024-05-09,2.6,8,Yes,Resolved,Neha Gupta,Email,4
TKT-01926,CLI-0051,AnalyticsEdge,Server Downtime,Critical,2023-09-14,2023-09-14,2.9,4,Yes,Resolved,Deepika Mishra,Chat,5
TKT-03445,CLI-0155,DevOps Accelerator,Data Sync Error,Low,2023-01-13,2023-01-16,91.4,48,No,Resolved,Nikhil Mehta,Email,3
TKT-03398,CLI-0158,CloudShift Platform,Feature Request,Low,2023-09-30,2023-10-04,103.5,48,No,Resolved,Rahul Das,Portal,4
TKT-02898,CLI-0299,CloudShift Platform,Feature Request,Medium,2024-05-30,2024-05-30,22.7,24,Yes,Resolved,Deepika Mishra,Phone,
TKT-02388,CLI-0010,SecureNet Suite,Login Issue,Low,2025-03-16,2025-03-17,39.8,48,Yes,Resolved,Karan Rao,Phone,4
TKT-02523,CLI-0288,DataVault Pro,Billing Query,,2024-06-27,2024-06-28,44.0,48,Yes,Resolved,Priya Patel,Phone,4
TKT-03762,CLI-0031,AI Insights Module,Security Alert,High,2023-11-24,2023-11-24,19.8,8,,Resolved,Karan Rao,Phone,4
TKT-03807,CLI-0072,SecureNet Suite,Performance Lag,Low,2024-07-08,,,48,Yes,Open,Karan Gupta,Portal,
TKT-01581,CLI-0206,SecureNet Suite,Performance Lag,Low,2024-06-03,,,48,Yes,In Progress,Arjun Mishra,Email,
TKT-02848,CLI-0104,DevOps Accelerator,Report Inaccuracy,Medium,2024-11-05,,,24,Yes,Escalated,Siddharth Reddy,Phone,
TKT-02635,CLI-0037,SecureNet Suite,Dashboard Bug,High,2023-11-29,,,8,Yes,Open,Ananya Joshi,Chat,
TKT-03480,CLI-0297,CloudShift Platform,Performance Lag,Low,2025-02-26,2025-03-01,81.7,48,No,Resolved,Priya Nair,Email,4
TKT-02989,CLI-0226,DevOps Accelerator,Performance Lag,Medium,2024-03-29,,,24,No,Open,Priya Nair,Phone,
TKT-00837,CLI-0134,DevOps Accelerator,Dashboard Bug,Low,2024-02-18,,,48,No,Open,Priya Nair,Chat,
TKT-02712,CLI-0021,AI Insights Module,Security Alert,Low,2024-12-06,2024-12-10,111.1,48,No,Resolved,Arjun Mishra,Portal,4
TKT-00171,CLI-0212,DevOps Accelerator,Login Issue,Critical,2024-09-01,2024-09-01,6.3,4,No,Resolved,Ananya Joshi,Phone,4
TKT-03978,CLI-0014,SecureNet Suite,Server Downtime,Low,2024-07-08,,,48,No,Open,Karan Rao,Email,
TKT-00028,CLI-0224,AI Insights Module,Dashboard Bug,Medium,2024-01-16,2024-01-17,25.3,24,No,Resolved,Pooja Patel,Portal,3
TKT-02049,CLI-0059,AnalyticsEdge,API Integration Failure,Low,2024-09-04,,,48,No,In Progress,Nikhil Reddy,Email,
TKT-02129,CLI-0038,CloudShift Platform,API Integration Failure,High,2023-08-02,,,8,No,Escalated,Pooja Iyer,Email,
TKT-03990,CLI-0213,AI Insights Module,Access Permission Issue,High,2024-09-27,,,8,No,Escalated,Karan Rao,Email,
TKT-00683,CLI-0133,DevOps Accelerator,Report Inaccuracy,Medium,2024-02-07,2024-02-08,31.0,24,No,Resolved,Siddharth Reddy,Portal,
TKT-02757,CLI-0029,DevOps Accelerator,Login Issue,Critical,03/31/2024,2024-03-31,3.7,4,Yes,Resolved,Pooja Patel,Email,5
TKT-02014,CLI-0033,DevOps Accelerator,Server Downtime,Low,2024-09-09,,,48,No,In Progress,Rahul Das,Email,
TKT-01083,CLI-0166,CloudShift Platform,Login Issue,Medium,2023-10-22,2023-10-24,59.0,24,No,Resolved,Deepika Mishra,Portal,4
TKT-03140,CLI-0277,DevOps Accelerator,Server Downtime,Low,2024-05-30,,,48,Yes,In Progress,Priya Patel,Phone,
TKT-00893,CLI-0089,DataVault Pro,Billing Query,High,2024-06-05,2024-06-05,19.0,8,No,Resolved,Rahul Das,Chat,3
TKT-01333,CLI-0169,DevOps Accelerator,Access Permission Issue,Medium,2025-01-09,,,24,No,Open,Manish Nair,Phone,
TKT-02257,CLI-0227,CloudShift Platform,Access Permission Issue,High,2025-01-19,2025-01-19,6.7,8,Yes,Resolved,Rahul Das,Portal,2
TKT-03712,CLI-0024,CloudShift Platform,Access Permission Issue,Medium,2025-01-20,2025-01-22,49.5,24,No,Resolved,Deepika Mishra,Email,5
TKT-01429,CLI-0149,SecureNet Suite,Security Alert,Medium,2024-06-17,2024-06-17,21.0,24,Yes,Resolved,,Chat,4
TKT-02407,CLI-0289,DevOps Accelerator,Server Downtime,Critical,2023-04-09,,,4,Yes,In Progress,Karan Rao,Portal,
TKT-03757,CLI-0276,SecureNet Suite,Server Downtime,Medium,2024-05-20,,,24,No,In Progress,Manish Nair,Chat,
TKT-03209,CLI-0061,DevOps Accelerator,Login Issue,High,2024-10-07,2024-10-07,18.3,8,No,Resolved,Rahul Das,Email,4
TKT-02007,CLI-0040,DataVault Pro,Onboarding Support,Low,2024-12-04,,,48,,Escalated,Nikhil Mehta,Chat,
TKT-00810,CLI-0094,AnalyticsEdge,API Integration Failure,Medium,2024-10-22,,,24,Yes,In Progress,Pooja Iyer,Email,
TKT-01482,CLI-0088,DevOps Accelerator,Login Issue,Critical,2023-07-01,2023-07-01,7.2,4,No,Resolved,Pooja Gupta,Phone,5
TKT-02807,CLI-0117,CloudShift Platform,Onboarding Support,Critical,2023-12-23,2023-12-23,7.9,4,No,Resolved,Nikhil Reddy,Phone,4
TKT-03453,CLI-0069,DevOps Accelerator,API Integration Failure,High,2024-10-07,2024-10-07,19.0,8,No,Resolved,Priya Patel,Email,4
TKT-01394,CLI-0206,AI Insights Module,Access Permission Issue,Critical,2023-04-11,2023-04-11,6.8,4,No,Resolved,Kavya Iyer,Portal,2
TKT-00453,CLI-0191,DevOps Accelerator,Onboarding Support,Medium,2023-02-25,2023-02-25,18.4,24,Yes,Resolved,Kavya Iyer,Portal,4
TKT-01306,CLI-0275,DataVault Pro,Login Issue,Critical,2024-08-11,2024-08-11,1.0,4,Yes,Resolved,Kavya Iyer,Phone,3
TKT-02562,CLI-0261,DataVault Pro,Billing Query,High,2023-12-27,,,8,No,In Progress,Arjun Mishra,Portal,
TKT-00788,CLI-0210,AI Insights Module,Security Alert,Low,2023-12-06,2023-12-09,76.8,48,No,Resolved,Divya Reddy,Portal,4
TKT-00131,CLI-0031,DataVault Pro,Onboarding Support,Medium,2025-02-06,2025-02-06,11.3,24,Yes,Resolved,Ananya Joshi,Portal,
TKT-03473,CLI-0165,DataVault Pro,Onboarding Support,Medium,2023-09-08,2023-09-10,52.7,24,No,Resolved,Rahul Das,Phone,4
TKT-03242,CLI-0232,DevOps Accelerator,API Integration Failure,Medium,2024-12-07,07-12-2024,9.5,24,Yes,Resolved,Karan Rao,Phone,4
TKT-03830,CLI-0265,AnalyticsEdge,Access Permission Issue,Medium,2023-09-01,2023-09-02,26.2,24,No,Resolved,Deepika Mishra,Portal,4
TKT-00951,CLI-0234,CloudShift Platform,Feature Request,Low,2024-06-06,2024-06-08,60.3,48,No,Resolved,Divya Verma,Portal,4
TKT-03913,CLI-0037,CloudShift Platform,Login Issue,Medium,2023-08-15,2023-08-16,46.6,24,No,Resolved,Divya Verma,Phone,4
TKT-02191,CLI-0277,CloudShift Platform,Billing Query,Low,07/14/2023,2023-07-14,21.8,48,Yes,Resolved,Kavya Iyer,Phone,5
TKT-02622,CLI-0219,DevOps Accelerator,Onboarding Support,Low,2024-09-12,,,48,No,Escalated,Divya Reddy,Phone,
TKT-00141,CLI-0200,CloudShift Platform,Data Sync Error,High,2023-10-24,24-10-2023,4.0,8,Yes,Resolved,Karan Rao,Portal,4
TKT-02862,CLI-0244,SecureNet Suite,API Integration Failure,Low,2025-01-23,,,48,,Escalated,Kavya Iyer,Email,
TKT-03207,CLI-0015,DevOps Accelerator,onboarding support,Medium,2024-12-09,2024-12-09,22.2,24,Yes,Resolved,Ananya Joshi,Portal,4
TKT-02347,CLI-0050,AnalyticsEdge,Performance Lag,Low,2023-09-01,,,48,No,Open,Priya Patel,Phone,
TKT-01354,CLI-0232,AI Insights Module,onboarding support,High,2024-05-15,2024-05-15,2.8,8,Yes,Resolved,Pooja Patel,Email,
TKT-02451,CLI-0139,CloudShift Platform,Server Downtime,High,2024-07-10,2024-07-10,3.4,8,Yes,Resolved,Ananya Joshi,Chat,5
TKT-01184,CLI-0064,AI Insights Module,billing query,Low,04/30/2023,,,48,Yes,Escalated,Pooja Gupta,Portal,
TKT-00300,CLI-0210,AI Insights Module,API Integration Failure,High,2024-03-04,2024-03-04,7.1,8,Yes,Resolved,Rahul Das,Chat,2
TKT-02891,CLI-0045,DevOps Accelerator,Login Issue,High,2023-09-03,2023-09-03,16.7,8,No,Resolved,Pooja Iyer,Portal,4
TKT-02585,CLI-0121,AnalyticsEdge,Access Permission Issue,Critical,2023-09-13,2023-09-13,8.0,4,No,Resolved,Kavya Iyer,Portal,4
TKT-00659,CLI-0106,SecureNet Suite,Billing Query,Low,2025-01-20,,,48,No,In Progress,Pooja Iyer,Portal,
TKT-00314,CLI-0164,AnalyticsEdge,Access Permission Issue,Low,2023-01-24,,,48,No,In Progress,Rahul Das,Email,
TKT-02254,CLI-0048,DevOps Accelerator,Onboarding Support,High,2023-05-03,,,8,Yes,Open,Divya Reddy,Portal,
TKT-03809,CLI-0226,SecureNet Suite,Data Sync Error,Medium,2025-01-12,,,24,No,In Progress,Deepika Mishra,Chat,
TKT-01349,CLI-0235,DataVault Pro,Report Inaccuracy,Medium,2025-03-31,2025-04-02,56.6,24,No,Resolved,Karan Rao,Email,4
TKT-00844,CLI-0271,DevOps Accelerator,Billing Query,Medium,11/23/2024,,,24,No,Open,Arjun Mishra,Phone,
TKT-00761,CLI-0166,DevOps Accelerator,API Integration Failure,Low,2024-07-05,,,48,Yes,In Progress,Pooja Patel,Email,
TKT-01532,CLI-0150,AnalyticsEdge,Feature Request,Critical,2024-08-12,2024-08-12,7.0,4,No,Resolved,Rahul Das,Portal,5
TKT-00249,CLI-0127,CloudShift Platform,Security Alert,High,2024-01-17,2024-01-17,4.9,8,Yes,Resolved,,Phone,2
TKT-01286,CLI-0121,DataVault Pro,Onboarding Support,Low,03/10/2025,2025-03-11,42.1,48,Yes,Resolved,Pooja Patel,Email,4
TKT-00462,CLI-0213,SecureNet Suite,Login Issue,High,2024-10-24,,,8,,In Progress,Manish Nair,Chat,
TKT-03875,CLI-0092,DevOps Accelerator,Billing Query,High,2024-10-08,,,8,Yes,In Progress,Siddharth Reddy,Phone,
TKT-03599,CLI-0007,AI Insights Module,Dashboard Bug,Medium,2024-03-21,2024-03-22,46.1,24,No,Resolved,Rahul Das,Phone,4
TKT-02501,CLI-0080,CloudShift Platform,Security Alert,High,2023-07-29,2023-07-29,7.0,8,Yes,Resolved,Neha Gupta,Email,4
TKT-02887,CLI-0244,DataVault Pro,Performance Lag,Low,2023-10-10,2023-10-14,108.2,48,No,Resolved,Neha Gupta,Portal,4
TKT-01835,CLI-0217,AnalyticsEdge,Onboarding Support,Medium,2024-04-16,2024-04-17,42.5,24,No,Resolved,Nikhil Reddy,Chat,5
TKT-02115,CLI-0256,AI Insights Module,api integration failure,Medium,2025-01-20,,,24,Yes,In Progress,Manish Nair,Portal,
TKT-03345,CLI-0013,AI Insights Module,Feature Request,Medium,2023-05-04,,,24,No,Escalated,Siddharth Reddy,Phone,
TKT-00282,CLI-0219,DataVault Pro,Dashboard  Bug,Medium,03/03/2024,03-03-2024,20.5,24,Yes,Resolved,,Portal,4
TKT-01768,CLI-0111,CloudShift Platform,Performance Lag,Medium,2023-09-05,,,24,No,In Progress,Divya Reddy,Chat,
TKT-01143,CLI-0179,AI Insights Module,Security Alert,Medium,2024-01-30,2024-01-30,22.0,24,Yes,Resolved,Nikhil Reddy,Phone,3
TKT-03314,CLI-0142,CloudShift Platform,Security Alert,Critical,2023-04-08,2023-04-08,7.4,4,No,Resolved,Deepika Mishra,Email,5
TKT-00890,CLI-0056,CloudShift Platform,Performance Lag,Medium,2024-01-09,2024-01-11,53.4,24,No,Resolved,Nikhil Reddy,Email,4
TKT-02423,CLI-0040,SecureNet Suite,Access Permission Issue,Low,03/14/2025,2025-03-18,96.9,48,No,Resolved,Nikhil Mehta,Portal,4
TKT-01496,CLI-0102,AnalyticsEdge,Security Alert,High,2024-12-07,,,8,Yes,Open,Pooja Patel,Email,
TKT-03500,CLI-0033,DataVault Pro,Report Inaccuracy,High,07/17/2023,2023-07-17,9.9,8,No,Resolved,Manish Nair,Chat,
TKT-03756,CLI-0139,SecureNet Suite,Report Inaccuracy,Medium,2023-09-11,2023-09-11,21.2,24,Yes,Resolved,Ananya Joshi,Portal,4
TKT-00225,CLI-0087,DevOps Accelerator,Onboarding Support,High,2024-05-06,2024-05-06,3.1,8,Yes,Resolved,Nikhil Reddy,Phone,
TKT-03290,CLI-0201,CloudShift Platform,Data Sync Error,Critical,2024-04-03,2024-04-03,1.3,4,Yes,Resolved,Nikhil Reddy,Phone,4
TKT-03040,CLI-0151,CloudShift Platform,Access Permission Issue,Medium,2023-03-17,2023-03-19,55.1,24,No,Resolved,Priya Nair,Email,
TKT-03073,CLI-0081,AnalyticsEdge,Performance Lag,Low,2024-11-27,,,48,Yes,In Progress,Karan Gupta,Email,
TKT-00630,CLI-0161,DevOps Accelerator,Access Permission Issue,Low,2024-11-09,2024-11-12,75.9,48,No,Resolved,Pooja Gupta,Chat,3
TKT-02897,CLI-0151,DevOps Accelerator,Access Permission Issue,Medium,2023-06-04,2023-06-04,20.7,24,Yes,Resolved,Pooja Patel,Portal,4
TKT-02508,CLI-0222,CloudShift Platform,Server Downtime,High,2024-05-23,2024-05-23,7.1,8,Yes,Resolved,Kavya Iyer,Email,3
TKT-02669,CLI-0125,AI Insights Module,API Integration Failure,Low,2024-04-06,2024-04-10,105.6,48,No,Resolved,Priya Nair,Portal,3
TKT-03368,CLI-0083,SecureNet Suite,Server Downtime,High,2025-01-27,,,8,No,Open,Nikhil Mehta,Chat,
TKT-03602,CLI-0105,SecureNet Suite,Access Permission Issue,High,2024-02-05,2024-02-05,4.7,8,Yes,Resolved,Arjun Mishra,Phone,3
TKT-02248,CLI-0043,SecureNet Suite,Access Permission Issue,Critical,2023-05-07,,,4,No,Escalated,Pooja Gupta,Portal,
TKT-02760,CLI-0026,SecureNet Suite,Security Alert,Low,2023-05-22,,,48,Yes,Escalated,Arjun Mishra,Portal,
TKT-01231,CLI-0029,CloudShift Platform,Data Sync Error,Low,01/13/2023,2023-01-15,58.4,48,No,Resolved,Rahul Das,Phone,4
TKT-02470,CLI-0110,CloudShift Platform,Server Downtime,Low,2023-02-17,2023-02-17,9.6,48,Yes,Resolved,Rahul Das,Phone,3
TKT-02288,CLI-0153,DevOps Accelerator,Performance Lag,Medium,12/08/2024,2024-12-08,6.9,24,Yes,Resolved,Divya Reddy,Email,4
TKT-02271,CLI-0126,SecureNet Suite,API Integration Failure,Medium,2024-03-06,,,24,Yes,In Progress,Manish Nair,Email,
TKT-01430,CLI-0183,DataVault Pro,Onboarding Support,Medium,2023-05-18,2023-05-20,56.0,24,No,Resolved,Neha Gupta,Email,4
TKT-02832,CLI-0247,AI Insights Module,Onboarding Support,High,2023-05-07,2023-05-07,6.7,8,Yes,Resolved,Pooja Gupta,Chat,3
TKT-03410,CLI-0152,CloudShift Platform,Dashboard Bug,Low,2024-08-22,,,48,No,Escalated,Arjun Mishra,Portal,
TKT-01725,CLI-0261,SecureNet Suite,Report Inaccuracy,Medium,11/05/2023,,,24,Yes,In Progress,Karan Gupta,Portal,
TKT-02759,CLI-0011,DataVault Pro,Dashboard Bug,Medium,2023-04-20,2023-04-21,47.7,24,No,Resolved,Deepika Mishra,Phone,2
TKT-03114,CLI-0186,AI Insights Module,Feature Request,High,2023-11-30,2023-11-30,18.3,8,No,Resolved,Nikhil Reddy,Email,3
TKT-01924,CLI-0265,DevOps Accelerator,Server Downtime,Critical,2024-11-14,2024-11-14,9.3,4,,Resolved,Neha Gupta,Phone,3
TKT-03718,CLI-0190,SecureNet Suite,Access Permission Issue,Medium,2025-02-04,2025-02-04,0.5,24,Yes,Resolved,Arjun Mishra,Email,3
TKT-03295,CLI-0151,DevOps Accelerator,Data Sync Error,Medium,09/13/2024,2024-09-14,36.7,24,No,Resolved,Karan Rao,Email,5
TKT-02710,CLI-0166,AI Insights Module,Performance Lag,Medium,2023-04-22,,,24,No,In Progress,Divya Verma,Phone,
TKT-02581,CLI-0037,SecureNet Suite,Report Inaccuracy,Low,2024-10-28,2024-10-29,37.9,48,Yes,Resolved,Kavya Iyer,Chat,1
TKT-02753,CLI-0041,CloudShift Platform,Onboarding Support,Medium,2023-03-16,,,24,No,In Progress,Karan Gupta,Phone,
TKT-03710,CLI-0110,DataVault Pro,Data Sync Error,High,2025-03-27,,,8,Yes,Escalated,Nikhil Reddy,Phone,
TKT-00524,CLI-0102,DevOps Accelerator,Dashboard Bug,High,2024-06-02,,,8,No,Open,Divya Verma,Phone,
TKT-00864,CLI-0175,SecureNet Suite,Login Issue,Medium,2023-04-10,,,24,Yes,Open,Priya Nair,Portal,
TKT-01309,CLI-0133,CloudShift Platform,Report Inaccuracy,High,2023-07-30,,,8,No,Escalated,Pooja Patel,Chat,
TKT-02723,CLI-0027,AnalyticsEdge,Onboarding Support,Medium,2024-06-04,2024-06-05,32.4,24,No,Resolved,Pooja Iyer,Phone,4
TKT-03980,CLI-0088,AnalyticsEdge,Performance Lag,Low,2023-02-27,,,48,Yes,In Progress,Divya Reddy,Phone,
TKT-01713,CLI-0094,DataVault Pro,Data Sync Error,High,2023-12-30,2023-12-30,7.3,8,Yes,Resolved,Manish Nair,Phone,3
TKT-01042,CLI-0143,CloudShift Platform,Data Sync Error,Medium,2023-08-02,,,24,Yes,Open,Nikhil Mehta,Phone,
TKT-02408,CLI-0228,DataVault Pro,Performance Lag,High,2025-02-11,2025-02-11,17.1,8,No,Resolved,Arjun Mishra,Phone,2
TKT-03628,CLI-0179,DevOps Accelerator,Feature Request,Medium,2024-10-17,2024-10-18,35.6,24,No,Resolved,Manish Nair,Portal,3
TKT-00046,CLI-0201,SecureNet Suite,API Integration Failure,Medium,2024-05-06,2024-05-07,33.9,24,No,Resolved,Manish Nair,Email,5
TKT-00484,CLI-0089,CloudShift Platform,Billing Query,Low,07/14/2023,,,48,No,In Progress,Karan Rao,Portal,
TKT-01918,CLI-0078,DataVault Pro,Security Alert,High,2023-10-29,2023-10-29,11.0,8,No,Resolved,Manish Nair,Chat,1
TKT-01763,CLI-0177,DevOps Accelerator,Access Permission Issue,High,2024-06-04,,,8,No,Escalated,Nikhil Mehta,Phone,
TKT-03157,CLI-0101,SecureNet Suite,Data Sync Error,Critical,2024-06-20,2024-06-20,3.5,4,Yes,Resolved,Arjun Mishra,Phone,4
TKT-00189,CLI-0192,AnalyticsEdge,Performance Lag,Critical,2023-10-03,,,4,No,In Progress,Rahul Das,Email,
TKT-03831,CLI-0042,AnalyticsEdge,Performance Lag,Critical,2023-05-24,2023-05-24,7.8,4,No,Resolved,,Chat,5
TKT-03166,CLI-0222,DataVault Pro,Server Downtime,Medium,2023-04-09,2023-04-09,5.3,24,Yes,Resolved,Divya Verma,Phone,5
TKT-00478,CLI-0212,DevOps Accelerator,Server Downtime,Low,2023-11-17,,,48,No,Escalated,Kavya Iyer,Email,
TKT-01876,CLI-0003,SecureNet Suite,Performance Lag,Low,2025-02-09,,,48,Yes,Open,Pooja Gupta,Email,
TKT-02836,CLI-0064,AnalyticsEdge,Onboarding Support,Medium,2023-09-23,,,24,No,In Progress,Karan Gupta,Portal,
TKT-02780,CLI-0244,DevOps Accelerator,Onboarding Support,Critical,2023-12-14,2023-12-14,9.1,4,No,Resolved,Ananya Joshi,Phone,1
TKT-02789,CLI-0084,DevOps Accelerator,Billing Query,Low,2024-05-09,2024-05-11,68.1,48,No,Resolved,Priya Nair,Email,4
TKT-02510,CLI-0108,AI Insights Module,Onboarding Support,Low,2024-08-26,,,48,,Open,Arjun Mishra,Portal,
TKT-02053,CLI-0212,DevOps Accelerator,Login Issue,Critical,2023-05-22,2023-05-22,1.7,4,Yes,Resolved,Karan Gupta,Phone,4
TKT-00275,CLI-0238,AnalyticsEdge,Performance Lag,Medium,2024-09-19,,,24,No,In Progress,Priya Patel,Email,
TKT-01455,CLI-0088,CloudShift Platform,Onboarding Support,Low,2024-04-07,,,48,Yes,In Progress,Priya Patel,Portal,
TKT-00584,CLI-0122,DataVault Pro,Dashboard  Bug,Critical,2024-04-14,,,4,No,Escalated,Kavya Iyer,Email,
TKT-01431,CLI-0227,AI Insights Module,Billing Query,Critical,2023-07-20,,,4,No,Open,Manish Nair,Phone,
TKT-00262,CLI-0078,SecureNet Suite,Onboarding Support,,2025-03-13,2025-03-14,43.3,24,No,Resolved,Priya Patel,Chat,
TKT-03915,CLI-0228,DataVault Pro,Security Alert,,04/16/2024,2024-04-16,4.6,8,,Resolved,Manish Nair,Phone,3
TKT-01607,CLI-0186,SecureNet Suite,Billing Query,High,2025-02-12,,,8,No,In Progress,Pooja Gupta,Chat,
TKT-03502,CLI-0140,DataVault Pro,Server Downtime,Medium,2024-04-27,2024-04-27,3.6,24,Yes,Resolved,Karan Gupta,Chat,3
TKT-00376,CLI-0282,DataVault Pro,Billing Query,Low,2024-01-10,,,48,No,In Progress,Rahul Das,Email,
TKT-02174,CLI-0088,CloudShift Platform,Performance Lag,Low,2024-03-27,,,48,Yes,Escalated,Deepika Mishra,Phone,
TKT-00243,CLI-0065,AI Insights Module,Security Alert,Medium,2024-01-26,2024-01-26,20.6,24,Yes,Resolved,Manish Nair,Phone,5
TKT-00550,CLI-0095,SecureNet Suite,Security Alert,High,2024-12-23,2024-12-23,4.3,8,Yes,Resolved,Arjun Mishra,Phone,3
TKT-01098,CLI-0076,SecureNet Suite,Server Downtime,Medium,04/24/2024,,,24,No,In Progress,Kavya Iyer,Chat,
TKT-02774,CLI-0020,DevOps Accelerator,Onboarding Support,Low,2023-09-03,,,48,No,Escalated,Pooja Patel,Chat,
TKT-03658,CLI-0088,AnalyticsEdge,Server Downtime,Low,2024-05-05,,,48,No,In Progress,Siddharth Reddy,Portal,
TKT-00855,CLI-0159,DataVault Pro,Server Downtime,Critical,2023-04-09,2023-04-09,5.8,4,No,Resolved,Manish Nair,Chat,2
TKT-02731,CLI-0031,DevOps Accelerator,Dashboard Bug,Low,2023-06-07,2023-06-10,85.7,48,No,Resolved,Ananya Joshi,Chat,2
TKT-01944,CLI-0044,DataVault Pro,Data Sync Error,Critical,07/13/2024,,,4,No,Open,Divya Reddy,Email,
TKT-01502,CLI-0208,AI Insights Module,API Integration Failure,High,2024-09-30,,,8,No,Open,Manish Nair,Phone,
TKT-02390,CLI-0083,AI Insights Module,Access Permission Issue,Medium,2024-05-05,,,24,Yes,Open,,Chat,
TKT-01966,CLI-0059,DevOps Accelerator,Report Inaccuracy,Medium,2024-02-17,2024-02-18,30.6,24,No,Resolved,Divya Verma,Portal,4
TKT-02961,CLI-0280,AnalyticsEdge,Security Alert,Medium,2024-09-11,2024-09-12,32.3,24,No,Resolved,Neha Gupta,Chat,5
TKT-02081,CLI-0059,AI Insights Module,Performance Lag,High,2023-04-24,,,8,Yes,In Progress,Priya Patel,Portal,
TKT-00552,CLI-0125,DataVault Pro,Login Issue,Low,2024-02-01,,,48,Yes,Escalated,Priya Patel,Email,
TKT-02968,CLI-0191,SecureNet Suite,Performance Lag,Medium,06/24/2023,,,24,No,Open,Rahul Das,Phone,
TKT-00774,CLI-0091,AnalyticsEdge,Dashboard Bug,High,2024-03-21,2024-03-21,15.1,8,No,Resolved,Nikhil Reddy,Email,3
TKT-00949,CLI-0152,AnalyticsEdge,Access Permission Issue,High,2023-03-23,2023-03-23,17.7,8,No,Resolved,Siddharth Reddy,Chat,3
TKT-03388,CLI-0097,SecureNet Suite,Dashboard Bug,Medium,2023-03-29,,,24,Yes,Open,Kavya Iyer,Email,
TKT-02033,CLI-0285,CloudShift Platform,Dashboard Bug,High,2024-03-01,,,8,Yes,Open,Rahul Das,Phone,
TKT-03536,CLI-0084,CloudShift Platform,Feature Request,Medium,2023-02-04,04-02-2023,18.8,24,Yes,Resolved,Rahul Das,Email,4
TKT-01060,CLI-0278,SecureNet Suite,Onboarding Support,High,2023-07-03,,,8,,In Progress,Karan Gupta,Email,
TKT-02773,CLI-0185,AI Insights Module,Billing Query,Low,2023-06-01,,,48,Yes,Escalated,Divya Verma,Phone,
TKT-00474,CLI-0002,AI Insights Module,Server Downtime,Medium,2023-09-29,2023-10-01,54.5,24,No,Resolved,Rahul Das,Portal,3
TKT-02334,CLI-0012,AI Insights Module,Performance Lag,Medium,12/30/2024,,,24,Yes,Escalated,Priya Nair,Chat,
TKT-00460,CLI-0287,DataVault Pro,Performance Lag,High,2024-05-10,2024-05-10,1.5,8,Yes,Resolved,Nikhil Reddy,Portal,4
TKT-01943,CLI-0140,SecureNet Suite,Access Permission Issue,Medium,2023-08-11,,,24,Yes,Open,Nikhil Reddy,Email,
TKT-00330,CLI-0192,AI Insights Module,Feature Request,Medium,2024-10-21,,,24,Yes,In Progress,Pooja Gupta,Phone,
TKT-02093,CLI-0020,AnalyticsEdge,Performance Lag,Medium,2023-04-02,2023-04-02,5.2,24,Yes,Resolved,Kavya Iyer,Phone,5
TKT-01796,CLI-0101,AnalyticsEdge,Data  Sync  Error,High,2025-01-04,2025-01-04,10.3,8,No,Resolved,Deepika Mishra,Phone,3
TKT-00579,CLI-0078,DevOps Accelerator,Access Permission Issue,Medium,2023-05-10,,,24,No,In Progress,Kavya Iyer,Portal,
TKT-02374,CLI-0046,AI Insights Module,Dashboard Bug,High,2024-09-09,2024-09-09,17.5,8,No,Resolved,Divya Reddy,Portal,4
TKT-00862,CLI-0033,AI Insights Module,Access Permission Issue,Medium,2024-12-12,,,24,No,In Progress,Ananya Joshi,Chat,
TKT-02561,CLI-0187,DevOps Accelerator,Security Alert,Critical,2024-07-08,,,4,No,Escalated,Ananya Joshi,Chat,
TKT-03463,CLI-0027,AnalyticsEdge,Login Issue,Low,2025-02-12,2025-02-12,1.6,48,Yes,Resolved,Karan Rao,Email,4
TKT-03125,CLI-0067,AnalyticsEdge,Dashboard Bug,High,10/11/2024,2024-10-11,9.5,8,No,Resolved,Neha Gupta,Email,4
TKT-01681,CLI-0188,AI Insights Module,Billing Query,Medium,2023-05-14,,,24,Yes,Open,Kavya Iyer,Phone,
TKT-02899,CLI-0059,CloudShift Platform,Performance Lag,,2023-02-18,2023-02-18,8.1,8,No,Resolved,Neha Gupta,Phone,5
TKT-02590,CLI-0085,SecureNet Suite,Login Issue,High,2024-05-11,2024-05-11,4.9,8,,Resolved,Karan Rao,Portal,
TKT-03350,CLI-0066,DevOps Accelerator,Billing Query,Critical,2023-03-03,2023-03-03,5.3,4,No,Resolved,Priya Nair,Chat,5
TKT-01193,CLI-0179,AI Insights Module,Security Alert,High,2024-03-14,,,8,No,In Progress,Priya Patel,Email,
TKT-03131,CLI-0150,SecureNet Suite,Dashboard Bug,High,2024-04-27,2024-04-27,17.6,8,No,Resolved,Karan Gupta,Portal,5
TKT-02548,CLI-0059,CloudShift Platform,login issue,Medium,2024-11-08,2024-11-09,29.7,24,No,Resolved,Arjun Mishra,Email,4
TKT-03021,CLI-0158,SecureNet Suite,Performance Lag,High,2024-02-17,,,8,Yes,Escalated,Siddharth Reddy,Portal,
TKT-01568,CLI-0246,AI Insights Module,API Integration Failure,High,2023-12-03,2023-12-03,1.5,8,Yes,Resolved,Karan Gupta,Phone,3
TKT-00684,CLI-0257,AI Insights Module,Billing Query,Medium,2024-03-29,2024-03-30,25.7,24,No,Resolved,Pooja Iyer,Email,
TKT-03786,CLI-0233,AI Insights Module,Data Sync Error,Medium,2024-10-10,2024-10-10,13.7,24,Yes,Resolved,Rahul Das,Portal,4
TKT-00182,CLI-0089,SecureNet Suite,Access Permission Issue,Low,2023-08-04,2023-08-06,49.9,48,,Resolved,Kavya Iyer,Email,5
TKT-02876,CLI-0261,AnalyticsEdge,Login Issue,Low,2025-01-04,,,48,No,In Progress,Divya Verma,Portal,
TKT-01868,CLI-0173,SecureNet Suite,Feature Request,Low,2024-04-30,,,48,Yes,In Progress,Deepika Mishra,Phone,
TKT-03841,CLI-0279,AI Insights Module,Report Inaccuracy,Medium,2024-03-10,2024-03-10,9.0,24,Yes,Resolved,Priya Nair,Phone,4
TKT-03511,CLI-0025,AI Insights Module,Billing Query,High,2023-02-13,2023-02-13,12.2,8,No,Resolved,Kavya Iyer,Portal,5
TKT-03993,CLI-0130,AnalyticsEdge,Onboarding Support,Medium,2023-04-19,,,24,No,Escalated,Ananya Joshi,Portal,
TKT-02941,CLI-0108,AnalyticsEdge,Server Downtime,Medium,2023-09-27,2023-09-29,50.3,24,No,Resolved,Nikhil Mehta,Phone,
TKT-03862,CLI-0161,DevOps Accelerator,security alert,Medium,2024-07-04,,,24,No,Open,Priya Patel,Portal,
TKT-02779,CLI-0127,DevOps Accelerator,Performance Lag,Low,2023-12-24,,,48,No,Open,Divya Reddy,Email,
TKT-02213,CLI-0223,DevOps Accelerator,Login Issue,High,2023-07-06,2023-07-06,9.3,8,No,Resolved,,Chat,1
TKT-01801,CLI-0084,DataVault Pro,Login Issue,Medium,2023-10-29,2023-10-30,45.5,24,No,Resolved,Divya Verma,Phone,4
TKT-03051,CLI-0043,AI Insights Module,Dashboard Bug,High,2025-02-13,,,8,Yes,In Progress,Pooja Patel,Chat,
TKT-02058,CLI-0218,DataVault Pro,Security Alert,High,2024-01-12,2024-01-12,4.1,8,Yes,Resolved,Divya Verma,Phone,4
TKT-01000,CLI-0225,CloudShift Platform,Dashboard Bug,Medium,2024-12-17,,,24,Yes,Escalated,Pooja Patel,Portal,
TKT-00595,CLI-0247,AI Insights Module,Onboarding Support,Critical,2023-06-22,2023-06-22,0.7,4,,Resolved,Priya Patel,Phone,5
TKT-02720,CLI-0083,DevOps Accelerator,dashboard bug,High,2023-11-03,,,8,No,Open,Ananya Joshi,Portal,
TKT-02346,CLI-0154,AI Insights Module,Billing Query,Low,2025-02-15,2025-02-16,30.8,48,Yes,Resolved,Ananya Joshi,Portal,4
TKT-00966,CLI-0300,CloudShift Platform,Report Inaccuracy,Medium,2023-11-29,2023-11-30,37.8,24,No,Resolved,Priya Patel,Chat,5
TKT-03328,CLI-0080,SecureNet Suite,Security Alert,Low,2025-01-08,09-01-2025,25.8,48,Yes,Resolved,Pooja Patel,Chat,1
TKT-02758,CLI-0295,AnalyticsEdge,Report Inaccuracy,High,2024-06-05,2024-06-05,18.4,8,No,Resolved,Pooja Patel,Phone,3
TKT-03048,CLI-0109,AnalyticsEdge,Report Inaccuracy,High,2023-09-21,,,8,Yes,Escalated,Divya Reddy,Phone,
TKT-02953,CLI-0001,CloudShift Platform,Dashboard Bug,High,2025-03-06,,,8,No,In Progress,Divya Reddy,Portal,
TKT-01585,CLI-0144,DevOps Accelerator,Data Sync Error,Medium,2023-10-31,2023-11-01,30.3,24,No,Resolved,Priya Patel,Phone,4
TKT-03495,CLI-0280,AI Insights Module,Performance Lag,Low,2023-11-15,2023-11-16,27.6,48,Yes,Resolved,Karan Rao,Chat,4
TKT-00640,CLI-0238,DataVault Pro,Data Sync Error,Medium,2023-10-02,,,24,No,In Progress,Divya Verma,Chat,
TKT-01604,CLI-0212,DataVault Pro,Dashboard Bug,High,2023-01-23,,,8,,In Progress,Divya Verma,Chat,
TKT-02124,CLI-0036,SecureNet Suite,Server Downtime,Low,2024-09-09,,,48,No,Open,Arjun Mishra,Portal,
TKT-00307,CLI-0089,DevOps Accelerator,Feature Request,Low,2024-07-02,,,48,No,Open,Divya Verma,Portal,
TKT-00483,CLI-0278,SecureNet Suite,API Integration Failure,Medium,2023-12-21,2023-12-23,55.7,24,No,Resolved,Neha Gupta,Portal,5
TKT-00385,CLI-0135,AI Insights Module,Billing Query,Medium,2024-04-04,,,24,Yes,Open,Karan Rao,Portal,
TKT-03734,CLI-0001,AI Insights Module,Billing Query,High,2023-11-03,2023-11-03,8.0,8,Yes,Resolved,Priya Patel,Email,5
TKT-00461,CLI-0180,AnalyticsEdge,Performance Lag,High,2024-08-12,,,8,No,Escalated,Divya Verma,Portal,
TKT-01803,CLI-0223,CloudShift Platform,Dashboard Bug,Medium,2024-10-10,,,24,No,In Progress,Pooja Gupta,Portal,
TKT-01416,CLI-0075,CloudShift Platform,Data Sync Error,Low,2023-11-23,2023-11-27,104.5,48,No,Resolved,Manish Nair,Chat,1
TKT-03829,CLI-0072,AI Insights Module,Report Inaccuracy,High,2023-11-28,,,8,Yes,In Progress,Manish Nair,Portal,
TKT-02738,CLI-0187,AI Insights Module,Data Sync Error,,2024-11-28,2024-11-28,19.5,8,No,Resolved,Karan Rao,Email,4
TKT-02603,CLI-0120,AI Insights Module,Feature Request,High,2023-06-26,,,8,Yes,Escalated,Pooja Iyer,Chat,
TKT-01824,CLI-0182,DevOps Accelerator,Server Downtime,Medium,2024-03-19,2024-03-19,14.5,24,Yes,Resolved,Rahul Das,Email,3
TKT-01278,CLI-0228,SecureNet Suite,Report Inaccuracy,High,2024-09-18,2024-09-18,9.3,8,No,Resolved,Neha Gupta,Chat,1
TKT-02087,CLI-0047,DevOps Accelerator,Feature Request,High,2023-01-08,,,8,No,In Progress,,Email,
TKT-02096,CLI-0113,DevOps Accelerator,Performance Lag,Medium,2023-05-31,,,24,No,Open,Nikhil Mehta,Email,
TKT-02349,CLI-0274,DataVault Pro,Data Sync Error,Critical,2025-03-28,,,4,No,In Progress,Priya Patel,Phone,
TKT-00214,CLI-0134,DevOps Accelerator,Onboarding Support,Medium,2023-03-06,,,24,Yes,Open,Deepika Mishra,Email,
TKT-03019,CLI-0266,CloudShift Platform,Onboarding Support,High,2024-06-11,2024-06-11,9.1,8,No,Resolved,Nikhil Reddy,Chat,4
TKT-01130,CLI-0043,DevOps Accelerator,Onboarding Support,Medium,2024-07-04,2024-07-04,12.4,24,Yes,Resolved,Divya Verma,Phone,4
TKT-03585,CLI-0131,DevOps Accelerator,Feature Request,Low,2024-07-12,,,48,Yes,In Progress,Rahul Das,Chat,
TKT-01819,CLI-0206,AI Insights Module,Feature Request,High,2024-06-23,2024-06-23,13.7,8,No,Resolved,Karan Gupta,Portal,4
TKT-03793,CLI-0207,DevOps Accelerator,Data Sync Error,Medium,2023-12-23,,,24,No,In Progress,Manish Nair,Email,
TKT-03870,CLI-0186,SecureNet Suite,Data Sync Error,High,2024-11-07,,,8,Yes,In Progress,Manish Nair,Portal,
TKT-01535,CLI-0042,DataVault Pro,Server Downtime,Medium,2024-11-20,,,24,No,Open,Kavya Iyer,Email,
TKT-02018,CLI-0066,AI Insights Module,Security Alert,Low,2023-11-25,2023-11-27,67.9,48,No,Resolved,Pooja Patel,Email,4
TKT-03193,CLI-0110,DevOps Accelerator,Dashboard Bug,Medium,2024-11-06,2024-11-06,10.5,24,Yes,Resolved,Divya Verma,Email,4
TKT-01249,CLI-0284,SecureNet Suite,Login Issue,Medium,2024-02-14,,,24,Yes,Open,Karan Gupta,Chat,
TKT-00861,CLI-0297,DataVault Pro,Login Issue,High,2023-11-18,2023-11-18,13.4,8,No,Resolved,Neha Gupta,Portal,4
TKT-00338,CLI-0235,DevOps Accelerator,Security Alert,High,2025-01-06,,,8,Yes,In Progress,Nikhil Reddy,Portal,
TKT-01767,CLI-0241,AnalyticsEdge,Data Sync Error,High,2025-01-13,,,8,,In Progress,Deepika Mishra,Email,
TKT-02109,CLI-0150,AI Insights Module,Billing Query,High,2023-04-22,,,8,Yes,Escalated,Rahul Das,Portal,
TKT-03839,CLI-0258,AnalyticsEdge,Access Permission Issue,Medium,2023-08-20,2023-08-21,47.1,24,No,Resolved,Siddharth Reddy,Phone,
TKT-03879,CLI-0138,AnalyticsEdge,Report Inaccuracy,Low,2023-12-16,2023-12-17,24.2,48,Yes,Resolved,Nikhil Reddy,Phone,2
TKT-02102,CLI-0058,CloudShift Platform,Feature Request,Medium,2024-05-14,,,24,Yes,Escalated,Karan Gupta,Phone,
TKT-02955,CLI-0034,SecureNet Suite,Feature Request,Low,2023-12-23,,,48,Yes,Escalated,Nikhil Mehta,Email,
TKT-00815,CLI-0062,CloudShift Platform,Security Alert,Low,2024-09-30,2024-10-02,68.0,48,No,Resolved,Karan Rao,Chat,4
TKT-02677,CLI-0300,AI Insights Module,Data Sync Error,Medium,2024-12-19,2024-12-20,31.8,24,No,Resolved,Ananya Joshi,Portal,1
TKT-02309,CLI-0260,DevOps Accelerator,Login Issue,Low,2023-03-29,,,48,No,Escalated,Priya Patel,Phone,
TKT-01118,CLI-0019,CloudShift Platform,access permission issue,Critical,2024-03-22,2024-03-22,7.0,4,No,Resolved,Arjun Mishra,Chat,2
TKT-02751,CLI-0097,AnalyticsEdge,Report Inaccuracy,Low,2024-05-20,22-05-2024,70.7,48,No,Resolved,Pooja Gupta,Phone,3
TKT-03181,CLI-0123,DataVault Pro,Performance Lag,Low,2023-01-11,2023-01-14,76.4,48,No,Resolved,,Email,5
TKT-00439,CLI-0136,DataVault Pro,dashboard bug,High,2023-04-08,2023-04-08,15.5,8,No,Resolved,Deepika Mishra,Chat,4
TKT-01653,CLI-0242,AI Insights Module,Server Downtime,Critical,2024-03-21,2024-03-21,1.2,4,Yes,Resolved,Nikhil Reddy,Email,2
TKT-03702,CLI-0046,AnalyticsEdge,Performance Lag,Low,2023-04-10,2023-04-11,36.2,48,Yes,Resolved,Deepika Mishra,Portal,4
TKT-02566,CLI-0004,AnalyticsEdge,Access  Permission  Issue,Low,2024-04-03,,,48,No,Escalated,Priya Patel,Email,
TKT-02667,CLI-0003,AnalyticsEdge,Access Permission Issue,Low,2024-04-17,,,48,No,In Progress,Pooja Iyer,Phone,
TKT-01566,CLI-0018,DataVault Pro,Feature Request,Medium,2024-08-21,,,24,No,In Progress,Siddharth Reddy,Chat,
TKT-01584,CLI-0199,DataVault Pro,Data Sync Error,Medium,2023-01-07,2023-01-07,2.0,24,Yes,Resolved,Manish Nair,Email,3
TKT-00690,CLI-0120,SecureNet Suite,dashboard bug,Low,2024-08-17,,,48,Yes,In Progress,,Email,
TKT-01954,CLI-0206,AI Insights Module,Login Issue,Medium,2024-08-29,2024-08-29,9.8,24,Yes,Resolved,Pooja Patel,Chat,4
TKT-01565,CLI-0224,DataVault Pro,Onboarding Support,High,2024-08-26,,,8,Yes,Open,Kavya Iyer,Portal,
TKT-02775,CLI-0045,DataVault Pro,Access Permission Issue,Critical,2023-02-27,2023-02-27,7.2,4,No,Resolved,Pooja Iyer,Portal,4
TKT-03848,CLI-0214,AI Insights Module,Report Inaccuracy,Medium,2024-11-24,2024-11-24,9.7,24,Yes,Resolved,Rahul Das,Portal,
TKT-00489,CLI-0134,DevOps Accelerator,Access Permission Issue,Medium,2023-09-27,2023-09-28,37.0,24,No,Resolved,Divya Verma,Portal,5
TKT-01004,CLI-0255,DevOps Accelerator,Feature Request,Medium,2023-04-03,,,24,Yes,Open,Divya Verma,Portal,
TKT-00846,CLI-0033,DevOps Accelerator,Security Alert,Low,2023-03-30,31-03-2023,45.0,48,Yes,Resolved,Pooja Iyer,Portal,4
TKT-02742,CLI-0100,AnalyticsEdge,dashboard bug,Low,2023-08-04,2023-08-07,75.6,48,No,Resolved,Rahul Das,Phone,4
TKT-00106,CLI-0113,AI Insights Module,API Integration Failure,Low,2024-04-12,2024-04-14,64.8,48,No,Resolved,Manish Nair,Phone,4
TKT-02321,CLI-0292,DevOps Accelerator,Performance Lag,Low,2023-08-05,,,48,No,In Progress,Ananya Joshi,Phone,
TKT-02175,CLI-0017,SecureNet Suite,Security Alert,High,2024-04-01,,,8,Yes,Open,Siddharth Reddy,Portal,
TKT-03939,CLI-0144,SecureNet Suite,Report Inaccuracy,Medium,2025-03-17,,,24,No,In Progress,Nikhil Reddy,Chat,
TKT-03339,CLI-0191,DataVault Pro,Access Permission Issue,High,2024-03-26,2024-03-26,2.7,8,Yes,Resolved,Pooja Gupta,Chat,3
TKT-00050,CLI-0255,AnalyticsEdge,Feature Request,Low,2025-02-22,2025-02-24,67.6,48,No,Resolved,Arjun Mishra,Phone,5
TKT-03415,CLI-0215,SecureNet Suite,Access Permission Issue,High,2023-12-01,2023-12-01,11.6,8,No,Resolved,Arjun Mishra,Chat,
TKT-03118,CLI-0014,DevOps Accelerator,Performance Lag,Low,2024-10-30,2024-10-31,47.3,48,Yes,Resolved,Neha Gupta,Email,
TKT-01268,CLI-0017,DataVault Pro,Onboarding Support,High,2024-02-08,,,8,No,Escalated,Karan Gupta,Email,
TKT-00422,CLI-0232,AnalyticsEdge,Access Permission Issue,Medium,2023-05-08,2023-05-08,20.5,24,Yes,Resolved,Divya Reddy,Email,4
TKT-03688,CLI-0288,SecureNet Suite,Security Alert,Medium,2023-03-11,2023-03-11,20.6,24,Yes,Resolved,Rahul Das,Portal,2
TKT-01892,CLI-0034,CloudShift Platform,Data Sync Error,Medium,2023-11-05,2023-11-05,7.5,24,Yes,Resolved,Pooja Patel,Chat,2
TKT-00590,CLI-0246,DataVault Pro,Security Alert,Medium,2023-03-11,,,24,No,In Progress,Ananya Joshi,Portal,
TKT-02370,CLI-0071,DevOps Accelerator,Security Alert,High,2023-06-26,2023-06-26,3.3,8,Yes,Resolved,Pooja Iyer,Portal,5
TKT-00319,CLI-0054,AI Insights Module,Performance Lag,Low,2024-11-30,,,48,No,In Progress,Deepika Mishra,Phone,
TKT-01392,CLI-0102,DataVault Pro,access permission issue,Low,2023-03-24,2023-03-24,10.8,48,Yes,Resolved,Deepika Mishra,Chat,4
TKT-02283,CLI-0114,AI Insights Module,Onboarding Support,Critical,2023-10-06,,,4,No,In Progress,Priya Nair,Email,
TKT-02413,CLI-0238,AI Insights Module,Dashboard Bug,Critical,2024-12-15,2024-12-15,4.5,4,No,Resolved,Divya Reddy,Chat,5
TKT-00676,CLI-0181,DataVault Pro,Performance Lag,Medium,2023-06-12,2023-06-13,39.0,24,No,Resolved,Priya Nair,Phone,
TKT-03733,CLI-0194,AnalyticsEdge,Feature Request,Low,2024-10-11,,,48,Yes,Escalated,Deepika Mishra,Email,
TKT-02818,CLI-0258,AnalyticsEdge,Feature Request,Low,2023-12-13,2023-12-16,87.0,48,No,Resolved,Pooja Iyer,Email,5
TKT-03738,CLI-0200,DevOps Accelerator,Login Issue,Low,2024-09-09,2024-09-11,67.6,48,No,Resolved,Neha Gupta,Chat,
TKT-03059,CLI-0280,AI Insights Module,API Integration Failure,Critical,2025-03-03,2025-03-03,4.8,4,No,Resolved,Divya Verma,Email,5
TKT-02579,CLI-0041,CloudShift Platform,Report Inaccuracy,Critical,2023-10-01,2023-10-01,4.9,4,No,Resolved,Pooja Iyer,Chat,3
TKT-02231,CLI-0296,SecureNet Suite,Server Downtime,Medium,2024-11-01,2024-11-03,54.1,24,No,Resolved,Arjun Mishra,Email,4
TKT-02580,CLI-0064,DataVault Pro,Dashboard Bug,Low,2024-09-26,2024-09-30,105.0,48,No,Resolved,Pooja Gupta,Chat,3
TKT-02202,CLI-0151,AnalyticsEdge,Data Sync Error,High,2024-08-09,,,8,Yes,In Progress,Rahul Das,Chat,
TKT-02977,CLI-0243,AI Insights Module,Feature Request,High,2024-04-05,2024-04-05,2.3,8,Yes,Resolved,Divya Verma,Chat,3
TKT-02013,CLI-0247,CloudShift Platform,Security Alert,Critical,2023-03-24,2023-03-24,7.7,4,No,Resolved,Ananya Joshi,Email,4
TKT-02147,CLI-0070,DevOps Accelerator,Performance Lag,Low,2023-07-20,2023-07-20,6.6,48,Yes,Resolved,Rahul Das,Portal,
TKT-03533,CLI-0204,DevOps Accelerator,Server Downtime,Medium,2023-01-14,,,24,No,Open,Kavya Iyer,Email,
TKT-01147,CLI-0142,AI Insights Module,API Integration Failure,High,2023-04-22,,,8,No,Open,Pooja Patel,Chat,
TKT-03819,CLI-0229,CloudShift Platform,Security  Alert,Low,2023-12-15,2023-12-19,115.1,48,No,Resolved,Divya Verma,Portal,
TKT-02494,CLI-0091,AnalyticsEdge,Billing Query,Low,2024-09-26,,,48,Yes,Open,Nikhil Reddy,Portal,
TKT-01501,CLI-0148,SecureNet Suite,Dashboard Bug,Low,2023-02-11,2023-02-12,40.5,48,Yes,Resolved,Priya Patel,Phone,4
TKT-01172,CLI-0270,DevOps Accelerator,Performance Lag,Critical,2023-10-07,,,4,Yes,Open,Arjun Mishra,Phone,
TKT-03977,CLI-0148,DevOps Accelerator,API Integration Failure,High,2024-09-12,2024-09-12,17.1,8,No,Resolved,Arjun Mishra,Portal,4
TKT-03714,CLI-0001,DevOps Accelerator,Feature Request,Critical,2024-06-19,2024-06-19,8.0,4,No,Resolved,Pooja Gupta,Portal,5
TKT-02558,CLI-0181,SecureNet Suite,Access Permission Issue,Medium,12/09/2024,2024-12-11,50.5,24,No,Resolved,Arjun Mishra,Portal,5
TKT-00838,CLI-0057,DevOps Accelerator,API Integration Failure,Medium,2024-03-21,,,24,No,In Progress,Priya Patel,Phone,
TKT-01848,CLI-0160,AnalyticsEdge,Data Sync Error,High,2024-10-11,2024-10-11,19.8,8,No,Resolved,Pooja Patel,Portal,5
TKT-03573,CLI-0143,AnalyticsEdge,Performance Lag,Low,2025-03-19,2025-03-22,82.7,48,No,Resolved,Divya Reddy,Chat,2
TKT-02842,CLI-0215,DevOps Accelerator,Report Inaccuracy,Low,2025-03-30,,,48,Yes,In Progress,Karan Rao,Phone,
TKT-00157,CLI-0218,AI Insights Module,Data Sync Error,Medium,2024-02-22,,,24,No,In Progress,,Chat,
TKT-03835,CLI-0199,AI Insights Module,Security  Alert,Medium,2025-03-15,2025-03-17,52.9,24,No,Resolved,Neha Gupta,Phone,
TKT-00218,CLI-0112,DevOps Accelerator,Billing Query,Medium,2025-02-13,2025-02-13,6.2,24,Yes,Resolved,Manish Nair,Email,3
TKT-02261,CLI-0152,DevOps Accelerator,Onboarding Support,Low,2023-03-07,2023-03-10,74.6,48,,Resolved,Karan Gupta,Phone,5
TKT-02085,CLI-0009,SecureNet Suite,Login Issue,Low,2024-09-25,2024-09-26,45.8,48,Yes,Resolved,Rahul Das,Portal,4
TKT-03179,CLI-0247,DataVault Pro,Security Alert,High,2023-06-04,2023-06-04,4.3,8,Yes,Resolved,Kavya Iyer,Chat,3
TKT-01599,CLI-0232,CloudShift Platform,Data Sync Error,Medium,2024-07-21,,,24,No,In Progress,Divya Reddy,Email,
TKT-01485,CLI-0263,CloudShift Platform,Dashboard Bug,Medium,01/13/2023,2023-01-14,40.9,24,No,Resolved,Karan Rao,Phone,4
TKT-01405,CLI-0095,DataVault Pro,Feature Request,Medium,2023-12-11,2023-12-12,32.0,24,No,Resolved,Rahul Das,Phone,4
TKT-02849,CLI-0146,DevOps Accelerator,API Integration Failure,High,10/29/2023,2023-10-29,16.6,8,No,Resolved,Rahul Das,Chat,2
TKT-01603,CLI-0179,AnalyticsEdge,API Integration Failure,Low,2023-10-06,,,48,Yes,In Progress,Neha Gupta,Email,
TKT-02466,CLI-0156,DataVault Pro,Onboarding Support,Medium,2025-02-04,2025-02-05,31.0,24,No,Resolved,,Chat,4
TKT-00128,CLI-0240,DataVault Pro,access permission issue,Medium,2024-10-17,,,24,No,In Progress,Deepika Mishra,Portal,
TKT-03106,CLI-0138,AnalyticsEdge,Data Sync Error,High,2024-11-25,2024-11-25,9.5,8,No,Resolved,Pooja Iyer,Chat,
TKT-02864,CLI-0258,DataVault Pro,Dashboard Bug,High,2023-06-02,,,8,No,In Progress,Pooja Iyer,Portal,
TKT-03112,CLI-0178,DataVault Pro,Performance Lag,Medium,2024-12-23,2024-12-24,33.8,24,No,Resolved,Manish Nair,Chat,4
TKT-03403,CLI-0261,DevOps Accelerator,Onboarding Support,Low,2023-03-03,2023-03-05,71.8,48,No,Resolved,Priya Patel,Portal,5
TKT-03916,CLI-0213,AnalyticsEdge,Billing Query,Medium,2024-02-24,2024-02-25,41.5,24,,Resolved,Nikhil Reddy,Phone,5
TKT-01774,CLI-0065,DataVault Pro,Dashboard Bug,Low,2023-01-15,2023-01-17,56.8,48,No,Resolved,Nikhil Reddy,Portal,5
TKT-01760,CLI-0195,DataVault Pro,Feature Request,Low,2024-06-16,,,48,No,Escalated,Arjun Mishra,Phone,
TKT-02872,CLI-0298,AI Insights Module,Report Inaccuracy,Medium,2023-11-08,2023-11-08,16.3,24,Yes,Resolved,Deepika Mishra,Phone,4
TKT-02754,CLI-0282,SecureNet Suite,Feature Request,Low,2024-06-03,,,48,Yes,Open,Deepika Mishra,Portal,
TKT-00242,CLI-0016,AI Insights Module,performance lag,Medium,2025-03-17,,,24,No,Open,Priya Patel,Email,
TKT-01024,CLI-0128,AnalyticsEdge,Security Alert,Low,2023-03-29,2023-04-02,102.3,48,No,Resolved,Rahul Das,Portal,
TKT-03175,CLI-0273,AI Insights Module,Login Issue,Medium,2023-01-07,,,24,Yes,In Progress,Neha Gupta,Email,
TKT-02763,CLI-0115,DataVault Pro,Access Permission Issue,Low,2024-05-30,2024-06-02,72.2,48,No,Resolved,Priya Patel,Phone,4
TKT-01970,CLI-0029,AnalyticsEdge,Access Permission Issue,High,2023-10-19,,,8,Yes,Escalated,Nikhil Reddy,Portal,
TKT-00204,CLI-0235,AnalyticsEdge,Server Downtime,High,2023-03-30,2023-03-30,12.1,8,No,Resolved,Karan Rao,Phone,
TKT-02278,CLI-0001,AnalyticsEdge,Billing Query,High,2025-02-05,2025-02-05,9.0,8,No,Resolved,Siddharth Reddy,Email,4
TKT-03074,CLI-0263,AI Insights Module,Data Sync Error,Low,2024-10-29,2024-11-01,86.2,48,No,Resolved,Manish Nair,Chat,4
TKT-01842,CLI-0111,AnalyticsEdge,Security Alert,Critical,2024-05-13,,,4,No,Escalated,Nikhil Reddy,Chat,
TKT-01198,CLI-0054,AnalyticsEdge,Access Permission Issue,Medium,2023-05-09,2023-05-09,10.6,24,Yes,Resolved,Kavya Iyer,Phone,
TKT-00043,CLI-0044,DataVault Pro,Data Sync Error,Critical,2024-09-11,11-09-2024,3.4,4,Yes,Resolved,Neha Gupta,Phone,4
TKT-00632,CLI-0160,SecureNet Suite,Report Inaccuracy,Medium,2023-02-01,2023-02-01,17.8,24,Yes,Resolved,Karan Gupta,Portal,
TKT-01058,CLI-0130,DevOps Accelerator,Report  Inaccuracy,Low,2024-01-15,,,48,No,Escalated,Rahul Das,Portal,
TKT-03745,CLI-0292,CloudShift Platform,Billing Query,Medium,2024-07-25,2024-07-26,27.2,24,No,Resolved,Deepika Mishra,Email,4
TKT-00892,CLI-0203,AI Insights Module,Access Permission Issue,Low,2024-12-05,2024-12-05,9.5,48,Yes,Resolved,Arjun Mishra,Portal,
TKT-01715,CLI-0094,AnalyticsEdge,Billing Query,Medium,2024-11-01,2024-11-03,52.2,24,No,Resolved,Karan Gupta,Email,2
TKT-03348,CLI-0182,DevOps Accelerator,Data Sync Error,Medium,2024-01-02,,,24,No,Escalated,Divya Reddy,Email,
TKT-02513,CLI-0070,DataVault Pro,Security Alert,Medium,2024-03-15,2024-03-17,55.8,24,No,Resolved,Pooja Patel,Portal,3
TKT-03906,CLI-0065,CloudShift Platform,Billing Query,Low,2023-04-07,2023-04-11,114.4,48,No,Resolved,Priya Nair,Email,5
TKT-03111,CLI-0253,AI Insights Module,Security Alert,Critical,2023-02-12,2023-02-12,9.5,4,No,Resolved,Pooja Patel,Phone,2
TKT-01246,CLI-0191,SecureNet Suite,API Integration Failure,Low,2023-09-26,,,48,No,Open,Karan Gupta,Chat,
TKT-01612,CLI-0144,SecureNet Suite,API Integration Failure,Low,2024-05-20,2024-05-22,59.9,48,No,Resolved,Rahul Das,Email,5
TKT-03776,CLI-0216,DevOps Accelerator,API Integration Failure,High,04/26/2023,2023-04-26,10.0,8,No,Resolved,Karan Rao,Email,
TKT-00799,CLI-0046,SecureNet Suite,API Integration Failure,Critical,2024-05-13,,,4,No,In Progress,Divya Reddy,Email,
TKT-02601,CLI-0183,AnalyticsEdge,Login Issue,Medium,2025-01-10,2025-01-11,38.3,24,No,Resolved,Nikhil Mehta,Phone,3
TKT-01350,CLI-0114,AI Insights Module,billing query,Critical,2025-03-21,,,4,Yes,Open,Pooja Gupta,Chat,
TKT-01996,CLI-0208,CloudShift Platform,Dashboard Bug,Low,2023-05-09,,,48,Yes,Open,Divya Reddy,Portal,
TKT-01202,CLI-0264,DevOps Accelerator,Data Sync Error,Critical,2025-02-15,2025-02-15,8.3,4,No,Resolved,Nikhil Reddy,Email,5
TKT-02746,CLI-0028,AI Insights Module,Server Downtime,High,2024-09-16,2024-09-16,13.4,8,No,Resolved,Divya Verma,Chat,1
TKT-01313,CLI-0210,DevOps Accelerator,Security Alert,Low,2024-08-26,2024-08-26,10.3,48,Yes,Resolved,Pooja Patel,Phone,3
TKT-01689,CLI-0244,DataVault Pro,Report Inaccuracy,Low,2024-11-18,2024-11-20,57.2,48,No,Resolved,Nikhil Mehta,Chat,
TKT-00806,CLI-0110,DevOps Accelerator,Security  Alert,Critical,2024-10-11,2024-10-11,6.8,4,No,Resolved,Kavya Iyer,Chat,3
TKT-02526,CLI-0278,DevOps Accelerator,API Integration Failure,High,2023-10-09,2023-10-09,14.6,8,No,Resolved,Priya Patel,Phone,3
TKT-02364,CLI-0208,DataVault Pro,Report Inaccuracy,Low,2025-01-31,,,48,No,In Progress,Pooja Gupta,Chat,
TKT-02269,CLI-0174,SecureNet Suite,Onboarding Support,High,2023-04-22,2023-04-22,15.6,8,No,Resolved,Pooja Patel,Email,3
TKT-01736,CLI-0179,AI Insights Module,Report Inaccuracy,Low,2023-04-12,2023-04-13,34.5,48,Yes,Resolved,Siddharth Reddy,Email,4
TKT-03023,CLI-0194,SecureNet Suite,Billing Query,Medium,2024-11-19,2024-11-20,31.9,24,No,Resolved,Neha Gupta,Portal,4
TKT-01179,CLI-0111,DataVault Pro,Data Sync Error,Medium,2024-04-25,,,24,Yes,In Progress,Pooja Patel,Email,
TKT-02552,CLI-0067,CloudShift Platform,Data Sync Error,Low,2025-03-13,2025-03-17,96.0,48,No,Resolved,Pooja Patel,Portal,4
TKT-03343,CLI-0164,AI Insights Module,Login Issue,,2023-09-17,2023-09-17,7.2,8,Yes,Resolved,Pooja Gupta,Email,4
TKT-02183,CLI-0292,SecureNet Suite,Access Permission Issue,Critical,2024-06-07,07-06-2024,5.7,4,No,Resolved,Manish Nair,Email,3
TKT-01779,CLI-0249,SecureNet Suite,Report Inaccuracy,Low,2023-03-14,,,48,Yes,Open,Kavya Iyer,Portal,
TKT-01530,CLI-0232,DevOps Accelerator,API Integration Failure,,2024-08-02,2024-08-02,16.9,24,Yes,Resolved,Divya Reddy,Email,4
TKT-03550,CLI-0075,DevOps Accelerator,Dashboard Bug,Low,2025-03-23,2025-03-25,59.8,48,No,Resolved,Priya Nair,Portal,
TKT-02608,CLI-0110,CloudShift Platform,Performance Lag,High,02/08/2024,2024-02-08,10.2,8,No,Resolved,Priya Patel,Email,
TKT-00088,CLI-0287,AI Insights Module,Feature Request,Medium,2024-08-09,2024-08-09,22.7,24,Yes,Resolved,Manish Nair,Phone,
TKT-01965,CLI-0172,AnalyticsEdge,Dashboard Bug,High,2025-03-11,2025-03-11,16.6,8,No,Resolved,Divya Verma,Portal,3
TKT-03695,CLI-0099,AI Insights Module,Onboarding Support,High,2024-11-11,2024-11-11,3.5,8,Yes,Resolved,Priya Patel,Portal,4
TKT-02367,CLI-0269,CloudShift Platform,Data Sync Error,High,2023-04-25,,,8,No,Open,Manish Nair,Chat,
TKT-03419,CLI-0127,DataVault Pro,Security Alert,High,2024-07-20,2024-07-20,7.3,8,Yes,Resolved,Divya Verma,Chat,2
TKT-02824,CLI-0296,AnalyticsEdge,Data Sync Error,Low,2023-03-16,,,48,No,Open,Manish Nair,Portal,
TKT-02300,CLI-0216,AI Insights Module,Data Sync Error,High,2024-06-21,2024-06-21,14.9,8,No,Resolved,Kavya Iyer,Chat,2
TKT-01635,CLI-0275,CloudShift Platform,Billing Query,High,2024-01-30,2024-01-30,8.8,8,No,Resolved,Nikhil Reddy,Email,3
TKT-02575,CLI-0074,CloudShift Platform,Onboarding Support,Low,2023-11-11,,,48,No,In Progress,Pooja Patel,Phone,
TKT-00052,CLI-0178,SecureNet Suite,Server Downtime,Critical,2023-03-20,,,4,No,In Progress,Divya Verma,Phone,
TKT-00011,CLI-0101,DevOps Accelerator,Feature Request,Critical,2024-04-04,,,4,No,Open,Rahul Das,Portal,
TKT-01987,CLI-0067,SecureNet Suite,Data Sync Error,Medium,2023-12-14,2023-12-14,7.3,24,Yes,Resolved,Karan Rao,Email,5
TKT-03044,CLI-0176,DataVault Pro,Dashboard Bug,Medium,2024-09-18,,,24,No,In Progress,Rahul Das,Email,
TKT-02737,CLI-0080,DataVault Pro,performance lag,Medium,2024-04-16,2024-04-17,25.7,24,No,Resolved,Divya Reddy,Chat,3
TKT-02073,CLI-0264,AnalyticsEdge,Login Issue,Low,2025-02-08,,,48,Yes,In Progress,Arjun Mishra,Email,
TKT-02744,CLI-0228,AnalyticsEdge,API Integration Failure,Medium,2023-10-07,,,24,Yes,In Progress,Priya Nair,Email,
TKT-00290,CLI-0267,CloudShift Platform,Performance Lag,Low,2023-04-06,2023-04-08,61.7,48,No,Resolved,Deepika Mishra,Email,4
TKT-01090,CLI-0063,SecureNet Suite,Feature Request,Medium,2024-03-24,,,24,No,Open,Neha Gupta,Email,
TKT-00212,CLI-0176,DataVault Pro,Report Inaccuracy,Medium,2024-02-15,,,24,Yes,In Progress,Neha Gupta,Portal,
TKT-03313,CLI-0106,DevOps Accelerator,Data Sync Error,Critical,2024-04-06,,,4,No,Open,Manish Nair,Email,
TKT-02516,CLI-0073,AnalyticsEdge,Onboarding Support,Critical,2024-05-18,2024-05-18,1.6,4,Yes,Resolved,Kavya Iyer,Chat,2
TKT-03104,CLI-0059,AnalyticsEdge,API Integration Failure,High,2024-04-09,,,8,No,In Progress,Divya Reddy,Phone,
TKT-01206,CLI-0284,DataVault Pro,Server Downtime,High,2024-08-19,2024-08-19,11.3,8,No,Resolved,Deepika Mishra,Email,4
TKT-02482,CLI-0160,AnalyticsEdge,Feature Request,Low,2023-04-04,2023-04-08,109.1,48,No,Resolved,Priya Patel,Portal,3
TKT-03020,CLI-0259,SecureNet Suite,Dashboard Bug,Low,2024-03-14,2024-03-16,57.5,48,No,Resolved,Priya Nair,Phone,3
TKT-01324,CLI-0235,SecureNet Suite,Billing Query,Medium,2024-02-06,2024-02-08,50.1,24,No,Resolved,Priya Nair,Portal,5
TKT-03178,CLI-0035,AnalyticsEdge,Performance Lag,High,2024-12-14,2024-12-14,11.0,8,No,Resolved,Rahul Das,Portal,5
TKT-01312,CLI-0004,AnalyticsEdge,Login Issue,Medium,2023-12-03,2023-12-05,53.8,24,No,Resolved,Rahul Das,Email,
TKT-00767,CLI-0020,AnalyticsEdge,Server Downtime,Medium,2023-01-12,2023-01-14,57.5,24,No,Resolved,Karan Gupta,Phone,4
TKT-03614,CLI-0125,DataVault Pro,Dashboard Bug,Critical,2023-08-20,2023-08-20,2.7,4,Yes,Resolved,Pooja Patel,Email,3
TKT-00246,CLI-0028,AI Insights Module,Access Permission Issue,Critical,2023-12-25,,,4,No,Escalated,Karan Rao,Email,
TKT-03918,CLI-0183,DataVault Pro,Dashboard Bug,Low,2024-04-27,,,48,No,Open,Priya Nair,Email,
TKT-03932,CLI-0170,AI Insights Module,Server Downtime,Medium,01/06/2025,2025-01-06,9.6,24,Yes,Resolved,Priya Patel,Phone,4
TKT-02655,CLI-0246,CloudShift Platform,API Integration Failure,Medium,2024-01-24,2024-01-24,4.2,24,Yes,Resolved,Nikhil Mehta,Email,4
TKT-00424,CLI-0023,DevOps Accelerator,Server Downtime,Low,2023-05-08,,,48,No,In Progress,Karan Gupta,Phone,
TKT-03735,CLI-0235,SecureNet Suite,Dashboard Bug,Medium,2024-05-01,,,24,No,In Progress,Kavya Iyer,Email,
TKT-02951,CLI-0094,DevOps Accelerator,Access Permission Issue,Low,2024-10-03,,,48,No,Open,Neha Gupta,Phone,
TKT-02253,CLI-0043,AnalyticsEdge,Report Inaccuracy,Low,2023-08-25,,,48,Yes,Open,Manish Nair,Portal,
TKT-00095,CLI-0206,DevOps Accelerator,Data Sync Error,Medium,2024-03-24,2024-03-25,28.9,24,No,Resolved,Ananya Joshi,Portal,3
TKT-03860,CLI-0273,DataVault Pro,Security Alert,High,2024-12-01,,,8,Yes,In Progress,Divya Reddy,Phone,
TKT-03332,CLI-0240,DevOps Accelerator,Billing Query,Medium,2025-03-30,,,24,Yes,Escalated,Pooja Iyer,Email,
TKT-02699,CLI-0163,AI Insights Module,Performance Lag,High,2024-10-14,,,8,No,Open,Nikhil Reddy,Phone,
TKT-00010,CLI-0075,AnalyticsEdge,Billing Query,Low,2024-05-15,2024-05-18,90.8,48,No,Resolved,Rahul Das,Chat,4
TKT-03739,CLI-0204,SecureNet Suite,Onboarding Support,Critical,2024-02-20,2024-02-20,5.3,4,No,Resolved,Karan Gupta,Chat,3
TKT-02341,CLI-0286,AI Insights Module,Security Alert,High,2023-08-08,,,8,No,In Progress,Kavya Iyer,Email,
TKT-02108,CLI-0060,AI Insights Module,Access Permission Issue,High,2024-09-02,2024-09-02,5.7,8,Yes,Resolved,Karan Rao,Chat,5
TKT-02201,CLI-0247,DevOps Accelerator,Report  Inaccuracy,Low,2023-01-31,,,48,Yes,Open,Pooja Gupta,Email,
TKT-02772,CLI-0154,DevOps Accelerator,Onboarding Support,Low,2023-01-23,,,48,No,Open,Pooja Patel,Portal,
TKT-03572,CLI-0011,AI Insights Module,Login Issue,Critical,07/27/2024,,,4,No,Open,Deepika Mishra,Chat,
TKT-01288,CLI-0013,AI Insights Module,Server Downtime,Medium,2024-08-27,2024-08-28,33.4,24,No,Resolved,Karan Gupta,Chat,5
TKT-00766,CLI-0232,AI Insights Module,Dashboard Bug,Medium,2023-09-28,2023-09-28,17.5,24,Yes,Resolved,Manish Nair,Email,4
TKT-00119,CLI-0300,AnalyticsEdge,API Integration Failure,Medium,2024-11-16,2024-11-17,32.4,24,No,Resolved,Rahul Das,Phone,4
TKT-03032,CLI-0113,SecureNet Suite,Server Downtime,Critical,2023-03-09,09-03-2023,7.9,4,No,Resolved,Manish Nair,Email,4
TKT-01636,CLI-0069,DataVault Pro,Login Issue,Medium,2025-03-09,2025-03-10,41.3,24,No,Resolved,Rahul Das,Phone,4
TKT-01556,CLI-0229,AnalyticsEdge,Access Permission Issue,Medium,06/30/2023,2023-07-02,50.4,24,No,Resolved,Divya Reddy,Phone,3
TKT-00100,CLI-0217,SecureNet Suite,Server Downtime,High,01/09/2024,2024-01-09,16.2,8,No,Resolved,Pooja Gupta,Email,3
TKT-01914,CLI-0222,SecureNet Suite,performance lag,Medium,03/18/2024,2024-03-18,1.3,24,Yes,Resolved,Divya Reddy,Email,3
TKT-00828,CLI-0143,CloudShift Platform,Report Inaccuracy,Medium,05/02/2024,2024-05-02,0.6,24,Yes,Resolved,Priya Patel,Phone,4
TKT-01972,CLI-0205,CloudShift Platform,Feature Request,High,2024-04-26,,,8,Yes,Open,Nikhil Mehta,Email,
TKT-03484,CLI-0103,AI Insights Module,Login Issue,Critical,2024-02-03,2024-02-03,4.4,4,No,Resolved,Manish Nair,Portal,2
TKT-03955,CLI-0039,DevOps Accelerator,Access Permission Issue,Critical,2024-08-13,2024-08-13,8.4,4,No,Resolved,Pooja Patel,Phone,5
TKT-01776,CLI-0179,SecureNet Suite,Billing Query,High,2024-08-05,,,8,Yes,In Progress,Manish Nair,Portal,
TKT-01615,CLI-0029,DevOps Accelerator,Billing Query,Low,2023-08-22,,,48,Yes,Escalated,Deepika Mishra,Portal,
TKT-00493,CLI-0090,DataVault Pro,Billing Query,Medium,2023-08-20,,,24,No,In Progress,Karan Rao,Chat,
TKT-02906,CLI-0166,CloudShift Platform,Security Alert,Medium,2023-11-29,2023-11-30,35.2,24,No,Resolved,Karan Gupta,Portal,
TKT-02430,CLI-0209,DataVault Pro,Security Alert,Medium,2024-08-12,2024-08-13,45.7,24,No,Resolved,Rahul Das,Phone,4
TKT-01690,CLI-0258,CloudShift Platform,Report Inaccuracy,Low,2024-10-05,,,48,No,Open,Rahul Das,Chat,
TKT-02275,CLI-0266,DataVault Pro,Billing Query,High,2023-11-01,2023-11-01,9.1,8,No,Resolved,Ananya Joshi,Chat,3
TKT-00223,CLI-0223,AnalyticsEdge,Onboarding Support,High,2024-08-16,2024-08-16,10.4,8,,Resolved,Arjun Mishra,Phone,3
TKT-03981,CLI-0072,AI Insights Module,API Integration Failure,Critical,2023-04-18,,,4,No,Open,Manish Nair,Email,
TKT-01744,CLI-0100,DevOps Accelerator,Data Sync Error,Low,2023-12-24,2023-12-24,8.8,48,Yes,Resolved,Karan Rao,Phone,
TKT-03517,CLI-0149,AI Insights Module,Feature Request,High,2024-05-05,,,8,No,Open,Karan Gupta,Phone,
TKT-03012,CLI-0290,SecureNet Suite,Performance Lag,High,2023-04-03,,,8,Yes,Open,Rahul Das,Portal,
TKT-01225,CLI-0235,AnalyticsEdge,Access Permission Issue,Medium,2023-02-12,2023-02-13,43.0,24,No,Resolved,Manish Nair,Phone,5
TKT-02812,CLI-0005,AI Insights Module,login issue,Medium,2023-04-10,2023-04-11,47.3,24,No,Resolved,Pooja Gupta,Email,4
TKT-02167,CLI-0045,SecureNet Suite,Security Alert,Critical,2024-01-30,2024-01-30,4.6,4,No,Resolved,Arjun Mishra,Portal,4
TKT-01533,CLI-0126,AnalyticsEdge,Report Inaccuracy,Low,10/06/2024,2024-10-08,48.8,48,No,Resolved,Nikhil Mehta,Portal,4
TKT-02158,CLI-0111,AnalyticsEdge,Data Sync Error,High,2024-06-25,,,8,No,In Progress,Pooja Patel,Portal,
TKT-01080,CLI-0262,SecureNet Suite,Performance Lag,Critical,2025-03-05,2025-03-05,2.7,4,,Resolved,Deepika Mishra,Phone,3
TKT-03006,CLI-0102,CloudShift Platform,Data Sync Error,Medium,2023-03-16,18-03-2023,53.9,24,No,Resolved,Pooja Patel,Phone,3
TKT-02245,CLI-0001,DataVault Pro,Performance Lag,Medium,2023-05-11,,,24,Yes,Escalated,Karan Gupta,Phone,
TKT-01075,CLI-0258,SecureNet Suite,Access Permission Issue,Medium,2024-05-04,2024-05-05,39.6,24,No,Resolved,Pooja Patel,Email,5
TKT-00596,CLI-0062,DataVault Pro,Data Sync Error,High,2024-06-29,,,8,No,Open,Nikhil Mehta,Phone,
TKT-00514,CLI-0053,SecureNet Suite,Billing Query,High,01/04/2023,,,8,Yes,Open,Priya Nair,Chat,
TKT-00450,CLI-0200,DevOps Accelerator,Dashboard Bug,Medium,2024-02-12,,,24,Yes,In Progress,Divya Reddy,Chat,
TKT-02802,CLI-0148,AI Insights Module,Access Permission Issue,,2023-05-28,2023-05-31,84.8,48,No,Resolved,Priya Patel,Email,5
TKT-03462,CLI-0135,SecureNet Suite,Data Sync Error,High,02/02/2024,2024-02-02,2.7,8,Yes,Resolved,Ananya Joshi,Chat,
TKT-03838,CLI-0177,DataVault Pro,Data Sync Error,Medium,2024-12-28,2024-12-28,7.8,24,Yes,Resolved,Kavya Iyer,Chat,4
TKT-03392,CLI-0246,SecureNet Suite,Dashboard Bug,Medium,2023-07-14,,,24,No,Open,Kavya Iyer,Chat,
TKT-03421,CLI-0035,CloudShift Platform,Onboarding Support,Medium,2025-03-19,2025-03-21,58.4,24,No,Resolved,Neha Gupta,Email,5
TKT-02615,CLI-0300,CloudShift Platform,Performance  Lag,Medium,2024-04-17,,,24,Yes,Escalated,Nikhil Mehta,Phone,
TKT-02673,CLI-0263,DataVault Pro,Login Issue,Medium,2023-05-15,2023-05-17,58.3,24,No,Resolved,Pooja Gupta,Email,
TKT-03352,CLI-0197,CloudShift Platform,Data Sync Error,High,2024-05-02,2024-05-02,7.4,8,Yes,Resolved,Nikhil Mehta,Portal,4
TKT-00566,CLI-0085,DataVault Pro,Billing Query,Low,2024-08-16,2024-08-19,84.8,48,No,Resolved,Karan Rao,Email,4
TKT-02200,CLI-0181,SecureNet Suite,Access Permission Issue,Medium,2024-01-21,2024-01-22,31.1,24,No,Resolved,Nikhil Reddy,Email,5
TKT-00358,CLI-0087,SecureNet Suite,API Integration Failure,Critical,2023-05-16,2023-05-16,8.3,4,No,Resolved,Karan Rao,Chat,5
TKT-02107,CLI-0079,CloudShift Platform,Feature Request,Medium,2023-03-07,2023-03-07,7.5,24,Yes,Resolved,Priya Nair,Chat,3
TKT-02647,CLI-0049,AI Insights Module,Data Sync Error,Medium,2023-04-10,,,24,Yes,In Progress,Pooja Iyer,Phone,
TKT-02379,CLI-0237,AnalyticsEdge,Feature Request,Low,2023-03-29,2023-03-29,20.4,48,Yes,Resolved,Karan Rao,Phone,4
TKT-00403,CLI-0024,AI Insights Module,Data Sync Error,Medium,2023-02-02,,,24,No,Escalated,Divya Verma,Chat,
TKT-02702,CLI-0099,DataVault Pro,Access Permission Issue,Medium,2024-02-18,2024-02-18,23.7,24,Yes,Resolved,Divya Reddy,Chat,2
TKT-02918,CLI-0300,DevOps Accelerator,API Integration Failure,Critical,2024-06-03,2024-06-03,2.6,4,Yes,Resolved,Nikhil Reddy,Portal,5
TKT-00618,CLI-0020,SecureNet Suite,Billing Query,Medium,2023-12-06,2023-12-07,30.4,24,No,Resolved,Neha Gupta,Portal,3
TKT-03030,CLI-0020,DataVault Pro,Login Issue,High,2024-02-29,,,8,No,In Progress,Priya Patel,Email,
TKT-03371,CLI-0135,DataVault Pro,Onboarding Support,Medium,2024-01-27,,,24,No,Open,Deepika Mishra,Phone,
TKT-03743,CLI-0259,AnalyticsEdge,Access Permission Issue,Medium,2023-08-05,,,24,No,In Progress,Pooja Gupta,Chat,
TKT-01160,CLI-0155,DataVault Pro,Login Issue,High,2024-07-19,19-07-2024,1.7,8,Yes,Resolved,Rahul Das,Email,4
TKT-03601,CLI-0068,AnalyticsEdge,Report Inaccuracy,Medium,2024-07-27,2024-07-27,18.0,24,Yes,Resolved,Arjun Mishra,Chat,4
TKT-00001,CLI-0223,DevOps Accelerator,Access Permission Issue,Medium,2023-04-16,,,24,Yes,Escalated,Divya Reddy,Portal,
TKT-00312,CLI-0297,AnalyticsEdge,Billing Query,Critical,2025-03-07,,,4,Yes,Open,Pooja Patel,Email,
TKT-00021,CLI-0017,CloudShift Platform,Feature Request,Medium,2023-03-16,2023-03-18,54.9,24,No,Resolved,Pooja Patel,Portal,3
TKT-03555,CLI-0239,DevOps Accelerator,Server Downtime,Low,2024-09-18,,,48,No,Open,Karan Gupta,Chat,
TKT-00727,CLI-0133,DevOps Accelerator,Server Downtime,Medium,2023-03-09,2023-03-09,4.4,24,Yes,Resolved,Karan Gupta,Phone,4
TKT-02915,CLI-0222,DevOps Accelerator,API Integration Failure,Low,2024-01-10,2024-01-12,68.5,48,No,Resolved,Arjun Mishra,Portal,4
TKT-00916,CLI-0181,SecureNet Suite,Report Inaccuracy,Low,12/08/2024,2024-12-09,47.0,48,Yes,Resolved,Deepika Mishra,Email,4
TKT-01395,CLI-0072,DataVault Pro,Access Permission Issue,,2023-07-16,,,48,,In Progress,Divya Verma,Portal,
TKT-00266,CLI-0012,SecureNet Suite,Access Permission Issue,Medium,2023-08-26,2023-08-27,26.6,24,No,Resolved,Ananya Joshi,Portal,3
TKT-03631,CLI-0102,DataVault Pro,Feature Request,Low,2025-03-07,,,48,Yes,In Progress,,Phone,
TKT-03937,CLI-0263,DataVault Pro,Report Inaccuracy,High,2025-01-14,,,8,No,In Progress,Nikhil Reddy,Email,
TKT-00937,CLI-0059,DevOps Accelerator,Feature Request,High,2025-03-10,2025-03-10,18.0,8,No,Resolved,Divya Verma,Chat,
TKT-02913,CLI-0091,DevOps Accelerator,Billing Query,Low,2023-01-17,,,48,No,Escalated,,Phone,
TKT-03189,CLI-0143,CloudShift Platform,Data Sync Error,Medium,2025-01-15,2025-01-15,14.0,24,Yes,Resolved,Priya Nair,Phone,5
TKT-02419,CLI-0257,AI Insights Module,Onboarding Support,High,2023-08-18,,,8,No,In Progress,Nikhil Reddy,Chat,
TKT-00334,CLI-0014,AI Insights Module,Server Downtime,Medium,2025-01-10,2025-01-10,0.8,24,Yes,Resolved,Priya Nair,Portal,5
TKT-02833,CLI-0251,SecureNet Suite,Feature Request,Critical,2024-04-07,,,4,,Escalated,Kavya Iyer,Chat,
TKT-01698,CLI-0073,SecureNet Suite,dashboard bug,High,2024-09-01,2024-09-01,2.2,8,Yes,Resolved,Siddharth Reddy,Phone,4
TKT-00816,CLI-0069,DevOps Accelerator,Login Issue,Medium,2024-12-03,2024-12-04,24.4,24,No,Resolved,Siddharth Reddy,Phone,3
TKT-00295,CLI-0241,AI Insights Module,Report Inaccuracy,High,2024-07-26,2024-07-26,6.9,8,Yes,Resolved,Priya Patel,Chat,2
TKT-00409,CLI-0167,SecureNet Suite,Onboarding  Support,Medium,2023-01-01,2023-01-01,7.2,24,Yes,Resolved,Divya Verma,Portal,2
TKT-02534,CLI-0050,DataVault Pro,Performance Lag,Low,2023-07-10,,,48,Yes,Open,Divya Reddy,Portal,
TKT-01550,CLI-0129,DataVault Pro,Dashboard Bug,High,2023-01-14,2023-01-14,15.3,8,No,Resolved,Kavya Iyer,Email,1
TKT-00825,CLI-0177,SecureNet Suite,Dashboard Bug,Medium,2023-02-02,2023-02-02,10.0,24,Yes,Resolved,Pooja Gupta,Chat,5
TKT-01196,CLI-0002,CloudShift Platform,Dashboard Bug,High,2025-01-30,2025-01-30,19.4,8,No,Resolved,Priya Patel,Chat,5
TKT-01103,CLI-0286,DevOps Accelerator,Billing Query,Critical,2024-02-10,,,4,No,In Progress,Pooja Gupta,Phone,
TKT-00258,CLI-0219,CloudShift Platform,API Integration Failure,Medium,2024-04-15,2024-04-16,37.8,24,No,Resolved,Priya Patel,Phone,4
TKT-02911,CLI-0247,DataVault Pro,Performance Lag,High,2024-05-28,,,8,Yes,Escalated,Neha Gupta,Email,
TKT-01984,CLI-0258,AI Insights Module,Feature Request,Medium,2023-12-04,05-12-2023,27.1,24,No,Resolved,Divya Verma,Chat,4
TKT-02323,CLI-0015,DevOps Accelerator,Server Downtime,High,2023-02-09,,,8,Yes,Escalated,Siddharth Reddy,Email,
TKT-03889,CLI-0178,SecureNet Suite,Performance Lag,Medium,2024-04-12,2024-04-14,54.5,24,No,Resolved,Nikhil Reddy,Chat,
TKT-01922,CLI-0026,CloudShift Platform,Report Inaccuracy,Low,2024-05-11,2024-05-12,25.8,48,Yes,Resolved,Divya Verma,Portal,
TKT-02624,CLI-0041,DataVault Pro,Feature Request,Critical,2024-03-25,,,4,Yes,In Progress,,Email,
TKT-03724,CLI-0052,AI Insights Module,Server Downtime,High,2023-01-31,2023-01-31,17.1,8,No,Resolved,Karan Gupta,Phone,
TKT-00114,CLI-0008,CloudShift Platform,Report Inaccuracy,Low,2023-12-21,,,48,No,In Progress,Pooja Patel,Email,
TKT-01285,CLI-0129,AI Insights Module,dashboard bug,Low,2023-10-25,,,48,No,In Progress,Neha Gupta,Chat,
TKT-00025,CLI-0075,DevOps Accelerator,Billing Query,Medium,2023-03-21,2023-03-23,51.0,24,No,Resolved,Manish Nair,Phone,4
TKT-01846,CLI-0133,AnalyticsEdge,Access Permission Issue,High,2023-06-24,,,8,Yes,In Progress,Pooja Gupta,Phone,
TKT-03667,CLI-0023,AI Insights Module,Onboarding Support,Medium,2023-01-12,2023-01-14,58.5,24,No,Resolved,Rahul Das,Email,5
TKT-03005,CLI-0187,AnalyticsEdge,Access Permission Issue,Low,2024-04-12,,,48,Yes,Open,Siddharth Reddy,Phone,
TKT-01522,CLI-0179,DevOps Accelerator,Security Alert,Medium,2023-12-05,,,24,No,Open,Siddharth Reddy,Phone,
TKT-01105,CLI-0019,AI Insights Module,dashboard bug,High,2023-01-17,2023-01-17,5.2,8,Yes,Resolved,Rahul Das,Phone,3
TKT-00919,CLI-0208,CloudShift Platform,Performance Lag,Low,2023-03-24,2023-03-25,28.3,48,Yes,Resolved,Divya Reddy,Portal,4
TKT-02829,CLI-0223,SecureNet Suite,Login Issue,Critical,2023-01-07,2023-01-07,7.6,4,No,Resolved,Ananya Joshi,Chat,1
TKT-03460,CLI-0045,AnalyticsEdge,Access Permission Issue,Low,2024-08-31,03-09-2024,80.0,48,No,Resolved,Arjun Mishra,Chat,2
TKT-01317,CLI-0050,DataVault Pro,Onboarding Support,High,2024-08-04,2024-08-04,2.8,8,Yes,Resolved,Nikhil Reddy,Phone,
TKT-01524,CLI-0034,AnalyticsEdge,API Integration Failure,Medium,2023-03-31,,,24,No,Open,Divya Verma,Portal,
TKT-02547,CLI-0003,SecureNet Suite,API Integration Failure,Medium,2024-12-06,2024-12-07,42.8,24,No,Resolved,Arjun Mishra,Email,3
TKT-03309,CLI-0151,CloudShift Platform,Access Permission Issue,Medium,2025-02-22,,,24,Yes,Open,Nikhil Mehta,Phone,
TKT-02299,CLI-0150,DevOps Accelerator,Report Inaccuracy,Medium,2024-03-23,2024-03-23,18.2,24,Yes,Resolved,Nikhil Mehta,Chat,3
TKT-03960,CLI-0300,DataVault Pro,Login Issue,Low,2023-09-03,2023-09-04,30.7,48,Yes,Resolved,Karan Rao,Chat,
TKT-03229,CLI-0264,CloudShift Platform,Performance Lag,High,2025-02-06,2025-02-06,6.6,8,Yes,Resolved,Pooja Iyer,Email,1
TKT-00745,CLI-0241,SecureNet Suite,Server Downtime,Low,2023-12-25,,,48,No,Open,Arjun Mishra,Chat,
TKT-00561,CLI-0127,DataVault Pro,Server Downtime,Medium,2023-12-05,,,24,No,In Progress,Arjun Mishra,Email,
TKT-00985,CLI-0026,AnalyticsEdge,Dashboard Bug,Medium,2025-03-23,,,24,No,In Progress,Pooja Patel,Phone,
TKT-03600,CLI-0117,SecureNet Suite,Data Sync Error,Low,2023-09-30,,,48,No,Open,Siddharth Reddy,Portal,
TKT-03404,CLI-0164,AnalyticsEdge,Security Alert,Low,2025-02-19,2025-02-19,15.5,48,Yes,Resolved,Manish Nair,Portal,
TKT-00528,CLI-0154,DataVault Pro,Data Sync Error,Medium,2023-09-23,,,24,Yes,Escalated,Manish Nair,Phone,
TKT-01074,CLI-0179,SecureNet Suite,Feature Request,High,2024-06-29,2024-06-29,1.8,8,Yes,Resolved,Ananya Joshi,Email,4
TKT-03277,CLI-0009,SecureNet Suite,Billing Query,High,2024-10-03,,,8,No,In Progress,Divya Verma,Email,
TKT-03052,CLI-0012,AI Insights Module,Access Permission Issue,Medium,12/03/2024,2024-12-04,24.0,24,Yes,Resolved,Divya Verma,Email,4
TKT-03674,CLI-0194,AI Insights Module,Login Issue,Medium,2023-07-16,2023-07-17,27.1,24,No,Resolved,Pooja Patel,Chat,
TKT-03363,CLI-0221,CloudShift Platform,Login Issue,High,2025-02-18,2025-02-18,15.5,8,No,Resolved,Deepika Mishra,Email,1
TKT-00863,CLI-0125,CloudShift Platform,Dashboard Bug,High,2023-11-19,,,8,No,In Progress,Arjun Mishra,Portal,
TKT-01669,CLI-0251,DataVault Pro,Dashboard Bug,Critical,2024-12-25,,,4,No,Escalated,Divya Reddy,Email,
TKT-03706,CLI-0136,SecureNet Suite,Feature Request,Low,2023-12-08,2023-12-12,112.1,48,No,Resolved,Nikhil Mehta,Chat,2
TKT-00641,CLI-0062,AnalyticsEdge,Feature Request,Critical,2023-11-24,2023-11-24,9.7,4,No,Resolved,Nikhil Reddy,Chat,4
TKT-02151,CLI-0103,SecureNet Suite,Dashboard Bug,High,2023-09-21,,,8,Yes,In Progress,Neha Gupta,Portal,
TKT-01305,CLI-0132,AnalyticsEdge,Security  Alert,Low,2023-09-21,,,48,No,Open,Manish Nair,Email,
TKT-02350,CLI-0018,DataVault Pro,Access Permission Issue,Medium,2023-06-07,,,24,No,Open,Rahul Das,Phone,
TKT-02305,CLI-0098,CloudShift Platform,Feature Request,Medium,2023-08-09,,,24,Yes,Open,Ananya Joshi,Phone,
TKT-02392,CLI-0271,AI Insights Module,Dashboard Bug,Medium,2023-06-18,,,24,No,Open,,Portal,
TKT-03524,CLI-0063,AI Insights Module,Access Permission Issue,Medium,2025-01-16,2025-01-17,39.4,24,No,Resolved,Divya Reddy,Email,3
TKT-02287,CLI-0280,CloudShift Platform,Feature Request,Critical,2024-02-24,,,4,No,In Progress,Karan Gupta,Email,
TKT-03116,CLI-0080,DataVault Pro,Login Issue,Critical,2024-12-08,2024-12-08,2.9,4,Yes,Resolved,Siddharth Reddy,Portal,3
TKT-02693,CLI-0047,DataVault Pro,Data Sync Error,Medium,2024-11-01,,,24,No,Escalated,Karan Gupta,Email,
TKT-00519,CLI-0022,SecureNet Suite,Onboarding Support,High,2024-01-11,,,8,No,Open,Manish Nair,Phone,
TKT-02152,CLI-0117,AI Insights Module,Billing Query,Medium,2025-01-25,,,24,No,In Progress,Pooja Patel,Chat,
TKT-03492,CLI-0009,DevOps Accelerator,Billing Query,Low,2023-01-04,2023-01-06,63.4,48,No,Resolved,Karan Rao,Chat,
TKT-00254,CLI-0084,CloudShift Platform,Data Sync Error,High,2024-12-17,2024-12-17,7.7,8,Yes,Resolved,Deepika Mishra,Chat,5
TKT-00616,CLI-0125,DataVault Pro,Feature Request,High,2025-03-11,2025-03-11,9.3,8,No,Resolved,Ananya Joshi,Portal,2
TKT-03562,CLI-0001,SecureNet Suite,Report Inaccuracy,High,2024-01-27,2024-01-27,15.8,8,No,Resolved,Manish Nair,Portal,5
TKT-01560,CLI-0001,CloudShift Platform,Billing Query,Low,2023-09-16,,,48,No,In Progress,Nikhil Mehta,Email,
TKT-00349,CLI-0280,AI Insights Module,Feature Request,High,2024-01-03,2024-01-03,11.6,8,No,Resolved,Divya Reddy,Portal,2
TKT-03940,CLI-0290,SecureNet Suite,Report Inaccuracy,Medium,2024-02-29,02-03-2024,52.5,24,No,Resolved,Manish Nair,Email,1
TKT-03486,CLI-0247,DevOps Accelerator,Performance Lag,Medium,2024-01-19,2024-01-19,2.3,24,Yes,Resolved,Ananya Joshi,Chat,4
TKT-03524,CLI-0063,AI Insights Module,Access Permission Issue,Medium,2025-01-16,2025-01-17,39.4,24,No,Resolved,Divya Reddy,Email,3
TKT-02237,CLI-0129,DevOps Accelerator,Login Issue,High,2024-02-17,2024-02-17,0.5,8,Yes,Resolved,Divya Verma,Phone,
TKT-00729,CLI-0012,DataVault Pro,API Integration Failure,High,2023-02-17,2023-02-17,6.6,8,Yes,Resolved,Nikhil Mehta,Chat,5
TKT-02360,CLI-0228,DataVault Pro,Access Permission Issue,Medium,2025-01-11,2025-01-11,22.5,24,Yes,Resolved,Arjun Mishra,Portal,
TKT-01096,CLI-0248,CloudShift Platform,Login Issue,Low,2024-11-10,2024-11-14,110.8,48,No,Resolved,Karan Rao,Portal,5
TKT-00877,CLI-0116,DataVault Pro,Onboarding Support,Low,2023-10-17,,,48,No,Escalated,Priya Patel,Email,
TKT-03571,CLI-0048,DevOps Accelerator,Billing Query,High,2024-03-18,2024-03-18,7.0,8,Yes,Resolved,Manish Nair,Email,
TKT-00096,CLI-0068,DevOps Accelerator,Onboarding Support,High,2024-04-23,,,8,No,Open,Arjun Mishra,Portal,
TKT-03834,CLI-0090,AnalyticsEdge,Dashboard Bug,High,2024-10-19,2024-10-19,10.2,8,No,Resolved,Karan Gupta,Portal,3
TKT-02471,CLI-0259,DataVault Pro,Access Permission Issue,Medium,2024-06-17,2024-06-18,37.6,24,No,Resolved,Pooja Gupta,Portal,3
TKT-00733,CLI-0208,AI Insights Module,Data Sync Error,High,2023-08-07,2023-08-07,13.0,8,No,Resolved,Pooja Iyer,Chat,3
TKT-01237,CLI-0212,DevOps Accelerator,Access Permission Issue,Critical,2023-04-06,,,4,Yes,In Progress,Divya Verma,Chat,
TKT-01686,CLI-0170,AI Insights Module,Server Downtime,High,2024-04-06,2024-04-06,14.2,8,No,Resolved,Karan Rao,Chat,5
TKT-03130,CLI-0004,DataVault Pro,Dashboard Bug,Medium,2024-10-12,2024-10-13,26.2,24,No,Resolved,Karan Rao,Portal,3
TKT-02334,CLI-0012,AI Insights Module,Performance Lag,Medium,12/30/2024,,,24,Yes,Escalated,Priya Nair,Chat,
TKT-01950,CLI-0257,AI Insights Module,Dashboard Bug,Medium,2023-10-22,2023-10-24,55.6,24,No,Resolved,Karan Rao,Chat,1
TKT-03803,CLI-0031,CloudShift Platform,Data Sync Error,Medium,01/01/2025,,,24,Yes,Open,Karan Rao,Chat,
TKT-01013,CLI-0073,AnalyticsEdge,Performance Lag,Low,2023-01-29,,,48,Yes,Open,Pooja Gupta,Email,
TKT-01280,CLI-0035,CloudShift Platform,Billing Query,Medium,2024-11-01,,,24,,Escalated,Pooja Gupta,Chat,
TKT-01873,CLI-0201,CloudShift Platform,Data Sync Error,High,2024-07-19,,,8,Yes,Open,Rahul Das,Chat,
TKT-01523,CLI-0279,DataVault Pro,Security Alert,High,03/15/2024,2024-03-15,11.7,8,No,Resolved,Karan Rao,Email,3
TKT-03740,CLI-0042,AI Insights Module,Server Downtime,Medium,2024-05-01,2024-05-02,34.9,24,No,Resolved,Priya Patel,Portal,3
TKT-02363,CLI-0255,DevOps Accelerator,Dashboard Bug,High,2023-01-04,2023-01-04,10.4,8,,Resolved,Priya Patel,Phone,4
TKT-00722,CLI-0016,CloudShift Platform,Data Sync Error,Critical,2025-02-15,,,4,No,Open,Nikhil Reddy,Email,
TKT-02947,CLI-0067,SecureNet Suite,Data Sync Error,Critical,2024-09-15,,,4,Yes,In Progress,Nikhil Mehta,Portal,
TKT-01812,CLI-0036,DataVault Pro,API Integration Failure,High,06/06/2023,2023-06-06,8.4,8,No,Resolved,Priya Nair,Portal,4
TKT-01010,CLI-0066,DataVault Pro,Security Alert,High,2023-01-28,28-01-2023,10.0,8,No,Resolved,Priya Nair,Chat,4
TKT-02330,CLI-0165,SecureNet Suite,Access Permission Issue,Medium,2024-03-25,,,24,Yes,Escalated,Rahul Das,Phone,
TKT-02304,CLI-0221,CloudShift Platform,Login Issue,High,2024-02-26,,,8,No,Open,,Phone,
TKT-02286,CLI-0097,SecureNet Suite,Security Alert,Low,2024-08-23,,,48,No,In Progress,Manish Nair,Chat,
TKT-01899,CLI-0206,DataVault Pro,Billing  Query,Low,2023-09-07,08-09-2023,26.6,48,Yes,Resolved,Kavya Iyer,Portal,3
TKT-02980,CLI-0280,AnalyticsEdge,Onboarding Support,Low,2023-02-01,2023-02-05,119.7,48,No,Resolved,Divya Reddy,Chat,3
TKT-01229,CLI-0197,DevOps Accelerator,Feature Request,Medium,2023-04-07,,,24,No,In Progress,Priya Patel,Email,
TKT-01093,CLI-0026,SecureNet Suite,API Integration Failure,High,2023-04-12,,,8,No,Open,Siddharth Reddy,Chat,
TKT-00528,CLI-0154,DataVault Pro,Data Sync Error,Medium,2023-09-23,,,24,Yes,Escalated,Manish Nair,Phone,
TKT-02650,CLI-0295,DevOps Accelerator,Security Alert,Medium,2024-01-20,,,24,No,Escalated,Deepika Mishra,Email,
TKT-03787,CLI-0093,AI Insights Module,Security Alert,High,2023-03-07,,,8,Yes,Open,,Phone,
TKT-02000,CLI-0045,SecureNet Suite,Data Sync Error,High,2024-12-04,,,8,No,Open,Pooja Gupta,Email,
TKT-01964,CLI-0073,CloudShift Platform,Server Downtime,Medium,2024-01-17,2024-01-19,50.6,24,No,Resolved,Neha Gupta,Chat,3
TKT-00008,CLI-0295,AnalyticsEdge,API Integration Failure,Low,2023-10-12,2023-10-12,3.4,48,Yes,Resolved,Rahul Das,Portal,5
TKT-01374,CLI-0008,SecureNet Suite,Dashboard Bug,Medium,2023-12-15,2023-12-16,36.6,24,No,Resolved,Priya Patel,Portal,2
TKT-01314,CLI-0141,DataVault Pro,Dashboard Bug,Critical,2023-04-06,06-04-2023,9.7,4,No,Resolved,Manish Nair,Portal,4
TKT-00834,CLI-0052,DataVault Pro,Data Sync Error,Low,2023-12-12,,,48,Yes,In Progress,Deepika Mishra,Portal,
TKT-01046,CLI-0121,DataVault Pro,Billing  Query,Critical,2024-02-07,2024-02-07,5.4,4,No,Resolved,Deepika Mishra,Portal,
TKT-01553,CLI-0004,DevOps Accelerator,Report Inaccuracy,Medium,01/21/2024,2024-01-21,15.5,24,Yes,Resolved,Rahul Das,Email,4
TKT-02500,CLI-0017,DataVault Pro,Access Permission Issue,Critical,2025-01-15,,,4,No,Escalated,Ananya Joshi,Portal,
TKT-02923,CLI-0215,AI Insights Module,Billing Query,Low,2023-10-08,2023-10-11,93.5,48,No,Resolved,Deepika Mishra,Email,5
TKT-03393,CLI-0231,DevOps Accelerator,Server Downtime,Medium,2023-11-06,2023-11-06,4.6,24,Yes,Resolved,Ananya Joshi,Portal,
TKT-00402,CLI-0075,DataVault Pro,Data Sync Error,Medium,2024-05-15,2024-05-16,33.5,24,No,Resolved,Priya Patel,Email,
TKT-01799,CLI-0238,AI Insights Module,Onboarding Support,Critical,2023-12-31,2023-12-31,7.1,4,No,Resolved,Kavya Iyer,Portal,3
TKT-02940,CLI-0272,SecureNet Suite,Report Inaccuracy,Medium,2024-01-12,2024-01-13,42.0,24,No,Resolved,Arjun Mishra,Portal,1
TKT-01941,CLI-0046,AnalyticsEdge,Billing Query,Medium,2023-05-28,2023-05-28,6.0,24,Yes,Resolved,Nikhil Mehta,Email,
TKT-02022,CLI-0142,AI Insights Module,Onboarding Support,Medium,2023-12-11,2023-12-12,31.1,24,No,Resolved,Pooja Iyer,Portal,5
TKT-00381,CLI-0075,DevOps Accelerator,Data Sync Error,High,2025-02-13,2025-02-13,3.8,8,Yes,Resolved,Arjun Mishra,Portal,5
TKT-03627,CLI-0109,AI Insights Module,Server Downtime,Critical,2024-06-28,,,4,Yes,In Progress,Rahul Das,Portal,
TKT-00649,CLI-0284,SecureNet Suite,API Integration Failure,Low,2024-06-25,2024-06-28,93.0,48,No,Resolved,Divya Reddy,Portal,4
TKT-02065,CLI-0287,DataVault Pro,Login Issue,Medium,2024-08-18,,,24,Yes,Open,Manish Nair,Email,
TKT-02491,CLI-0050,CloudShift Platform,Security Alert,Low,2024-08-13,2024-08-17,118.5,48,No,Resolved,Deepika Mishra,Chat,4
TKT-01248,CLI-0002,DataVault Pro,Feature Request,High,2023-11-01,2023-11-01,16.5,8,No,Resolved,Nikhil Reddy,Email,4
TKT-01913,CLI-0147,AnalyticsEdge,Login Issue,Medium,2023-10-18,2023-10-19,28.6,24,No,Resolved,Pooja Gupta,Chat,4
TKT-02612,CLI-0296,SecureNet Suite,Billing Query,Low,2023-02-08,2023-02-10,58.4,48,No,Resolved,Karan Rao,Chat,1
TKT-02847,CLI-0063,SecureNet Suite,API Integration Failure,High,2023-06-08,,,8,No,Escalated,Manish Nair,Portal,
TKT-02600,CLI-0300,SecureNet Suite,API Integration Failure,Medium,2023-08-30,,,24,No,Open,Divya Verma,Email,
TKT-00326,CLI-0277,AI Insights Module,Report Inaccuracy,Medium,2023-12-20,,,24,No,Open,Karan Gupta,Email,
TKT-01727,CLI-0248,DataVault Pro,API Integration Failure,Low,2024-09-22,2024-09-26,113.5,48,No,Resolved,,Portal,
TKT-02029,CLI-0145,CloudShift Platform,Feature Request,Medium,2023-03-17,2023-03-18,35.4,24,No,Resolved,Rahul Das,Chat,3
TKT-02452,CLI-0250,AnalyticsEdge,Onboarding Support,Medium,2024-06-01,2024-06-03,56.5,24,No,Resolved,Rahul Das,Phone,3
TKT-03597,CLI-0047,AnalyticsEdge,Data Sync Error,High,2023-02-03,2023-02-03,2.0,8,Yes,Resolved,Priya Nair,Chat,
TKT-03449,CLI-0120,DevOps Accelerator,Dashboard Bug,Low,2024-07-12,,,48,No,Escalated,Karan Gupta,Chat,
TKT-02273,CLI-0070,CloudShift Platform,Data Sync Error,Medium,2024-01-07,2024-01-08,38.7,24,No,Resolved,Karan Gupta,Email,5
TKT-03468,CLI-0236,AnalyticsEdge,Dashboard Bug,Medium,2024-05-13,,,24,No,Open,Divya Verma,Chat,
TKT-01877,CLI-0071,DevOps Accelerator,Access Permission Issue,,2023-03-30,2023-03-31,34.7,24,No,Resolved,Nikhil Reddy,Email,5
TKT-01181,CLI-0047,DataVault Pro,Server Downtime,Medium,2025-01-02,2025-01-04,57.3,24,No,Resolved,Divya Verma,Phone,5
TKT-02734,CLI-0295,CloudShift Platform,Billing Query,Medium,2023-03-31,,,24,No,In Progress,Pooja Patel,Phone,
TKT-00061,CLI-0180,DevOps Accelerator,Server Downtime,High,2023-04-01,,,8,No,Open,Karan Gupta,Phone,
TKT-02733,CLI-0090,AI Insights Module,Dashboard Bug,Medium,2024-05-10,,,24,Yes,Escalated,Rahul Das,Email,
TKT-01369,CLI-0005,DevOps Accelerator,Feature Request,Low,2023-01-29,,,48,No,Open,Deepika Mishra,Chat,
TKT-01273,CLI-0254,DevOps Accelerator,Access Permission Issue,Low,2024-04-14,2024-04-16,68.4,48,No,Resolved,Neha Gupta,Email,5
TKT-03799,CLI-0286,AnalyticsEdge,Server Downtime,Critical,2024-10-09,2024-10-09,6.1,4,No,Resolved,Ananya Joshi,Phone,5
TKT-00713,CLI-0251,AI Insights Module,Login Issue,Medium,2024-08-24,2024-08-26,57.4,24,No,Resolved,Pooja Gupta,Chat,5
TKT-00658,CLI-0159,AI Insights Module,Security Alert,Medium,2024-09-23,2024-09-24,35.0,24,No,Resolved,Pooja Iyer,Email,5
TKT-01934,CLI-0018,DevOps Accelerator,Security Alert,Low,2023-08-21,,,48,No,In Progress,Neha Gupta,Portal,
TKT-00830,CLI-0258,CloudShift Platform,Security Alert,Low,2023-07-07,2023-07-07,20.3,48,Yes,Resolved,Ananya Joshi,Chat,3
TKT-00092,CLI-0260,DevOps Accelerator,Feature Request,High,2023-07-24,2023-07-24,5.8,8,Yes,Resolved,Nikhil Reddy,Phone,4
TKT-00645,CLI-0287,DevOps Accelerator,Dashboard Bug,High,2025-03-04,2025-03-04,18.5,8,No,Resolved,Karan Gupta,Portal,4
TKT-03885,CLI-0242,AnalyticsEdge,API Integration Failure,High,2023-07-28,2023-07-28,13.9,8,No,Resolved,Rahul Das,Chat,
TKT-00979,CLI-0229,SecureNet Suite,Billing Query,High,2025-03-01,,,8,Yes,In Progress,Manish Nair,Phone,
TKT-01874,CLI-0267,CloudShift Platform,Feature Request,Critical,2024-12-25,2024-12-25,9.4,4,No,Resolved,Pooja Patel,Chat,4
TKT-00481,CLI-0046,DataVault Pro,Security Alert,Low,2024-09-18,,,48,No,In Progress,Pooja Gupta,Email,
TKT-00820,CLI-0011,DataVault Pro,Login Issue,Low,2023-06-07,,,48,Yes,In Progress,Ananya Joshi,Chat,
TKT-00668,CLI-0180,CloudShift Platform,Performance Lag,Critical,2025-03-15,,,4,Yes,Open,Divya Verma,Portal,
TKT-02637,CLI-0219,SecureNet Suite,Report Inaccuracy,Medium,2024-12-14,,,24,No,Open,Neha Gupta,Chat,
TKT-03257,CLI-0188,SecureNet Suite,Access  Permission  Issue,High,2024-01-08,2024-01-08,1.5,8,Yes,Resolved,Pooja Gupta,Phone,4
TKT-03691,CLI-0006,AnalyticsEdge,Performance Lag,Low,2024-05-10,2024-05-13,94.3,48,,Resolved,Siddharth Reddy,Portal,3
TKT-03412,CLI-0058,DevOps Accelerator,API Integration Failure,High,2024-06-13,,,8,No,Open,Priya Nair,Email,
TKT-00273,CLI-0003,DataVault Pro,Feature Request,Medium,2023-06-18,2023-06-18,9.3,24,Yes,Resolved,Karan Gupta,Phone,5
TKT-00384,CLI-0257,AI Insights Module,Access Permission Issue,Low,2023-03-04,2023-03-07,84.6,48,No,Resolved,Siddharth Reddy,Chat,4
TKT-02533,CLI-0231,SecureNet Suite,Onboarding Support,Low,2024-05-21,2024-05-25,118.3,48,No,Resolved,Divya Verma,Phone,4
TKT-02928,CLI-0121,CloudShift Platform,Onboarding Support,Medium,2023-02-27,2023-03-01,58.0,24,No,Resolved,Nikhil Mehta,Chat,
TKT-03808,CLI-0031,SecureNet Suite,Billing Query,Low,2023-09-19,,,48,Yes,In Progress,Divya Verma,Chat,
TKT-02907,CLI-0074,AI Insights Module,Feature Request,Medium,2025-03-05,2025-03-06,47.5,24,No,Resolved,Karan Rao,Phone,4
TKT-02460,CLI-0011,DevOps Accelerator,Access Permission Issue,Medium,2024-06-19,2024-06-20,40.9,24,No,Resolved,Neha Gupta,Phone,
TKT-02432,CLI-0104,DataVault Pro,Performance Lag,Low,2025-01-24,,,48,No,Escalated,Kavya Iyer,Portal,
TKT-01465,CLI-0136,SecureNet Suite,Access Permission Issue,Medium,2024-03-17,2024-03-18,47.3,24,No,Resolved,Pooja Patel,Email,4
TKT-01363,CLI-0061,AnalyticsEdge,Access Permission Issue,Medium,2024-06-21,,,24,No,Open,Arjun Mishra,Portal,
TKT-01342,CLI-0019,AnalyticsEdge,Performance Lag,Low,2024-07-17,,,48,Yes,Open,Deepika Mishra,Chat,
TKT-03340,CLI-0285,CloudShift Platform,Security Alert,High,2023-04-05,,,8,No,In Progress,Manish Nair,Chat,
TKT-00117,CLI-0149,CloudShift Platform,Dashboard Bug,Medium,2023-01-05,,,24,Yes,Escalated,Ananya Joshi,Portal,
TKT-01007,CLI-0041,AnalyticsEdge,Security Alert,Medium,2024-09-27,,,24,No,Escalated,Manish Nair,Phone,
TKT-00454,CLI-0131,CloudShift Platform,Billing Query,Medium,2024-02-18,,,24,No,Escalated,Rahul Das,Chat,
TKT-03842,CLI-0114,AI Insights Module,Dashboard Bug,Low,2025-02-18,,,48,No,In Progress,Priya Patel,Phone,
TKT-01226,CLI-0145,AI Insights Module,Security Alert,Low,2023-10-15,,,48,Yes,Open,Kavya Iyer,Phone,
TKT-00031,CLI-0189,AI Insights Module,Performance Lag,Medium,2023-08-28,2023-08-29,26.6,24,No,Resolved,Nikhil Reddy,Email,1
TKT-03769,CLI-0236,AnalyticsEdge,Security Alert,Medium,2023-12-27,,,24,No,In Progress,Priya Nair,Email,
TKT-00720,CLI-0253,SecureNet Suite,Feature Request,High,2023-03-21,2023-03-21,7.1,8,Yes,Resolved,Divya Reddy,Phone,4
TKT-01634,CLI-0131,DataVault Pro,Report Inaccuracy,Medium,2023-11-24,2023-11-24,17.8,24,Yes,Resolved,Pooja Gupta,Portal,
TKT-01148,CLI-0206,CloudShift Platform,API Integration Failure,High,2024-05-30,,,8,Yes,In Progress,Karan Gupta,Phone,
TKT-00880,CLI-0135,CloudShift Platform,Performance Lag,High,2024-08-10,2024-08-10,12.4,8,No,Resolved,Nikhil Mehta,Email,5
TKT-03931,CLI-0057,DataVault Pro,Report Inaccuracy,Low,2023-04-02,,,48,No,In Progress,Karan Rao,Phone,
TKT-00714,CLI-0106,AnalyticsEdge,Onboarding Support,High,2024-08-19,,,8,No,In Progress,Rahul Das,Portal,
TKT-02816,CLI-0190,CloudShift Platform,Access Permission Issue,Low,2023-06-26,2023-06-30,114.2,48,No,Resolved,Deepika Mishra,Email,
TKT-00992,CLI-0115,CloudShift Platform,Billing Query,Medium,2025-03-29,2025-03-30,34.2,24,No,Resolved,Nikhil Mehta,Chat,4
TKT-00903,CLI-0031,DevOps Accelerator,Dashboard Bug,Low,2024-06-04,,,48,No,In Progress,Nikhil Reddy,Portal,
TKT-01797,CLI-0169,DataVault Pro,Feature Request,,2024-09-30,2024-09-30,2.6,8,Yes,Resolved,Ananya Joshi,Chat,
TKT-01070,CLI-0158,CloudShift Platform,Feature Request,Low,2024-10-11,2024-10-13,69.8,48,No,Resolved,Deepika Mishra,Portal,5
TKT-00978,CLI-0151,DataVault Pro,Dashboard Bug,Low,2023-02-28,,,48,No,Open,Pooja Patel,Phone,
TKT-00702,CLI-0184,AnalyticsEdge,Access Permission Issue,Medium,2023-04-30,2023-05-02,49.6,24,No,Resolved,Neha Gupta,Chat,3
TKT-00925,CLI-0036,AI Insights Module,Performance Lag,Low,2023-04-28,,,48,No,Open,Pooja Iyer,Email,
TKT-01331,CLI-0036,DataVault Pro,Security Alert,Low,2023-04-07,,,48,,In Progress,Neha Gupta,Email,
TKT-02917,CLI-0146,AI Insights Module,Onboarding Support,High,2024-04-22,2024-04-22,2.4,8,Yes,Resolved,Siddharth Reddy,Email,5
TKT-03219,CLI-0075,AnalyticsEdge,Server Downtime,High,2024-01-31,2024-01-31,3.0,8,Yes,Resolved,Siddharth Reddy,Portal,4
TKT-02026,CLI-0078,DevOps Accelerator,Report Inaccuracy,Low,2024-07-26,,,48,Yes,In Progress,Rahul Das,Phone,
TKT-00305,CLI-0201,DevOps Accelerator,Login Issue,High,2024-04-22,2024-04-22,3.0,8,Yes,Resolved,Karan Rao,Chat,4
TKT-00023,CLI-0086,AnalyticsEdge,Data Sync Error,Low,2024-10-23,2024-10-27,114.6,48,No,Resolved,Rahul Das,Phone,4
TKT-00779,CLI-0288,SecureNet Suite,Performance Lag,,2024-05-14,2024-05-15,37.9,24,No,Resolved,Karan Gupta,Phone,2
TKT-00894,CLI-0046,CloudShift Platform,onboarding support,Medium,2023-06-09,2023-06-09,13.3,24,Yes,Resolved,Kavya Iyer,Email,2
TKT-02687,CLI-0005,SecureNet Suite,Performance Lag,Low,2023-10-23,,,48,Yes,In Progress,Siddharth Reddy,Email,
TKT-02160,CLI-0296,AI Insights Module,Security Alert,Medium,2024-07-06,,,24,No,Open,Karan Gupta,Chat,
TKT-01990,CLI-0038,AnalyticsEdge,Dashboard Bug,Medium,2023-02-15,2023-02-16,28.2,24,No,Resolved,Rahul Das,Phone,2
TKT-03544,CLI-0178,AnalyticsEdge,Performance Lag,Medium,06/07/2023,,,24,Yes,Escalated,Manish Nair,Portal,
TKT-02040,CLI-0198,CloudShift Platform,API Integration Failure,High,2024-01-02,,,8,No,In Progress,Manish Nair,Phone,
TKT-01419,CLI-0248,DevOps Accelerator,Login Issue,Medium,2024-04-26,2024-04-26,14.6,24,Yes,Resolved,Kavya Iyer,Portal,
TKT-01038,CLI-0026,CloudShift Platform,Security Alert,Medium,2023-07-26,2023-07-26,5.9,24,Yes,Resolved,Nikhil Mehta,Portal,5
TKT-00594,CLI-0147,CloudShift Platform,Report Inaccuracy,Medium,2024-01-30,,,24,No,Escalated,Nikhil Mehta,Phone,
TKT-02133,CLI-0125,CloudShift Platform,Feature Request,Low,2024-07-28,2024-07-29,43.3,48,Yes,Resolved,Arjun Mishra,Chat,4
TKT-02927,CLI-0272,CloudShift Platform,Report Inaccuracy,High,2023-07-16,2023-07-16,2.2,8,Yes,Resolved,Nikhil Reddy,Portal,
TKT-01343,CLI-0102,AnalyticsEdge,Report Inaccuracy,Medium,04/13/2023,2023-04-14,32.9,24,No,Resolved,Pooja Iyer,Portal,1
TKT-01942,CLI-0225,DataVault Pro,API Integration Failure,High,2024-03-29,,,8,No,Escalated,Rahul Das,Portal,
TKT-03102,CLI-0235,CloudShift Platform,Dashboard Bug,Medium,2023-09-28,,,24,Yes,Escalated,Pooja Gupta,Portal,
TKT-03637,CLI-0273,SecureNet Suite,Billing Query,High,2024-06-22,,,8,No,Open,Divya Reddy,Portal,
TKT-00098,CLI-0219,DevOps Accelerator,API Integration Failure,Low,2024-03-26,2024-03-27,31.5,48,Yes,Resolved,Pooja Gupta,Portal,
TKT-03971,CLI-0142,DataVault Pro,Report Inaccuracy,High,2024-07-18,2024-07-18,7.9,8,Yes,Resolved,Nikhil Mehta,Email,5
TKT-02884,CLI-0286,DataVault Pro,Billing Query,High,2023-04-12,2023-04-12,16.4,8,No,Resolved,Pooja Gupta,Email,2
TKT-01216,CLI-0176,DevOps Accelerator,Dashboard Bug,Medium,2025-03-20,,,24,,Open,Siddharth Reddy,Chat,
TKT-01020,CLI-0159,DevOps Accelerator,Server Downtime,,2023-02-04,2023-02-06,52.4,24,No,Resolved,Rahul Das,Phone,
TKT-00585,CLI-0206,AI Insights Module,Access Permission Issue,High,01/12/2024,2024-01-12,11.6,8,No,Resolved,Pooja Gupta,Chat,5
TKT-02331,CLI-0272,AI Insights Module,Billing Query,Low,10/17/2024,2024-10-21,119.2,48,No,Resolved,Siddharth Reddy,Portal,
TKT-01095,CLI-0041,DevOps Accelerator,Onboarding Support,Medium,2023-02-08,,,24,No,Open,Karan Rao,Portal,
TKT-02478,CLI-0030,CloudShift Platform,Access Permission Issue,Medium,2025-03-14,15-03-2025,33.2,24,No,Resolved,Ananya Joshi,Email,4
TKT-01346,CLI-0281,AnalyticsEdge,API Integration Failure,Critical,2024-03-25,2024-03-25,3.3,4,Yes,Resolved,Karan Rao,Phone,3
TKT-03697,CLI-0048,AI Insights Module,Dashboard Bug,Low,2023-06-02,,,48,No,Open,Arjun Mishra,Email,
TKT-00520,CLI-0041,DataVault Pro,Data Sync Error,High,2023-09-23,,,8,Yes,In Progress,Divya Verma,Chat,
TKT-00611,CLI-0271,DataVault Pro,Dashboard Bug,Critical,2025-02-23,2025-02-23,7.5,4,No,Resolved,Siddharth Reddy,Phone,2
TKT-02841,CLI-0217,AI Insights Module,Feature Request,Medium,2023-07-21,2023-07-22,25.5,24,No,Resolved,Pooja Iyer,Chat,
TKT-01282,CLI-0027,AI Insights Module,Security Alert,Medium,2023-02-13,2023-02-13,12.3,24,Yes,Resolved,Priya Nair,Chat,2
TKT-00512,CLI-0002,AnalyticsEdge,API Integration Failure,Medium,2023-07-13,,,24,No,In Progress,Priya Nair,Phone,
TKT-00325,CLI-0155,CloudShift Platform,Dashboard Bug,Medium,2023-11-24,,,24,No,Escalated,Priya Patel,Phone,
TKT-02181,CLI-0150,AI Insights Module,Login Issue,Critical,2023-06-26,2023-06-26,5.6,4,No,Resolved,Kavya Iyer,Chat,3
TKT-03068,CLI-0212,AnalyticsEdge,Data Sync Error,Low,2023-11-29,,,48,Yes,Open,Nikhil Mehta,Chat,
TKT-01146,CLI-0163,CloudShift Platform,Server Downtime,High,2024-06-08,2024-06-08,17.2,8,No,Resolved,Manish Nair,Email,3
TKT-03207,CLI-0015,DevOps Accelerator,onboarding support,Medium,2024-12-09,2024-12-09,22.2,24,Yes,Resolved,Ananya Joshi,Portal,4
TKT-00195,CLI-0215,AI Insights Module,Onboarding Support,High,2025-01-22,2025-01-22,7.7,8,Yes,Resolved,Siddharth Reddy,Email,3
TKT-01548,CLI-0277,AnalyticsEdge,Data Sync Error,Medium,2023-06-23,,,24,No,In Progress,Priya Nair,Email,
TKT-00988,CLI-0079,DevOps Accelerator,Onboarding Support,Critical,2023-02-07,2023-02-07,5.8,4,No,Resolved,Nikhil Reddy,Chat,
TKT-03134,CLI-0203,CloudShift Platform,API Integration Failure,Low,2024-10-01,,,48,Yes,Escalated,Rahul Das,Phone,
TKT-00934,CLI-0162,AnalyticsEdge,Dashboard Bug,Medium,2024-02-01,,,24,No,Escalated,Divya Verma,Phone,
TKT-03341,CLI-0271,AI Insights Module,API Integration Failure,High,2025-01-15,,,8,No,Escalated,Rahul Das,Email,
TKT-02800,CLI-0275,DataVault Pro,Login Issue,Low,2023-11-02,2023-11-05,90.0,48,No,Resolved,Nikhil Reddy,Email,5
TKT-00048,CLI-0293,SecureNet Suite,Login Issue,Low,2024-04-25,2024-04-26,43.3,48,Yes,Resolved,Divya Verma,Portal,3
TKT-00475,CLI-0080,DevOps Accelerator,Onboarding Support,High,2023-06-05,2023-06-05,6.0,8,Yes,Resolved,Nikhil Reddy,Email,3
TKT-01353,CLI-0197,SecureNet Suite,Login Issue,High,2024-08-28,2024-08-28,3.6,8,Yes,Resolved,Karan Gupta,Chat,3
TKT-01197,CLI-0201,DevOps Accelerator,Onboarding Support,Critical,2024-05-22,2024-05-22,4.2,4,No,Resolved,Karan Gupta,Chat,3
TKT-00183,CLI-0097,AnalyticsEdge,Billing Query,High,2024-05-20,,,8,Yes,In Progress,Ananya Joshi,Chat,
TKT-02965,CLI-0296,SecureNet Suite,Server Downtime,Low,2023-12-10,2023-12-11,26.7,48,Yes,Resolved,Rahul Das,Phone,4
TKT-03812,CLI-0123,AnalyticsEdge,Onboarding Support,Medium,2024-09-01,2024-09-01,7.2,24,Yes,Resolved,Kavya Iyer,Portal,4
TKT-00882,CLI-0219,AI Insights Module,Feature Request,Low,2024-12-05,,,48,No,Escalated,Nikhil Mehta,Chat,
TKT-01108,CLI-0064,CloudShift Platform,Dashboard Bug,Critical,03/12/2023,2023-03-12,3.5,4,Yes,Resolved,Priya Patel,Phone,5
TKT-02831,CLI-0011,AnalyticsEdge,Security Alert,Medium,2025-02-05,,,24,,Open,Rahul Das,Chat,
TKT-00504,CLI-0192,DevOps Accelerator,Performance Lag,Low,2024-03-30,2024-04-03,107.7,48,No,Resolved,Pooja Iyer,Phone,3
TKT-01795,CLI-0011,DevOps Accelerator,Login Issue,Medium,2023-11-27,2023-11-27,18.7,24,Yes,Resolved,Nikhil Mehta,Portal,5
TKT-03064,CLI-0077,DevOps Accelerator,Report Inaccuracy,Low,2023-01-11,2023-01-13,67.4,48,No,Resolved,Priya Patel,Email,2
TKT-01203,CLI-0038,CloudShift Platform,Security Alert,High,2024-07-09,,,8,Yes,Escalated,Nikhil Reddy,Chat,
TKT-01569,CLI-0279,CloudShift Platform,Dashboard Bug,Medium,2024-05-13,,,24,Yes,Open,Siddharth Reddy,Chat,
TKT-01891,CLI-0078,AnalyticsEdge,Billing Query,Low,06/05/2023,2023-06-05,5.7,48,Yes,Resolved,Pooja Patel,Phone,4
TKT-03177,CLI-0164,SecureNet Suite,Data Sync Error,High,2023-02-06,,,8,No,Open,Priya Patel,Chat,
TKT-02220,CLI-0034,AnalyticsEdge,Security Alert,Low,2024-11-23,,,48,No,Open,Rahul Das,Portal,
TKT-02218,CLI-0085,CloudShift Platform,Billing Query,High,2024-11-16,2024-11-16,14.5,8,No,Resolved,Deepika Mishra,Chat,4
TKT-02263,CLI-0258,DevOps Accelerator,Feature Request,High,2023-08-31,2023-08-31,4.1,8,Yes,Resolved,Karan Rao,Portal,
TKT-02866,CLI-0015,AI Insights Module,Billing Query,High,2024-01-03,2024-01-03,17.5,8,No,Resolved,Pooja Patel,Email,
TKT-02262,CLI-0193,DataVault Pro,Onboarding Support,Critical,05/06/2023,2023-05-06,3.0,4,Yes,Resolved,Ananya Joshi,Phone,5
TKT-03800,CLI-0250,CloudShift Platform,API Integration Failure,Critical,2023-11-22,,,4,No,In Progress,Rahul Das,Chat,
TKT-02418,CLI-0178,SecureNet Suite,Login Issue,High,2024-02-08,2024-02-08,8.5,8,No,Resolved,Nikhil Mehta,Portal,3
TKT-00495,CLI-0237,DataVault Pro,server downtime,High,2024-05-11,,,8,No,Escalated,Divya Reddy,Phone,
TKT-00308,CLI-0185,AnalyticsEdge,Data Sync Error,High,2024-12-30,,,8,No,Escalated,Rahul Das,Phone,
TKT-01399,CLI-0207,AI Insights Module,Data Sync Error,Critical,02/03/2025,2025-02-03,8.3,4,No,Resolved,Pooja Gupta,Portal,2
TKT-00051,CLI-0255,DevOps Accelerator,Security Alert,Medium,2023-10-11,2023-10-12,34.2,24,No,Resolved,Rahul Das,Chat,3
TKT-03444,CLI-0244,SecureNet Suite,Server Downtime,Medium,2023-09-06,,,24,No,Open,Pooja Gupta,Email,
TKT-02707,CLI-0131,DevOps Accelerator,Access Permission Issue,Low,2024-08-21,2024-08-23,51.6,48,,Resolved,Nikhil Reddy,Phone,4
TKT-01037,CLI-0289,DataVault Pro,Report Inaccuracy,High,2023-07-14,2023-07-14,3.0,8,Yes,Resolved,Ananya Joshi,Email,2
TKT-03070,CLI-0159,AnalyticsEdge,Performance Lag,Medium,2023-12-25,,,24,Yes,Open,Manish Nair,Portal,
TKT-02066,CLI-0198,SecureNet Suite,Onboarding Support,Medium,2024-06-26,2024-06-28,54.9,24,No,Resolved,Neha Gupta,Portal,3
TKT-01982,CLI-0046,SecureNet Suite,Onboarding Support,Critical,2024-11-23,2024-11-23,3.6,4,Yes,Resolved,Kavya Iyer,Email,3
TKT-03307,CLI-0093,CloudShift Platform,Report Inaccuracy,Medium,2023-07-28,,,24,Yes,Open,Pooja Gupta,Email,
TKT-00688,CLI-0083,AI Insights Module,API Integration Failure,Low,2024-07-16,2024-07-16,16.5,48,Yes,Resolved,Karan Gupta,Email,4
TKT-01983,CLI-0106,CloudShift Platform,Login Issue,Critical,2024-11-21,2024-11-21,0.7,4,Yes,Resolved,Karan Rao,Phone,4
TKT-03748,CLI-0268,AnalyticsEdge,Security Alert,Low,2025-02-09,,,48,Yes,In Progress,Karan Gupta,Phone,
TKT-01224,CLI-0001,DevOps Accelerator,Security Alert,Medium,2024-11-06,,,24,No,Open,Karan Rao,Phone,
TKT-00012,CLI-0011,DataVault Pro,Onboarding Support,Medium,2024-08-20,,,24,Yes,In Progress,Manish Nair,Phone,
TKT-01061,CLI-0272,SecureNet Suite,Onboarding Support,High,2023-05-20,2023-05-20,15.7,8,No,Resolved,Nikhil Reddy,Email,3
TKT-02177,CLI-0041,CloudShift Platform,API Integration Failure,High,2023-02-14,2023-02-14,18.8,8,No,Resolved,Rahul Das,Phone,3
TKT-03837,CLI-0190,SecureNet Suite,Login Issue,Medium,2024-03-07,2024-03-07,22.6,24,Yes,Resolved,Kavya Iyer,Email,
TKT-02359,CLI-0282,DataVault Pro,Dashboard Bug,Medium,2023-03-20,2023-03-20,4.5,24,Yes,Resolved,Pooja Iyer,Email,4
TKT-02095,CLI-0104,AnalyticsEdge,Billing Query,High,2024-04-06,2024-04-06,6.0,8,Yes,Resolved,Rahul Das,Portal,4
TKT-02852,CLI-0175,SecureNet Suite,Billing Query,Low,2024-08-09,2024-08-12,78.8,48,No,Resolved,Deepika Mishra,Phone,4
TKT-03133,CLI-0179,AI Insights Module,Data Sync Error,Medium,2023-08-05,07-08-2023,51.7,24,No,Resolved,Manish Nair,Email,2
TKT-03678,CLI-0127,SecureNet Suite,Data Sync Error,Medium,2024-05-08,,,24,No,In Progress,Arjun Mishra,Portal,
TKT-03413,CLI-0135,SecureNet Suite,API Integration Failure,Medium,2024-08-22,,,24,Yes,Open,Nikhil Reddy,Phone,
TKT-03726,CLI-0168,DataVault Pro,Onboarding Support,High,2023-07-04,,,8,Yes,In Progress,Nikhil Reddy,Portal,
TKT-00036,CLI-0040,AnalyticsEdge,Security Alert,Medium,2024-12-20,2024-12-21,35.6,24,,Resolved,Priya Nair,Chat,4
TKT-01647,CLI-0208,SecureNet Suite,Onboarding Support,Medium,2024-02-09,2024-02-09,16.7,24,Yes,Resolved,Arjun Mishra,Phone,4
TKT-01069,CLI-0185,DevOps Accelerator,Feature Request,Medium,2023-08-19,2023-08-19,18.3,24,,Resolved,Nikhil Mehta,Email,
TKT-01838,CLI-0202,AnalyticsEdge,Login Issue,High,2023-12-15,,,8,Yes,In Progress,Pooja Gupta,Chat,
TKT-01236,CLI-0085,DevOps Accelerator,Feature Request,Medium,10/14/2024,,,24,No,Escalated,Divya Reddy,Email,
TKT-03065,CLI-0035,AI Insights Module,Billing Query,High,2024-02-06,2024-02-06,6.8,8,Yes,Resolved,Priya Nair,Phone,3
TKT-01139,CLI-0154,CloudShift Platform,Access Permission Issue,High,2023-09-23,2023-09-23,3.6,8,,Resolved,Divya Reddy,Chat,5
TKT-03779,CLI-0163,DevOps Accelerator,Performance Lag,Low,2024-06-15,2024-06-17,55.4,48,No,Resolved,Divya Reddy,Phone,
TKT-02706,CLI-0033,SecureNet Suite,Login Issue,High,02/04/2024,,,8,Yes,Escalated,Arjun Mishra,Chat,
TKT-01022,CLI-0136,AnalyticsEdge,Performance Lag,Low,2024-03-25,2024-03-29,105.3,48,No,Resolved,Ananya Joshi,Chat,3
TKT-03675,CLI-0093,AI Insights Module,Onboarding Support,Low,2024-06-22,2024-06-23,26.4,48,Yes,Resolved,Priya Patel,Chat,4
TKT-00677,CLI-0253,AI Insights Module,Data Sync Error,Low,2024-03-14,,,48,Yes,Open,Ananya Joshi,Phone,
TKT-02627,CLI-0063,CloudShift Platform,Report Inaccuracy,Medium,2023-08-29,2023-08-31,49.2,24,No,Resolved,Nikhil Mehta,Chat,5
TKT-00818,CLI-0027,AI Insights Module,Login Issue,Medium,01/22/2023,2023-01-22,9.5,24,Yes,Resolved,Deepika Mishra,Portal,
TKT-03055,CLI-0173,DevOps Accelerator,Billing Query,Medium,2024-02-06,2024-02-07,36.1,24,No,Resolved,Priya Nair,Chat,2
TKT-00211,CLI-0093,AnalyticsEdge,Login Issue,High,2025-02-26,,,8,Yes,In Progress,Karan Gupta,Portal,
TKT-03854,CLI-0016,AnalyticsEdge,Login Issue,Critical,2024-10-18,2024-10-18,5.7,4,No,Resolved,Neha Gupta,Chat,5
TKT-01687,CLI-0064,AI Insights Module,Feature Request,High,2023-11-01,,,8,Yes,Open,Priya Nair,Portal,
TKT-03425,CLI-0253,AI Insights Module,Login Issue,High,2023-04-02,2023-04-02,8.5,8,No,Resolved,Pooja Iyer,Portal,
TKT-01298,CLI-0118,AnalyticsEdge,API Integration Failure,Low,2025-01-31,2025-02-03,85.7,48,No,Resolved,Divya Verma,Email,3
TKT-00754,CLI-0049,AnalyticsEdge,Access Permission Issue,Medium,2023-06-14,2023-06-14,8.5,24,Yes,Resolved,Rahul Das,Chat,5
TKT-02339,CLI-0102,DevOps Accelerator,Login Issue,Low,2023-04-12,2023-04-12,2.5,48,Yes,Resolved,Manish Nair,Portal,
TKT-02525,CLI-0105,SecureNet Suite,Feature Request,Low,2023-02-03,2023-02-05,50.7,48,No,Resolved,Nikhil Mehta,Phone,1
TKT-02307,CLI-0136,DevOps Accelerator,Data Sync Error,Medium,2023-03-21,2023-03-22,24.5,24,No,Resolved,Pooja Gupta,Phone,4
TKT-01109,CLI-0255,CloudShift Platform,Dashboard Bug,Medium,2023-09-28,2023-09-30,49.1,24,No,Resolved,Neha Gupta,Phone,5
TKT-00511,CLI-0022,AI Insights Module,Feature Request,High,2024-10-06,2024-10-06,10.1,8,No,Resolved,Pooja Patel,Chat,4
TKT-03924,CLI-0082,AI Insights Module,Onboarding Support,High,2023-10-29,2023-10-29,13.1,8,No,Resolved,Kavya Iyer,Chat,5
TKT-03481,CLI-0130,DataVault Pro,Onboarding Support,High,2023-12-19,,,8,No,Escalated,Manish Nair,Chat,
TKT-03958,CLI-0190,DevOps Accelerator,Data Sync Error,Low,2023-03-13,,,48,Yes,Open,Karan Gupta,Email,
TKT-02962,CLI-0274,CloudShift Platform,Data Sync Error,High,2023-06-09,,,8,No,Open,Karan Gupta,Phone,
TKT-02970,CLI-0108,AI Insights Module,Access Permission Issue,High,2023-01-05,,,8,No,Open,Nikhil Reddy,Portal,
TKT-00787,CLI-0053,AnalyticsEdge,Security Alert,Low,08/28/2023,2023-08-30,65.3,48,No,Resolved,Arjun Mishra,Email,4
TKT-02308,CLI-0144,CloudShift Platform,Report Inaccuracy,Medium,2024-11-30,,,24,No,Open,Ananya Joshi,Phone,
TKT-00792,CLI-0096,SecureNet Suite,Onboarding Support,Low,2025-02-26,2025-02-27,34.3,48,Yes,Resolved,Divya Verma,Chat,4
TKT-03574,CLI-0206,CloudShift Platform,Security Alert,High,10/09/2024,,,8,No,Open,Pooja Iyer,Chat,
TKT-01364,CLI-0098,CloudShift Platform,Server Downtime,Medium,2023-02-14,2023-02-14,6.3,24,Yes,Resolved,Neha Gupta,Email,4
TKT-01275,CLI-0292,DataVault Pro,Report Inaccuracy,Low,2024-02-26,2024-02-26,23.9,48,Yes,Resolved,Pooja Iyer,Chat,2
TKT-02979,CLI-0273,DevOps Accelerator,Server Downtime,Critical,2023-11-23,2023-11-23,8.6,4,No,Resolved,Priya Patel,Email,
TKT-00174,CLI-0142,AnalyticsEdge,Server Downtime,Medium,12/16/2024,2024-12-18,52.7,24,,Resolved,Pooja Gupta,Phone,
TKT-03182,CLI-0138,SecureNet Suite,Server Downtime,Medium,2023-03-29,,,24,Yes,Open,Kavya Iyer,Chat,
TKT-01561,CLI-0128,SecureNet Suite,Data  Sync  Error,Critical,2024-02-24,,,4,No,In Progress,Arjun Mishra,Chat,
TKT-00348,CLI-0005,AnalyticsEdge,Server Downtime,High,2024-09-30,2024-09-30,15.4,8,No,Resolved,Ananya Joshi,Phone,3
TKT-03440,CLI-0225,DevOps Accelerator,Feature  Request,High,2024-06-21,2024-06-21,5.4,8,Yes,Resolved,Neha Gupta,Email,2
TKT-00610,CLI-0194,AnalyticsEdge,Server Downtime,Low,2024-09-30,,,48,Yes,Open,Pooja Gupta,Chat,
TKT-01618,CLI-0139,AnalyticsEdge,Data Sync Error,Critical,2023-09-28,,,4,Yes,In Progress,Pooja Gupta,Portal,
TKT-02355,CLI-0267,DataVault Pro,API Integration Failure,Medium,2024-10-13,2024-10-13,15.1,24,Yes,Resolved,Priya Nair,Phone,4
TKT-02118,CLI-0197,DevOps Accelerator,Feature Request,Low,2023-09-22,2023-09-26,115.1,48,No,Resolved,Kavya Iyer,Portal,4
TKT-01593,CLI-0030,DataVault Pro,Onboarding Support,Medium,2024-05-30,2024-05-30,9.0,24,Yes,Resolved,Priya Patel,Phone,3
TKT-01330,CLI-0288,DataVault Pro,Onboarding Support,Medium,2023-04-09,,,24,No,Escalated,Divya Reddy,Phone,
TKT-02155,CLI-0240,DataVault Pro,Access Permission Issue,Low,2024-07-04,2024-07-07,85.2,48,No,Resolved,Rahul Das,Portal,1
TKT-00642,CLI-0162,AI Insights Module,onboarding support,Medium,2023-05-20,2023-05-22,56.3,24,No,Resolved,Priya Nair,Chat,3
TKT-00521,CLI-0033,CloudShift Platform,Performance Lag,Medium,2023-10-13,2023-10-15,52.1,24,No,Resolved,Priya Nair,Phone,4
TKT-02426,CLI-0228,DataVault Pro,Report Inaccuracy,Critical,2023-02-04,,,4,No,In Progress,Karan Gupta,Email,
TKT-02801,CLI-0161,AI Insights Module,billing query,Medium,2023-01-10,,,24,Yes,Open,Priya Patel,Phone,
TKT-02368,CLI-0101,DataVault Pro,Login Issue,Low,2023-01-28,2023-01-31,74.3,48,No,Resolved,Pooja Iyer,Chat,
TKT-03338,CLI-0273,AI Insights Module,Feature Request,Low,2024-08-24,2024-08-28,119.0,48,No,Resolved,Karan Rao,Phone,5
TKT-02216,CLI-0155,AI Insights Module,Security Alert,Medium,2024-11-13,2024-11-14,42.5,24,No,Resolved,Pooja Iyer,Phone,4
TKT-00184,CLI-0116,SecureNet Suite,Feature Request,Low,2024-02-08,2024-02-08,4.8,48,Yes,Resolved,Divya Reddy,Portal,4
TKT-03596,CLI-0290,AnalyticsEdge,API Integration Failure,Low,2024-08-16,2024-08-17,46.4,48,Yes,Resolved,Pooja Iyer,Chat,4
TKT-03926,CLI-0130,CloudShift Platform,Access Permission Issue,Low,2024-08-17,2024-08-20,91.7,48,No,Resolved,Ananya Joshi,Chat,1
TKT-02609,CLI-0257,DataVault Pro,Billing Query,Medium,03/21/2023,,,24,No,Open,Priya Patel,Phone,
TKT-01045,CLI-0237,CloudShift Platform,Billing Query,Low,2024-01-04,,,48,No,In Progress,Manish Nair,Phone,
TKT-01608,CLI-0101,AnalyticsEdge,API Integration Failure,Medium,2024-06-26,2024-06-27,36.9,24,No,Resolved,Manish Nair,Chat,4
TKT-02909,CLI-0259,DevOps Accelerator,Performance Lag,Medium,2024-01-22,,,24,Yes,Escalated,Priya Patel,Email,
TKT-02043,CLI-0223,DevOps Accelerator,API Integration Failure,Critical,2025-03-30,2025-03-30,4.2,4,No,Resolved,Nikhil Reddy,Phone,5
TKT-01122,CLI-0242,SecureNet Suite,Security Alert,High,2023-12-29,2023-12-29,18.7,8,No,Resolved,Neha Gupta,Portal,4
TKT-00078,CLI-0010,AnalyticsEdge,Dashboard Bug,Critical,2023-12-20,2023-12-20,7.8,4,No,Resolved,Divya Reddy,Chat,4
TKT-00037,CLI-0103,DevOps Accelerator,Feature Request,High,2023-07-04,2023-07-04,8.6,8,No,Resolved,Priya Patel,Portal,3
TKT-00955,CLI-0235,AI Insights Module,Feature Request,High,2024-06-10,2024-06-10,0.6,8,Yes,Resolved,Deepika Mishra,Portal,5
TKT-00945,CLI-0279,SecureNet Suite,API Integration Failure,Medium,2023-09-26,,,24,No,Open,,Chat,
TKT-00732,CLI-0268,AnalyticsEdge,Billing Query,Medium,2024-08-18,,,24,No,Escalated,Kavya Iyer,Email,
TKT-00150,CLI-0183,SecureNet Suite,Onboarding Support,Medium,2023-10-12,2023-10-12,18.3,24,Yes,Resolved,Arjun Mishra,Portal,4
TKT-03683,CLI-0216,DevOps Accelerator,Billing Query,Critical,2024-03-23,2024-03-23,2.0,4,Yes,Resolved,Nikhil Reddy,Email,5
TKT-01547,CLI-0198,AnalyticsEdge,Onboarding Support,High,2023-10-04,2023-10-04,5.4,8,Yes,Resolved,Siddharth Reddy,Email,5
TKT-02886,CLI-0198,DevOps Accelerator,Dashboard Bug,Low,2024-01-19,,,48,,In Progress,Pooja Gupta,Portal,
TKT-03117,CLI-0183,AI Insights Module,Onboarding Support,Medium,2024-08-10,2024-08-11,37.8,24,No,Resolved,Neha Gupta,Portal,5
TKT-01442,CLI-0160,DevOps Accelerator,Performance Lag,Low,2024-08-10,,,48,Yes,Escalated,Pooja Patel,Portal,
TKT-02168,CLI-0106,AnalyticsEdge,API Integration Failure,High,2023-12-03,2023-12-03,16.8,8,No,Resolved,Nikhil Reddy,Portal,
TKT-03258,CLI-0117,DevOps Accelerator,Performance Lag,High,2024-09-14,2024-09-14,11.7,8,No,Resolved,Karan Gupta,Portal,3
TKT-02325,CLI-0122,AI Insights Module,Performance Lag,Low,2024-07-31,2024-07-31,9.1,48,Yes,Resolved,,Email,4
TKT-01721,CLI-0208,AI Insights Module,Access Permission Issue,Low,2024-10-08,,,48,Yes,In Progress,Nikhil Mehta,Email,
TKT-01749,CLI-0049,SecureNet Suite,Onboarding Support,Low,01/12/2024,2024-01-14,49.2,48,No,Resolved,Priya Nair,Email,5
TKT-03223,CLI-0149,DataVault Pro,Performance Lag,Medium,2023-01-11,2023-01-11,15.5,24,,Resolved,Arjun Mishra,Chat,4
TKT-03671,CLI-0022,SecureNet Suite,Login Issue,Medium,2024-12-04,,,24,No,Open,Nikhil Mehta,Email,
TKT-02568,CLI-0149,DevOps Accelerator,Onboarding Support,Medium,2024-03-10,2024-03-10,4.4,24,Yes,Resolved,Pooja Iyer,Portal,3
TKT-01014,CLI-0229,AnalyticsEdge,Data Sync Error,High,2024-03-20,20-03-2024,9.9,8,No,Resolved,Rahul Das,Chat,3
TKT-01551,CLI-0020,AnalyticsEdge,Onboarding Support,High,2024-12-25,,,8,No,Open,Priya Nair,Portal,
TKT-02572,CLI-0132,DataVault Pro,Server Downtime,Medium,2024-12-24,,,24,No,Escalated,Nikhil Reddy,Chat,
TKT-00270,CLI-0192,DataVault Pro,API Integration Failure,High,2023-10-05,2023-10-05,13.7,8,No,Resolved,Rahul Das,Email,4
TKT-02103,CLI-0265,CloudShift Platform,Report Inaccuracy,Medium,2024-08-12,2024-08-12,4.4,24,Yes,Resolved,Priya Nair,Email,3
TKT-01459,CLI-0009,DataVault Pro,Report Inaccuracy,Medium,2023-10-08,,,24,Yes,In Progress,Priya Patel,Email,
TKT-02472,CLI-0191,DataVault Pro,Report Inaccuracy,High,2023-08-14,2023-08-14,1.7,8,Yes,Resolved,Karan Rao,Phone,3
TKT-00473,CLI-0289,AI Insights Module,Data Sync Error,Medium,2023-02-27,2023-02-28,27.2,24,No,Resolved,Pooja Gupta,Phone,5
TKT-00496,CLI-0250,SecureNet Suite,Feature Request,Medium,2025-02-25,2025-02-26,47.8,24,No,Resolved,Manish Nair,Phone,4
TKT-00778,CLI-0102,SecureNet Suite,API Integration Failure,Medium,2024-04-10,2024-04-11,27.8,24,No,Resolved,Pooja Gupta,Chat,
TKT-01907,CLI-0239,DevOps Accelerator,Security Alert,Medium,2023-04-05,2023-04-05,5.9,24,Yes,Resolved,Divya Verma,Portal,2
TKT-02856,CLI-0268,DataVault Pro,Report  Inaccuracy,Critical,2024-11-19,19-11-2024,2.6,4,Yes,Resolved,Priya Patel,Email,3
TKT-02298,CLI-0272,DevOps Accelerator,Onboarding Support,Medium,2023-11-06,2023-11-08,54.2,24,No,Resolved,Siddharth Reddy,Chat,2
TKT-01620,CLI-0019,CloudShift Platform,Security Alert,High,2023-10-04,2023-10-04,18.1,8,No,Resolved,Karan Rao,Phone,4
TKT-01351,CLI-0047,DevOps Accelerator,API Integration Failure,Low,2023-01-02,2023-01-04,50.2,48,,Resolved,Nikhil Mehta,Portal,5
TKT-03220,CLI-0274,AnalyticsEdge,Security Alert,High,11/07/2023,,,8,No,In Progress,Neha Gupta,Portal,
TKT-03357,CLI-0138,DevOps Accelerator,Onboarding Support,Critical,2024-05-25,2024-05-25,3.9,4,Yes,Resolved,Rahul Das,Phone,5
TKT-02882,CLI-0300,CloudShift Platform,Server Downtime,Medium,2023-08-07,2023-08-09,59.4,24,No,Resolved,Pooja Patel,Chat,2
TKT-02919,CLI-0147,DevOps Accelerator,Data Sync Error,Low,2024-11-03,2024-11-05,58.2,48,No,Resolved,Kavya Iyer,Email,5
TKT-00140,CLI-0106,DevOps Accelerator,API Integration Failure,Critical,2024-04-10,2024-04-10,8.2,4,No,Resolved,Siddharth Reddy,Email,3
TKT-00164,CLI-0099,DataVault Pro,Dashboard Bug,,2023-07-16,,,8,No,Open,Priya Patel,Email,
TKT-01475,CLI-0049,SecureNet Suite,Security Alert,Low,2023-02-15,,,48,No,Open,Pooja Patel,Chat,
TKT-02890,CLI-0123,AnalyticsEdge,Performance Lag,Low,2025-03-14,,,48,No,Open,Divya Verma,Chat,
TKT-02066,CLI-0198,SecureNet Suite,Onboarding Support,Medium,2024-06-26,2024-06-28,54.9,24,No,Resolved,Neha Gupta,Portal,3
TKT-02030,CLI-0267,CloudShift Platform,Billing  Query,Medium,2024-11-03,2024-11-05,49.2,24,No,Resolved,Deepika Mishra,Phone,3
TKT-01355,CLI-0116,DataVault Pro,Data Sync Error,Low,2023-03-25,2023-03-25,17.6,48,Yes,Resolved,Arjun Mishra,Email,5
TKT-01684,CLI-0187,DataVault Pro,Onboarding Support,High,2025-01-21,2025-01-21,14.5,8,No,Resolved,Pooja Gupta,Portal,4
TKT-01149,CLI-0092,DataVault Pro,Report Inaccuracy,High,2025-01-20,2025-01-20,19.2,8,No,Resolved,Nikhil Reddy,Portal,5
TKT-02686,CLI-0231,AnalyticsEdge,access permission issue,High,2024-12-13,,,8,No,Open,Pooja Patel,Portal,
TKT-00340,CLI-0243,DataVault Pro,Security Alert,Medium,2023-08-17,,,24,No,Escalated,Divya Verma,Phone,
TKT-03581,CLI-0132,AI Insights Module,Access Permission Issue,Low,2024-06-01,,,48,No,Escalated,Nikhil Mehta,Chat,
TKT-00932,CLI-0278,DataVault Pro,Report Inaccuracy,Medium,2024-10-20,,,24,No,Escalated,Pooja Patel,Portal,
TKT-03035,CLI-0121,AI Insights Module,Report Inaccuracy,Low,2023-09-01,,,48,No,In Progress,Arjun Mishra,Chat,
TKT-01019,CLI-0040,CloudShift Platform,Login Issue,High,2024-11-22,2024-11-22,19.0,8,No,Resolved,Deepika Mishra,Portal,
TKT-01640,CLI-0097,DevOps Accelerator,Access Permission Issue,Critical,06/28/2023,2023-06-28,10.0,4,No,Resolved,Priya Nair,Email,4
TKT-00116,CLI-0046,AI Insights Module,Report Inaccuracy,Critical,2024-12-05,2024-12-05,5.7,4,No,Resolved,Ananya Joshi,Email,
TKT-00175,CLI-0200,CloudShift Platform,Billing Query,Low,2024-05-30,2024-06-02,73.4,48,No,Resolved,Rahul Das,Chat,5
TKT-00933,CLI-0085,CloudShift Platform,Onboarding Support,Medium,2024-04-13,,,24,No,Escalated,Nikhil Mehta,Chat,
TKT-00406,CLI-0233,AI Insights Module,Server Downtime,High,2024-05-26,,,8,No,In Progress,Priya Patel,Chat,
TKT-02924,CLI-0260,DevOps Accelerator,Onboarding Support,Medium,2023-11-23,2023-11-25,50.2,24,No,Resolved,Priya Nair,Portal,4
TKT-02117,CLI-0058,SecureNet Suite,Billing Query,Medium,2024-04-23,2024-04-23,15.8,24,Yes,Resolved,Deepika Mishra,Email,5
TKT-02010,CLI-0280,AI Insights Module,Security Alert,Low,2025-01-06,,,48,No,In Progress,Nikhil Mehta,Email,
TKT-03437,CLI-0289,AnalyticsEdge,Dashboard Bug,Low,2025-01-29,31-01-2025,62.4,48,No,Resolved,Arjun Mishra,Phone,
TKT-03824,CLI-0095,DevOps Accelerator,api integration failure,Critical,07/28/2023,,,4,Yes,Escalated,Rahul Das,Phone,
TKT-00062,CLI-0237,DevOps Accelerator,Onboarding Support,Medium,2023-05-15,,,24,Yes,Open,Pooja Gupta,Chat,
TKT-00283,CLI-0195,AnalyticsEdge,Feature Request,Low,2024-04-08,2024-04-12,96.3,48,No,Resolved,Pooja Iyer,Phone,4
TKT-03731,CLI-0180,DataVault Pro,Dashboard Bug,Medium,2024-10-15,16-10-2024,24.5,24,No,Resolved,Pooja Patel,Chat,5
TKT-02009,CLI-0023,DevOps Accelerator,Feature Request,Low,2023-06-16,2023-06-16,4.8,48,Yes,Resolved,Rahul Das,Portal,2
TKT-02289,CLI-0268,DataVault Pro,Access Permission Issue,High,2023-07-01,2023-07-01,4.0,8,Yes,Resolved,Nikhil Mehta,Chat,2
TKT-03431,CLI-0167,AI Insights Module,Dashboard Bug,Low,2024-02-10,,,48,Yes,Escalated,Neha Gupta,Email,
TKT-03155,CLI-0246,CloudShift Platform,Security Alert,Low,2023-08-22,,,48,,Open,Karan Gupta,Email,
TKT-00655,CLI-0245,DevOps Accelerator,API Integration Failure,Medium,2024-06-14,,,24,No,Open,Priya Patel,Email,
TKT-02860,CLI-0166,CloudShift Platform,Security Alert,Critical,2023-02-25,25-02-2023,10.0,4,No,Resolved,Nikhil Reddy,Phone,5
TKT-01693,CLI-0024,DataVault Pro,Performance Lag,Medium,2024-08-23,2024-08-23,6.1,24,Yes,Resolved,Pooja Gupta,Portal,5
TKT-01691,CLI-0195,DataVault Pro,Login Issue,,2023-11-19,,,24,Yes,Open,Karan Rao,Phone,
TKT-01827,CLI-0219,DataVault Pro,Report Inaccuracy,Medium,10/04/2023,2023-10-05,44.6,24,,Resolved,,Portal,4
TKT-03907,CLI-0012,AI Insights Module,Performance Lag,Low,2023-07-21,,,48,No,Open,Priya Nair,Portal,
TKT-00057,CLI-0230,AnalyticsEdge,Feature Request,Medium,2024-10-15,,,24,No,In Progress,Deepika Mishra,Chat,
TKT-01026,CLI-0168,DevOps Accelerator,Report Inaccuracy,Medium,2024-04-07,2024-04-09,56.4,24,No,Resolved,Siddharth Reddy,Chat,
TKT-00199,CLI-0137,AI Insights Module,API Integration Failure,High,2023-03-31,2023-03-31,10.4,8,No,Resolved,Pooja Patel,Chat,3
TKT-02495,CLI-0206,CloudShift Platform,Performance Lag,Medium,2023-07-11,,,24,No,Escalated,Karan Gupta,Phone,
TKT-02063,CLI-0051,CloudShift Platform,Performance Lag,Low,2023-01-04,,,48,Yes,Escalated,Nikhil Reddy,Chat,
TKT-01189,CLI-0098,DataVault Pro,Data Sync Error,Low,2023-03-11,2023-03-14,92.7,48,No,Resolved,Kavya Iyer,Chat,3
TKT-00904,CLI-0093,AI Insights Module,Feature Request,Low,2023-11-08,2023-11-10,70.4,48,No,Resolved,Priya Patel,Chat,4
TKT-03777,CLI-0186,DataVault Pro,Feature Request,Medium,2024-01-27,,,24,No,In Progress,Pooja Iyer,Phone,
TKT-02301,CLI-0007,DevOps Accelerator,Onboarding Support,High,2023-10-10,2023-10-10,2.5,8,Yes,Resolved,Divya Verma,Phone,3
TKT-03248,CLI-0033,DevOps Accelerator,Dashboard Bug,Medium,2023-11-08,08-11-2023,21.4,24,Yes,Resolved,Ananya Joshi,Portal,5
TKT-03568,CLI-0012,AI Insights Module,Login Issue,Low,2024-09-08,,,48,No,Open,Karan Rao,Email,
TKT-03156,CLI-0011,SecureNet Suite,Login Issue,Low,2024-03-07,11-03-2024,111.4,48,No,Resolved,Pooja Gupta,Phone,4
TKT-02476,CLI-0149,DataVault Pro,Security Alert,High,2024-11-13,2024-11-13,12.4,8,No,Resolved,Rahul Das,Portal,3
TKT-00602,CLI-0150,DataVault Pro,Performance Lag,Medium,2024-10-19,2024-10-20,28.9,24,No,Resolved,,Phone,4
TKT-01770,CLI-0194,AnalyticsEdge,Data Sync Error,High,2023-02-20,2023-02-20,9.0,8,No,Resolved,Rahul Das,Phone,2
TKT-00038,CLI-0161,DevOps Accelerator,Report Inaccuracy,Medium,2023-11-24,2023-11-25,31.3,24,No,Resolved,Rahul Das,Portal,3
TKT-01486,CLI-0082,CloudShift Platform,Onboarding Support,Medium,2025-02-17,2025-02-19,48.3,24,No,Resolved,Priya Patel,Phone,4
TKT-03796,CLI-0196,AI Insights Module,Security Alert,Medium,2023-11-20,,,24,Yes,Open,Arjun Mishra,Chat,
TKT-01340,CLI-0194,DataVault Pro,Performance Lag,Low,2023-11-22,2023-11-25,90.3,48,No,Resolved,Priya Patel,Chat,5
TKT-02514,CLI-0105,AnalyticsEdge,Data Sync Error,Low,2024-10-28,2024-11-01,119.0,48,No,Resolved,Manish Nair,Phone,5
TKT-01851,CLI-0078,DevOps Accelerator,Data Sync Error,Critical,2023-11-21,2023-11-21,2.1,4,Yes,Resolved,Neha Gupta,Email,2
TKT-03375,CLI-0022,CloudShift Platform,Data  Sync  Error,Critical,01/08/2024,2024-01-08,3.7,4,Yes,Resolved,Pooja Iyer,Email,4
TKT-01909,CLI-0219,AI Insights Module,Dashboard Bug,Critical,2023-07-30,2023-07-30,8.6,4,No,Resolved,Divya Reddy,Email,5
TKT-02973,CLI-0011,AnalyticsEdge,Access Permission Issue,High,2024-04-22,2024-04-22,4.3,8,Yes,Resolved,Divya Verma,Email,
TKT-00337,CLI-0250,AI Insights Module,Login Issue,Medium,2023-06-11,2023-06-11,11.2,24,Yes,Resolved,Karan Gupta,Chat,3
TKT-03561,CLI-0118,DataVault Pro,API Integration Failure,Medium,2024-04-19,,,24,No,In Progress,Kavya Iyer,Email,
TKT-03101,CLI-0239,DevOps Accelerator,server downtime,Medium,2023-11-25,,,24,No,Escalated,Karan Gupta,Chat,
TKT-01596,CLI-0292,AI Insights Module,Report Inaccuracy,Medium,06/30/2024,2024-07-01,36.7,24,No,Resolved,Pooja Gupta,Chat,4
TKT-00662,CLI-0293,AI Insights Module,Feature Request,High,2023-09-12,,,8,Yes,Open,Nikhil Reddy,Phone,
TKT-03192,CLI-0275,AnalyticsEdge,Performance Lag,Medium,2024-10-04,2024-10-04,6.0,24,Yes,Resolved,Pooja Gupta,Chat,5
TKT-00505,CLI-0136,DataVault Pro,Dashboard Bug,Low,2023-03-19,,,48,No,Escalated,Pooja Gupta,Chat,
TKT-02351,CLI-0183,AnalyticsEdge,Security Alert,Medium,2025-03-24,26-03-2025,51.2,24,No,Resolved,Siddharth Reddy,Phone,
TKT-00887,CLI-0177,AI Insights Module,Access Permission Issue,High,2023-01-25,25-01-2023,1.8,8,Yes,Resolved,Neha Gupta,Chat,5
TKT-01621,CLI-0250,AI Insights Module,api integration failure,Critical,2023-01-01,2023-01-01,9.6,4,No,Resolved,Priya Nair,Email,3
TKT-03619,CLI-0005,AI Insights Module,API Integration Failure,Medium,2023-12-14,,,24,No,In Progress,Ananya Joshi,Chat,
TKT-00575,CLI-0013,CloudShift Platform,Billing Query,Medium,2024-03-30,2024-03-31,45.0,24,No,Resolved,Neha Gupta,Email,5
TKT-03147,CLI-0175,AI Insights Module,Feature Request,,2024-09-11,,,24,No,Open,Arjun Mishra,Portal,
TKT-03872,CLI-0173,DevOps Accelerator,Feature Request,Critical,2023-05-04,,,4,Yes,Open,Ananya Joshi,Portal,
TKT-01099,CLI-0262,AnalyticsEdge,Report Inaccuracy,High,2023-04-19,,,8,No,Open,Kavya Iyer,Portal,
TKT-03321,CLI-0113,SecureNet Suite,Access Permission Issue,High,2023-01-12,2023-01-12,9.9,8,No,Resolved,Pooja Gupta,Email,5
TKT-03448,CLI-0012,AI Insights Module,Report Inaccuracy,High,2024-12-23,2024-12-23,15.1,8,No,Resolved,Pooja Iyer,Phone,
TKT-03575,CLI-0260,CloudShift Platform,Login Issue,Low,2023-08-26,2023-08-27,37.9,48,Yes,Resolved,Siddharth Reddy,Phone,
TKT-00138,CLI-0103,AnalyticsEdge,Performance Lag,Medium,06/07/2023,,,24,No,In Progress,Divya Verma,Chat,
TKT-02813,CLI-0272,SecureNet Suite,Security Alert,Low,2023-04-18,2023-04-19,34.4,48,Yes,Resolved,Arjun Mishra,Phone,
TKT-00163,CLI-0033,DevOps Accelerator,server downtime,High,05/12/2023,,,8,Yes,Open,Pooja Patel,Email,
TKT-02072,CLI-0023,SecureNet Suite,Onboarding Support,Low,2023-11-24,2023-11-26,68.0,48,No,Resolved,Karan Gupta,Chat,4
TKT-02921,CLI-0051,SecureNet Suite,Login Issue,Medium,2023-08-14,2023-08-16,53.8,24,No,Resolved,Nikhil Reddy,Email,5
TKT-01979,CLI-0266,DataVault Pro,Server Downtime,High,2023-05-31,,,8,,In Progress,Arjun Mishra,Email,
TKT-02959,CLI-0280,DevOps Accelerator,Security Alert,Critical,12/14/2023,2023-12-14,7.9,4,No,Resolved,Karan Rao,Phone,5
TKT-03541,CLI-0031,AI Insights Module,Server Downtime,High,2024-03-02,2024-03-02,14.1,8,No,Resolved,Pooja Gupta,Chat,4
TKT-01705,CLI-0074,DevOps Accelerator,API Integration Failure,Low,2025-03-21,,,48,No,Open,Pooja Iyer,Phone,
TKT-00954,CLI-0132,DevOps Accelerator,Onboarding Support,Low,2023-12-16,,,48,Yes,In Progress,Manish Nair,Portal,
TKT-03847,CLI-0089,DataVault Pro,Server Downtime,Medium,2023-12-16,2023-12-17,34.0,24,No,Resolved,Neha Gupta,Chat,4
TKT-00115,CLI-0125,DataVault Pro,Billing Query,Low,2025-02-19,,,48,No,Escalated,Pooja Iyer,Phone,
TKT-00108,CLI-0087,DataVault Pro,Report Inaccuracy,Critical,2023-01-03,,,4,No,Open,Arjun Mishra,Phone,
TKT-02761,CLI-0153,CloudShift Platform,Security Alert,Medium,2023-04-16,2023-04-17,36.3,24,No,Resolved,Manish Nair,Chat,3
TKT-00067,CLI-0263,CloudShift Platform,API Integration Failure,Low,2024-07-14,,,48,No,Escalated,Nikhil Reddy,Chat,
TKT-01627,CLI-0127,CloudShift Platform,Security Alert,Medium,2023-02-03,2023-02-04,44.0,24,No,Resolved,Pooja Gupta,Portal,5
TKT-03620,CLI-0138,DataVault Pro,Dashboard Bug,Medium,2023-06-18,2023-06-18,12.3,24,Yes,Resolved,Karan Rao,Chat,1
TKT-01888,CLI-0086,AI Insights Module,API Integration Failure,Medium,2023-06-12,,,24,Yes,In Progress,Divya Verma,Phone,
TKT-03604,CLI-0083,AnalyticsEdge,Dashboard Bug,Medium,2023-12-05,,,24,Yes,In Progress,Ananya Joshi,Portal,
TKT-00274,CLI-0247,DataVault Pro,Performance Lag,Low,2024-12-31,2024-12-31,20.7,48,Yes,Resolved,Arjun Mishra,Phone,4
TKT-02489,CLI-0299,DevOps Accelerator,Access Permission Issue,High,2024-05-06,,,8,No,Open,Karan Rao,Email,
TKT-01440,CLI-0147,DevOps Accelerator,Report Inaccuracy,High,2023-10-13,,,8,No,Escalated,Ananya Joshi,Phone,
TKT-03078,CLI-0066,DataVault Pro,Security Alert,Low,2023-11-06,2023-11-07,43.0,48,Yes,Resolved,Rahul Das,Portal,4
TKT-03276,CLI-0077,AI Insights Module,Onboarding Support,High,2025-01-08,,,8,No,Open,Nikhil Reddy,Chat,
TKT-01128,CLI-0242,DevOps Accelerator,Server Downtime,Medium,2023-12-07,2023-12-08,35.3,24,No,Resolved,Ananya Joshi,Chat,2
TKT-02211,CLI-0127,AnalyticsEdge,Report Inaccuracy,Low,2024-06-02,,,48,No,Open,Priya Patel,Email,
TKT-01066,CLI-0281,DevOps Accelerator,API Integration Failure,Low,2024-06-25,,,48,No,In Progress,Deepika Mishra,Chat,
TKT-00626,CLI-0090,AI Insights Module,Dashboard Bug,Critical,2023-08-25,2023-08-25,8.5,4,No,Resolved,Pooja Patel,Email,5
TKT-03366,CLI-0081,CloudShift Platform,Onboarding Support,High,2023-09-13,,,8,No,In Progress,Priya Nair,Email,
TKT-02878,CLI-0117,SecureNet Suite,Access Permission Issue,Medium,2023-03-03,,,24,No,In Progress,Nikhil Reddy,Chat,
TKT-00612,CLI-0040,DataVault Pro,API Integration Failure,High,2024-11-04,,,8,No,Open,Pooja Patel,Chat,
TKT-00734,CLI-0089,DataVault Pro,Billing Query,Low,2023-03-24,2023-03-27,84.1,48,No,Resolved,Karan Rao,Portal,4
TKT-01145,CLI-0179,AI Insights Module,Report Inaccuracy,Low,2023-11-14,,,48,Yes,In Progress,Neha Gupta,Email,
TKT-00430,CLI-0216,DataVault Pro,Performance Lag,Medium,2023-04-10,2023-04-11,24.4,24,No,Resolved,Rahul Das,Email,5
TKT-02449,CLI-0211,DataVault Pro,Server Downtime,Medium,2024-01-27,,,24,No,Open,Priya Patel,Phone,
TKT-03657,CLI-0012,AnalyticsEdge,Security Alert,Medium,2023-08-23,2023-08-25,56.6,24,No,Resolved,,Portal,5
TKT-00500,CLI-0204,AnalyticsEdge,Security Alert,Medium,2024-09-02,2024-09-03,39.6,24,No,Resolved,Karan Gupta,Chat,
TKT-01777,CLI-0219,SecureNet Suite,Data Sync Error,High,02/01/2023,2023-02-01,19.2,8,No,Resolved,Rahul Das,Phone,3
TKT-01706,CLI-0075,AI Insights Module,Feature Request,Low,2024-09-17,,,48,,In Progress,Nikhil Mehta,Portal,
TKT-01726,CLI-0118,SecureNet Suite,Security Alert,Low,2025-03-02,2025-03-05,76.3,48,No,Resolved,Priya Nair,Email,4
TKT-01952,CLI-0132,CloudShift Platform,Data Sync Error,High,06/20/2023,,,8,No,In Progress,Nikhil Mehta,Email,
TKT-03029,CLI-0002,DataVault Pro,Onboarding Support,High,2024-06-21,2024-06-21,17.3,8,No,Resolved,Rahul Das,Phone,5
TKT-00813,CLI-0189,AI Insights Module,Login Issue,Medium,2024-10-15,,,24,No,Open,Divya Reddy,Phone,
TKT-01311,CLI-0180,CloudShift Platform,Performance Lag,Medium,2024-05-03,,,24,Yes,In Progress,Manish Nair,Email,
TKT-02881,CLI-0151,SecureNet Suite,Access Permission Issue,Low,2023-04-11,2023-04-15,113.6,48,No,Resolved,Priya Nair,Chat,5
TKT-03895,CLI-0098,AnalyticsEdge,Server Downtime,Low,2023-05-13,,,48,No,Open,Rahul Das,Email,
TKT-00851,CLI-0218,DataVault Pro,report inaccuracy,Medium,2025-02-19,21-02-2025,53.4,24,No,Resolved,Divya Reddy,Chat,
TKT-03704,CLI-0166,SecureNet Suite,API Integration Failure,Medium,2024-03-12,2024-03-12,17.8,24,Yes,Resolved,Kavya Iyer,Portal,4
TKT-00415,CLI-0266,SecureNet Suite,Feature Request,Critical,2024-01-21,,,4,No,In Progress,Priya Nair,Phone,
TKT-01707,CLI-0075,SecureNet Suite,Security Alert,High,2024-06-22,2024-06-22,18.7,8,No,Resolved,Rahul Das,Email,5
TKT-02205,CLI-0038,SecureNet Suite,API Integration Failure,Medium,2023-12-16,,,24,No,Escalated,,Portal,
TKT-00394,CLI-0290,CloudShift Platform,Data Sync Error,Medium,2024-11-22,2024-11-23,41.5,24,No,Resolved,Karan Gupta,Chat,
TKT-03802,CLI-0233,SecureNet Suite,Performance Lag,High,2024-09-08,2024-09-08,4.8,8,Yes,Resolved,Deepika Mishra,Portal,
TKT-00279,CLI-0032,DataVault Pro,Data Sync Error,High,2024-12-29,2024-12-29,3.8,8,Yes,Resolved,Priya Patel,Phone,4
TKT-02184,CLI-0090,SecureNet Suite,Report Inaccuracy,Low,2025-02-25,2025-02-25,19.8,48,Yes,Resolved,Kavya Iyer,Chat,5
TKT-01235,CLI-0041,CloudShift Platform,Data Sync Error,High,2023-08-18,,,8,No,In Progress,Karan Rao,Email,
TKT-01289,CLI-0131,DevOps Accelerator,Billing Query,Medium,2024-06-22,2024-06-24,52.7,24,No,Resolved,Deepika Mishra,Email,4
TKT-00359,CLI-0080,SecureNet Suite,Billing Query,,2025-03-16,,,24,No,Escalated,Ananya Joshi,Portal,
TKT-03719,CLI-0274,AnalyticsEdge,Billing Query,Medium,2024-01-17,2024-01-17,7.6,24,Yes,Resolved,Manish Nair,Portal,5
TKT-02403,CLI-0143,SecureNet Suite,Feature Request,High,2023-03-08,2023-03-08,7.9,8,Yes,Resolved,Pooja Patel,Email,2
TKT-03594,CLI-0047,DataVault Pro,Onboarding Support,Medium,2023-08-14,2023-08-16,54.3,24,No,Resolved,Nikhil Reddy,Chat,4
TKT-01896,CLI-0082,CloudShift Platform,Access Permission Issue,Medium,2024-03-10,2024-03-11,24.5,24,No,Resolved,Rahul Das,Portal,3
TKT-00856,CLI-0168,DataVault Pro,Security Alert,Medium,11/01/2023,2023-11-02,38.6,24,No,Resolved,,Chat,5
TKT-03551,CLI-0253,AI Insights Module,Security Alert,Medium,2024-02-26,2024-02-26,11.0,24,Yes,Resolved,Arjun Mishra,Phone,4
TKT-02933,CLI-0010,DevOps Accelerator,Performance Lag,High,2025-02-08,2025-02-08,14.3,8,No,Resolved,Neha Gupta,Portal,4
TKT-03878,CLI-0228,AnalyticsEdge,Onboarding Support,Medium,2023-11-10,2023-11-10,16.9,24,Yes,Resolved,Ananya Joshi,Portal,5
TKT-03442,CLI-0128,AI Insights Module,Onboarding Support,Medium,2024-10-14,2024-10-14,13.8,24,Yes,Resolved,Rahul Das,Chat,2
TKT-03454,CLI-0105,CloudShift Platform,Login Issue,Low,2023-04-05,,,48,No,In Progress,Nikhil Mehta,Email,
TKT-01902,CLI-0022,AI Insights Module,Billing Query,High,2023-08-14,2023-08-14,14.1,8,No,Resolved,Priya Patel,Phone,1
TKT-00132,CLI-0151,AI Insights Module,Security Alert,High,2024-05-22,2024-05-22,14.2,8,No,Resolved,Rahul Das,Email,5
TKT-03337,CLI-0037,CloudShift Platform,Login Issue,Medium,2023-10-16,2023-10-16,18.7,24,Yes,Resolved,Ananya Joshi,Email,1
TKT-00936,CLI-0155,AI Insights Module,Performance Lag,High,2024-04-09,,,8,No,In Progress,Priya Nair,Portal,
TKT-01051,CLI-0208,DevOps Accelerator,Data Sync Error,Low,2024-08-10,2024-08-10,8.8,48,Yes,Resolved,Arjun Mishra,Email,
TKT-02132,CLI-0075,DevOps Accelerator,API Integration Failure,Medium,2025-03-26,,,24,No,Escalated,Manish Nair,Chat,
TKT-00858,CLI-0260,SecureNet Suite,Security Alert,Medium,2024-06-05,,,24,No,Open,Deepika Mishra,Phone,
TKT-00655,CLI-0245,DevOps Accelerator,API Integration Failure,Medium,2024-06-14,,,24,No,Open,Priya Patel,Email,
TKT-02450,CLI-0162,DataVault Pro,Login Issue,Low,2024-03-15,2024-03-17,50.8,48,No,Resolved,Divya Reddy,Phone,4
TKT-01182,CLI-0297,SecureNet Suite,Billing Query,High,2023-04-08,2023-04-08,9.8,8,No,Resolved,Nikhil Mehta,Email,4
TKT-01135,CLI-0267,SecureNet Suite,Billing Query,Medium,2023-07-26,2023-07-28,51.1,24,No,Resolved,Pooja Gupta,Email,3
TKT-01170,CLI-0297,CloudShift Platform,Report Inaccuracy,Critical,2024-07-13,2024-07-13,7.3,4,No,Resolved,Rahul Das,Chat,4
TKT-03727,CLI-0206,SecureNet Suite,Server Downtime,Critical,2024-08-11,11-08-2024,2.9,4,Yes,Resolved,Pooja Patel,Portal,2
TKT-02716,CLI-0288,SecureNet Suite,Feature Request,,2023-04-20,,,24,No,In Progress,Nikhil Reddy,Phone,
TKT-00870,CLI-0024,CloudShift Platform,Report Inaccuracy,Low,2023-07-24,2023-07-24,16.2,48,Yes,Resolved,Neha Gupta,Phone,4
TKT-00624,CLI-0034,DevOps Accelerator,API Integration Failure,Low,2024-01-10,2024-01-14,113.1,48,,Resolved,,Email,3
TKT-02075,CLI-0008,DevOps Accelerator,Onboarding Support,Medium,2024-06-17,,,24,No,In Progress,Arjun Mishra,Email,
TKT-03429,CLI-0300,SecureNet Suite,Data Sync Error,High,2024-04-11,2024-04-11,13.2,8,No,Resolved,Nikhil Mehta,Chat,4
TKT-01595,CLI-0016,DataVault Pro,Onboarding Support,Low,2023-07-10,,,48,No,Escalated,Manish Nair,Phone,
TKT-03934,CLI-0182,DataVault Pro,Report Inaccuracy,High,2024-03-05,2024-03-05,8.5,8,No,Resolved,Kavya Iyer,Phone,3
TKT-02161,CLI-0006,DevOps Accelerator,Performance Lag,Critical,2024-01-02,2024-01-02,2.5,4,Yes,Resolved,Priya Patel,Portal,2
TKT-01949,CLI-0231,AI Insights Module,Login Issue,Medium,2025-03-29,2025-03-31,59.9,24,No,Resolved,Priya Nair,Phone,4
TKT-03715,CLI-0120,CloudShift Platform,Data Sync Error,Medium,2023-09-30,2023-10-01,41.5,24,No,Resolved,Priya Nair,Email,4
TKT-02031,CLI-0288,DataVault Pro,Feature Request,Low,2023-06-08,2023-06-12,112.9,48,No,Resolved,Priya Nair,Portal,5
TKT-00310,CLI-0227,SecureNet Suite,Server Downtime,High,2023-09-27,2023-09-27,11.0,8,No,Resolved,Arjun Mishra,Chat,4
TKT-03402,CLI-0163,DevOps Accelerator,Dashboard Bug,High,09/29/2023,,,8,No,Open,Pooja Gupta,Email,
TKT-01408,CLI-0034,AnalyticsEdge,Security Alert,Medium,2025-01-18,2025-01-19,33.5,24,No,Resolved,Ananya Joshi,Portal,
TKT-01209,CLI-0236,CloudShift Platform,Report Inaccuracy,Medium,2025-03-31,2025-04-02,55.6,24,No,Resolved,Ananya Joshi,Phone,3
TKT-02504,CLI-0009,DevOps Accelerator,Access Permission Issue,Medium,2024-06-10,,,24,No,In Progress,Pooja Iyer,Chat,
TKT-01376,CLI-0083,SecureNet Suite,Server Downtime,Medium,2023-03-14,2023-03-15,33.9,24,,Resolved,Priya Patel,Portal,3
TKT-00977,CLI-0010,CloudShift Platform,Security Alert,Medium,2023-12-30,,,24,Yes,In Progress,Karan Rao,Portal,
TKT-03721,CLI-0132,SecureNet Suite,Billing Query,Medium,2024-05-21,2024-05-21,3.8,24,,Resolved,Pooja Patel,Email,5
TKT-02274,CLI-0006,AI Insights Module,Security Alert,Medium,2024-05-15,,,24,Yes,In Progress,Nikhil Mehta,Phone,
TKT-01526,CLI-0046,CloudShift Platform,API Integration Failure,Low,2024-06-15,2024-06-17,61.7,48,No,Resolved,Karan Rao,Portal,4
TKT-00154,CLI-0203,SecureNet Suite,Security Alert,Low,2023-03-13,,,48,No,Open,Priya Patel,Portal,
TKT-02192,CLI-0245,AI Insights Module,Login Issue,Medium,2023-01-13,2023-01-13,16.8,24,Yes,Resolved,Manish Nair,Phone,5
TKT-00470,CLI-0206,CloudShift Platform,Dashboard Bug,Low,2024-07-21,2024-07-23,61.7,48,No,Resolved,Arjun Mishra,Portal,5
TKT-03369,CLI-0262,AI Insights Module,Login Issue,,2024-04-17,2024-04-18,35.3,24,No,Resolved,Karan Gupta,Phone,5
TKT-02530,CLI-0298,AI Insights Module,Data Sync Error,Medium,2023-08-30,2023-08-31,45.0,24,No,Resolved,Karan Gupta,Email,4
TKT-03753,CLI-0169,DataVault Pro,billing query,Low,2023-01-27,2023-01-28,41.0,48,Yes,Resolved,Pooja Patel,Portal,3
TKT-01742,CLI-0069,DataVault Pro,Data Sync Error,Medium,2023-10-13,2023-10-13,5.8,24,Yes,Resolved,Ananya Joshi,Email,4
TKT-01156,CLI-0106,DevOps Accelerator,API Integration Failure,Low,2023-09-22,2023-09-26,109.0,48,No,Resolved,Divya Reddy,Chat,4
TKT-00408,CLI-0058,AnalyticsEdge,Feature Request,High,03/03/2024,2024-03-03,10.5,8,No,Resolved,Pooja Gupta,Chat,4
TKT-01446,CLI-0077,AI Insights Module,Server Downtime,High,2023-12-16,2023-12-16,16.9,8,No,Resolved,Priya Nair,Chat,4
TKT-03818,CLI-0128,DevOps Accelerator,Server Downtime,High,2024-11-05,,,8,No,In Progress,Pooja Iyer,Chat,
TKT-02704,CLI-0278,DevOps Accelerator,Billing Query,High,2023-05-30,,,8,Yes,Escalated,Priya Patel,Phone,
TKT-01683,CLI-0129,AnalyticsEdge,Login Issue,Low,2023-01-07,2023-01-07,22.1,48,Yes,Resolved,,Email,3
TKT-03583,CLI-0103,DevOps Accelerator,Dashboard Bug,High,06/03/2023,,,8,No,Open,Priya Nair,Phone,
TKT-02204,CLI-0107,DevOps Accelerator,Billing Query,High,2023-04-08,2023-04-08,8.4,8,No,Resolved,Pooja Patel,Portal,4
TKT-02795,CLI-0131,DataVault Pro,Report Inaccuracy,Medium,2023-08-27,27-08-2023,5.5,24,Yes,Resolved,Ananya Joshi,Chat,4
TKT-03950,CLI-0211,AnalyticsEdge,Billing Query,Low,2024-02-05,2024-02-07,66.8,48,No,Resolved,Nikhil Mehta,Chat,
TKT-02188,CLI-0074,DevOps Accelerator,Security Alert,Critical,2024-04-10,,,4,No,In Progress,Pooja Iyer,Portal,
TKT-02790,CLI-0072,SecureNet Suite,Feature Request,Low,2024-09-08,,,48,No,Open,Manish Nair,Portal,
TKT-01850,CLI-0054,DataVault Pro,Performance Lag,Medium,2024-03-04,2024-03-06,59.8,24,No,Resolved,Deepika Mishra,Chat,5
TKT-01915,CLI-0240,CloudShift Platform,Server Downtime,Medium,2023-09-10,,,24,No,Open,Nikhil Mehta,Portal,
TKT-01213,CLI-0107,CloudShift Platform,Dashboard Bug,Medium,2024-03-09,,,24,No,Escalated,Deepika Mishra,Portal,
TKT-01094,CLI-0213,DevOps Accelerator,Login  Issue,Medium,2025-01-13,,,24,Yes,Open,Karan Gupta,Chat,
TKT-01495,CLI-0001,AI Insights Module,Server Downtime,High,2025-03-28,2025-03-28,3.4,8,Yes,Resolved,Priya Nair,Portal,4
TKT-01414,CLI-0224,AnalyticsEdge,Report Inaccuracy,Medium,2023-03-05,,,24,No,Open,Nikhil Mehta,Phone,
TKT-01457,CLI-0262,DevOps Accelerator,Onboarding Support,Medium,2023-05-20,,,24,No,In Progress,Rahul Das,Chat,
TKT-01733,CLI-0104,SecureNet Suite,Server Downtime,High,2023-02-13,2023-02-13,17.8,8,No,Resolved,Ananya Joshi,Phone,3
TKT-01718,CLI-0050,AnalyticsEdge,Security Alert,High,2025-01-14,2025-01-14,13.4,8,,Resolved,Nikhil Mehta,Phone,5
TKT-01658,CLI-0077,AI Insights Module,Server Downtime,Low,2023-10-22,,,48,Yes,In Progress,Siddharth Reddy,Chat,
TKT-02354,CLI-0158,SecureNet Suite,Security Alert,Medium,2024-12-31,,,24,Yes,Escalated,Priya Nair,Chat,
TKT-00581,CLI-0201,AnalyticsEdge,Access Permission Issue,Medium,2023-10-29,2023-10-31,57.2,24,No,Resolved,,Email,2
TKT-01920,CLI-0043,CloudShift Platform,Feature Request,Medium,2025-02-18,2025-02-19,39.6,24,No,Resolved,Pooja Iyer,Phone,4
TKT-02925,CLI-0209,DataVault Pro,Login Issue,High,2024-08-18,2024-08-18,18.9,8,No,Resolved,Priya Nair,Chat,5
TKT-03665,CLI-0170,AI Insights Module,Billing Query,High,2023-11-08,,,8,Yes,In Progress,Pooja Gupta,Chat,
TKT-03750,CLI-0025,SecureNet Suite,Access Permission Issue,Low,2023-03-22,2023-03-22,9.9,48,Yes,Resolved,Deepika Mishra,Phone,5
TKT-02776,CLI-0061,AnalyticsEdge,API Integration Failure,Critical,2023-08-23,,,4,No,In Progress,Divya Reddy,Email,
TKT-00437,CLI-0278,DataVault Pro,Dashboard Bug,Low,2023-07-25,2023-07-25,9.8,48,Yes,Resolved,Karan Rao,Chat,5
TKT-03716,CLI-0241,DevOps Accelerator,Data Sync Error,Medium,2023-07-28,,,24,No,Escalated,Manish Nair,Phone,
TKT-01149,CLI-0092,DataVault Pro,Report Inaccuracy,High,2025-01-20,2025-01-20,19.2,8,No,Resolved,Nikhil Reddy,Portal,5
TKT-01834,CLI-0140,DevOps Accelerator,API Integration Failure,Medium,2023-10-09,,,24,Yes,In Progress,Pooja Gupta,Phone,
TKT-01018,CLI-0050,DevOps Accelerator,Server Downtime,Low,2024-01-13,,,48,Yes,In Progress,Kavya Iyer,Portal,
TKT-03158,CLI-0039,AI Insights Module,Login Issue,Low,2024-01-14,2024-01-18,115.1,48,No,Resolved,Karan Rao,Phone,3
TKT-00033,CLI-0220,CloudShift Platform,Server Downtime,Critical,2023-05-11,2023-05-11,6.4,4,No,Resolved,Manish Nair,Email,4
TKT-00587,CLI-0213,DataVault Pro,Billing Query,High,2023-05-29,,,8,Yes,Open,Pooja Patel,Phone,
TKT-01320,CLI-0143,SecureNet Suite,Onboarding Support,Medium,2023-01-11,,,24,Yes,In Progress,Siddharth Reddy,Chat,
TKT-00227,CLI-0111,SecureNet Suite,API Integration Failure,Medium,2024-12-14,14-12-2024,16.6,24,Yes,Resolved,Ananya Joshi,Phone,5
TKT-03324,CLI-0162,AI Insights Module,Report Inaccuracy,Critical,2025-02-26,2025-02-26,7.3,4,No,Resolved,Kavya Iyer,Chat,4
TKT-03367,CLI-0279,DataVault Pro,Dashboard Bug,Medium,2025-01-03,03-01-2025,1.4,24,Yes,Resolved,Deepika Mishra,Phone,2
TKT-03508,CLI-0013,CloudShift Platform,Login Issue,Low,2023-08-27,2023-08-30,85.2,48,No,Resolved,Pooja Iyer,Chat,5
TKT-03849,CLI-0089,CloudShift Platform,API Integration Failure,High,2023-04-05,,,8,Yes,Escalated,Pooja Iyer,Phone,
TKT-02001,CLI-0039,DataVault Pro,Server Downtime,Medium,2023-02-02,2023-02-02,3.8,24,Yes,Resolved,Divya Verma,Phone,2
TKT-03866,CLI-0246,DataVault Pro,Onboarding Support,Medium,11/08/2023,,,24,Yes,Open,Manish Nair,Chat,
TKT-01642,CLI-0063,AI Insights Module,Feature Request,High,2023-02-09,2023-02-09,19.6,8,No,Resolved,Siddharth Reddy,Phone,2
TKT-00426,CLI-0112,CloudShift Platform,Onboarding Support,Medium,2025-01-25,2025-01-26,24.0,24,Yes,Resolved,Karan Rao,Email,4
TKT-03646,CLI-0015,CloudShift Platform,Login Issue,Critical,2024-09-08,2024-09-08,8.3,4,No,Resolved,Manish Nair,Portal,5
TKT-02057,CLI-0169,DevOps Accelerator,Dashboard Bug,Medium,2024-02-04,2024-02-05,38.0,24,No,Resolved,Rahul Das,Chat,3
TKT-02270,CLI-0284,DevOps Accelerator,Report Inaccuracy,Medium,2023-09-14,15-09-2023,44.0,24,No,Resolved,Karan Rao,Chat,5
TKT-01059,CLI-0201,SecureNet Suite,Access Permission Issue,Low,2024-01-22,,,48,,Escalated,Pooja Iyer,Chat,
TKT-03234,CLI-0259,AI Insights Module,Login Issue,Low,2023-04-02,05-04-2023,94.6,48,No,Resolved,Neha Gupta,Chat,
TKT-03247,CLI-0273,AI Insights Module,Server Downtime,Medium,2023-04-15,2023-04-16,41.2,24,No,Resolved,Neha Gupta,Phone,4
TKT-00177,CLI-0122,CloudShift Platform,Access Permission Issue,Medium,2023-04-24,,,24,No,In Progress,Karan Gupta,Phone,
TKT-01063,CLI-0266,DataVault Pro,API Integration Failure,High,2024-11-30,,,8,Yes,Escalated,Siddharth Reddy,Chat,
TKT-01415,CLI-0241,DevOps Accelerator,Billing Query,High,2024-07-10,2024-07-10,1.5,8,Yes,Resolved,Pooja Gupta,Email,4
TKT-02654,CLI-0168,AnalyticsEdge,Report Inaccuracy,Medium,2023-07-26,2023-07-27,41.7,24,No,Resolved,Pooja Iyer,Chat,
TKT-00167,CLI-0016,CloudShift Platform,Dashboard Bug,Medium,2024-12-02,2024-12-02,9.8,24,Yes,Resolved,Siddharth Reddy,Portal,2
TKT-02378,CLI-0166,DevOps Accelerator,Data Sync Error,Medium,2023-05-06,2023-05-07,37.2,24,No,Resolved,Karan Gupta,Portal,4
TKT-03279,CLI-0209,AI Insights Module,Login Issue,Critical,2023-10-13,2023-10-13,2.4,4,Yes,Resolved,Kavya Iyer,Portal,4
TKT-03208,CLI-0184,DataVault Pro,Performance Lag,Medium,06/25/2024,2024-06-26,27.5,24,No,Resolved,Ananya Joshi,Phone,3
TKT-00311,CLI-0253,AnalyticsEdge,Performance Lag,High,2024-08-02,2024-08-02,14.2,8,No,Resolved,Rahul Das,Portal,3
TKT-01016,CLI-0264,SecureNet Suite,Onboarding Support,Medium,2023-01-26,,,24,No,Escalated,Rahul Das,Portal,
TKT-00621,CLI-0028,AnalyticsEdge,Performance Lag,Medium,2025-02-07,2025-02-07,3.3,24,Yes,Resolved,Priya Patel,Chat,4
TKT-00317,CLI-0004,AI Insights Module,API Integration Failure,Medium,2024-07-11,2024-07-11,17.4,24,Yes,Resolved,Rahul Das,Chat,5
TKT-03443,CLI-0080,AI Insights Module,Performance Lag,High,2023-12-12,,,8,Yes,Open,Pooja Patel,Phone,
TKT-00959,CLI-0128,CloudShift Platform,Performance Lag,Medium,2023-02-19,,,24,Yes,Open,Deepika Mishra,Chat,
TKT-00663,CLI-0120,DataVault Pro,Access Permission Issue,Medium,2023-12-21,,,24,Yes,In Progress,Pooja Patel,Email,
TKT-00311,CLI-0253,AnalyticsEdge,Performance Lag,High,2024-08-02,2024-08-02,14.2,8,No,Resolved,Rahul Das,Portal,3
TKT-00206,CLI-0112,AI Insights Module,Report Inaccuracy,Medium,2023-06-17,2023-06-18,25.4,24,No,Resolved,Manish Nair,Portal,5
TKT-03622,CLI-0208,AI Insights Module,Performance  Lag,Low,2024-03-25,,,48,No,In Progress,Arjun Mishra,Email,
TKT-03129,CLI-0236,SecureNet Suite,Access Permission Issue,Medium,2024-09-05,,,24,No,Escalated,Karan Rao,Chat,
TKT-03195,CLI-0112,DataVault Pro,Performance Lag,Critical,02/09/2025,2025-02-09,5.5,4,No,Resolved,Priya Patel,Chat,5
TKT-02111,CLI-0140,DevOps Accelerator,Security Alert,High,2023-01-19,,,8,Yes,Open,Divya Reddy,Chat,
TKT-02597,CLI-0184,DevOps Accelerator,Data Sync Error,Medium,2024-06-06,2024-06-06,22.0,24,Yes,Resolved,Divya Verma,Portal,4
TKT-03308,CLI-0277,DevOps Accelerator,Login Issue,Medium,2023-03-22,2023-03-24,51.8,24,No,Resolved,Siddharth Reddy,Chat,
TKT-03272,CLI-0099,CloudShift Platform,Security Alert,Low,2023-11-17,,,48,No,Open,Neha Gupta,Phone,
TKT-01322,CLI-0215,CloudShift Platform,Security Alert,Low,2023-11-19,2023-11-23,112.3,48,No,Resolved,Manish Nair,Email,4
TKT-02027,CLI-0039,CloudShift Platform,API Integration Failure,Medium,2023-05-26,2023-05-27,42.9,24,No,Resolved,Manish Nair,Chat,
TKT-02416,CLI-0250,CloudShift Platform,Performance Lag,Low,2023-11-06,,,48,Yes,Escalated,Manish Nair,Portal,
TKT-00509,CLI-0088,CloudShift Platform,Performance Lag,Medium,2023-02-19,,,24,No,Open,Priya Nair,Chat,
TKT-00178,CLI-0067,DevOps Accelerator,Security Alert,Low,2023-08-10,2023-08-13,91.0,48,No,Resolved,Deepika Mishra,Chat,5
TKT-01111,CLI-0235,DevOps Accelerator,Server Downtime,Medium,2024-09-05,,,24,No,Open,Nikhil Reddy,Email,
TKT-00480,CLI-0193,CloudShift Platform,Data  Sync  Error,Medium,2023-11-11,2023-11-13,52.3,24,No,Resolved,Rahul Das,Email,3
TKT-03405,CLI-0062,DevOps Accelerator,Server Downtime,High,2023-01-25,2023-01-25,1.1,8,Yes,Resolved,Karan Gupta,Portal,3
TKT-01737,CLI-0236,DevOps Accelerator,Security Alert,Low,2023-03-26,2023-03-27,30.3,48,Yes,Resolved,Manish Nair,Chat,
TKT-02697,CLI-0182,AnalyticsEdge,Server Downtime,Medium,2023-01-17,17-01-2023,14.4,24,Yes,Resolved,Ananya Joshi,Email,2
TKT-03927,CLI-0299,SecureNet Suite,Access Permission Issue,High,2023-05-26,,,8,No,In Progress,Priya Nair,Phone,
TKT-00210,CLI-0038,DevOps Accelerator,Dashboard Bug,Critical,2023-12-28,2023-12-28,7.8,4,No,Resolved,,Portal,5
TKT-03943,CLI-0297,AI Insights Module,Access Permission Issue,High,2023-06-16,2023-06-16,15.0,8,No,Resolved,Rahul Das,Phone,3
TKT-02239,CLI-0047,SecureNet Suite,Performance Lag,High,2023-03-10,10-03-2023,12.7,8,No,Resolved,Kavya Iyer,Phone,2
TKT-00086,CLI-0133,AI Insights Module,Performance Lag,Critical,2024-04-07,,,4,No,Escalated,Divya Reddy,Portal,
TKT-00268,CLI-0218,DevOps Accelerator,Performance Lag,Low,2023-01-28,,,48,No,In Progress,Manish Nair,Portal,
TKT-03013,CLI-0234,DevOps Accelerator,Security Alert,Low,2023-08-23,2023-08-27,98.8,48,,Resolved,Karan Rao,Phone,4
TKT-03874,CLI-0233,DataVault Pro,Report Inaccuracy,High,2023-06-03,,,8,Yes,Open,Pooja Patel,Phone,
TKT-00102,CLI-0046,DevOps Accelerator,Performance Lag,,2024-03-29,,,8,No,Open,Siddharth Reddy,Chat,
TKT-02493,CLI-0166,SecureNet Suite,Server Downtime,Medium,2024-09-11,2024-09-12,36.7,24,No,Resolved,Manish Nair,Phone,
TKT-03028,CLI-0008,CloudShift Platform,Access Permission Issue,High,2024-11-11,2024-11-11,8.6,8,No,Resolved,Manish Nair,Email,5
TKT-00207,CLI-0276,AnalyticsEdge,Login Issue,High,2023-11-09,,,8,No,Escalated,Karan Rao,Chat,
TKT-02142,CLI-0256,SecureNet Suite,Report Inaccuracy,High,2024-09-09,,,8,Yes,Open,Nikhil Mehta,Chat,
TKT-03822,CLI-0165,AI Insights Module,Feature Request,Medium,2023-12-27,2023-12-29,53.0,24,No,Resolved,Priya Nair,Email,3
TKT-00502,CLI-0013,AnalyticsEdge,Billing Query,High,2025-03-03,2025-03-03,16.1,8,No,Resolved,Pooja Gupta,Portal,
TKT-03108,CLI-0208,DataVault Pro,Dashboard Bug,Medium,2023-03-25,27-03-2023,50.3,24,No,Resolved,Divya Verma,Phone,3
TKT-03137,CLI-0118,AnalyticsEdge,Login Issue,High,2025-03-17,2025-03-17,10.8,8,No,Resolved,Rahul Das,Email,5
TKT-03024,CLI-0193,DevOps Accelerator,Onboarding Support,Low,2024-06-01,,,48,No,Open,Neha Gupta,Portal,
TKT-03346,CLI-0007,SecureNet Suite,security alert,High,2024-07-13,,,8,Yes,Open,Arjun Mishra,Phone,
TKT-00345,CLI-0031,AI Insights Module,Dashboard Bug,Low,2023-01-03,,,48,No,In Progress,Karan Rao,Email,
TKT-00248,CLI-0086,SecureNet Suite,Access Permission Issue,Critical,2024-04-14,2024-04-14,9.9,4,No,Resolved,Neha Gupta,Chat,3
TKT-02100,CLI-0046,SecureNet Suite,Server Downtime,Low,2024-05-07,2024-05-10,82.4,48,No,Resolved,Karan Rao,Email,5
TKT-03694,CLI-0012,SecureNet Suite,Data Sync Error,High,2024-10-20,,,8,No,Open,Nikhil Reddy,Email,
TKT-03643,CLI-0127,SecureNet Suite,Login Issue,,2024-07-28,,,8,Yes,Open,Pooja Patel,Phone,
TKT-01162,CLI-0110,DevOps Accelerator,Dashboard  Bug,Low,2025-02-24,,,48,Yes,In Progress,Karan Gupta,Email,
TKT-03022,CLI-0050,SecureNet Suite,Onboarding Support,Medium,2023-10-02,,,24,No,In Progress,Priya Nair,Email,
TKT-01542,CLI-0147,AI Insights Module,Server Downtime,Medium,2024-12-12,2024-12-12,10.4,24,Yes,Resolved,Deepika Mishra,Phone,5
TKT-02365,CLI-0189,AnalyticsEdge,Onboarding Support,Medium,2023-05-28,,,24,No,Escalated,Priya Patel,Phone,
TKT-03518,CLI-0001,DevOps Accelerator,Login Issue,Low,2023-07-17,,,48,No,Escalated,Ananya Joshi,Phone,
TKT-00875,CLI-0296,CloudShift Platform,Data Sync Error,Medium,2023-08-22,2023-08-22,6.5,24,Yes,Resolved,Pooja Gupta,Chat,
TKT-03377,CLI-0078,DevOps Accelerator,Performance Lag,Low,2024-04-24,,,48,No,Open,Nikhil Mehta,Chat,
TKT-00854,CLI-0084,SecureNet Suite,Report Inaccuracy,Medium,2025-03-08,09-03-2025,28.4,24,No,Resolved,Neha Gupta,Chat,5
TKT-00947,CLI-0176,AI Insights Module,Login Issue,Low,2024-04-03,2024-04-05,68.5,48,No,Resolved,,Phone,2
TKT-00107,CLI-0179,AnalyticsEdge,Performance Lag,Low,2024-03-10,2024-03-12,68.7,48,No,Resolved,Priya Nair,Phone,4
TKT-03235,CLI-0044,DevOps Accelerator,Data Sync Error,Medium,2023-08-10,2023-08-11,34.5,24,No,Resolved,Pooja Patel,Chat,2
TKT-00527,CLI-0282,SecureNet Suite,Login Issue,Medium,2023-03-20,20-03-2023,2.8,24,Yes,Resolved,Arjun Mishra,Chat,2
TKT-03966,CLI-0204,CloudShift Platform,Data Sync Error,,2024-05-03,,,48,No,Open,Pooja Iyer,Email,
TKT-03323,CLI-0065,AnalyticsEdge,Onboarding Support,Medium,2024-05-08,2024-05-09,30.3,24,No,Resolved,Nikhil Mehta,Chat,2
TKT-03717,CLI-0003,AI Insights Module,Server Downtime,Medium,2024-05-17,2024-05-17,10.2,24,Yes,Resolved,Rahul Das,Phone,5
TKT-01647,CLI-0208,SecureNet Suite,Onboarding Support,Medium,2024-02-09,2024-02-09,16.7,24,Yes,Resolved,Arjun Mishra,Phone,4
TKT-00301,CLI-0261,CloudShift Platform,Feature Request,,2023-01-21,,,24,No,Open,Rahul Das,Phone,
TKT-00264,CLI-0281,AI Insights Module,Performance Lag,Medium,2023-10-23,2023-10-24,38.3,24,No,Resolved,Arjun Mishra,Chat,4
TKT-00074,CLI-0041,CloudShift Platform,Server Downtime,Low,2025-02-19,22-02-2025,90.3,48,No,Resolved,Nikhil Reddy,Chat,2
TKT-02473,CLI-0148,AnalyticsEdge,Server Downtime,Low,2024-05-01,2024-05-05,111.5,48,No,Resolved,Nikhil Reddy,Email,3
TKT-01291,CLI-0262,DevOps Accelerator,Data Sync Error,Medium,2023-07-10,2023-07-12,56.7,24,No,Resolved,Pooja Iyer,Phone,
TKT-03765,CLI-0041,DevOps Accelerator,Dashboard Bug,Medium,2023-07-01,,,24,No,In Progress,Siddharth Reddy,Email,
TKT-01437,CLI-0073,CloudShift Platform,Report Inaccuracy,Low,03/31/2023,03-04-2023,93.3,48,No,Resolved,Manish Nair,Portal,3
TKT-00803,CLI-0155,SecureNet Suite,Dashboard  Bug,High,2023-10-03,,,8,No,Open,Karan Rao,Email,
TKT-02179,CLI-0254,DevOps Accelerator,Data Sync Error,Medium,2025-03-18,,,24,Yes,Open,Divya Reddy,Phone,
TKT-00205,CLI-0172,AnalyticsEdge,Dashboard Bug,Medium,2024-10-02,2024-10-04,48.5,24,No,Resolved,Arjun Mishra,Email,3
TKT-01573,CLI-0023,AnalyticsEdge,Dashboard Bug,Medium,2023-01-12,2023-01-14,55.0,24,No,Resolved,Pooja Patel,Email,
TKT-00347,CLI-0016,CloudShift Platform,Data Sync Error,,2024-11-03,2024-11-03,7.1,24,Yes,Resolved,Karan Gupta,Phone,3
TKT-02691,CLI-0025,AnalyticsEdge,Data Sync Error,Low,2023-09-11,,,48,No,In Progress,Ananya Joshi,Phone,
TKT-01857,CLI-0126,DataVault Pro,Feature Request,Low,2024-09-07,2024-09-08,27.1,48,Yes,Resolved,Nikhil Reddy,Phone,5
TKT-01134,CLI-0217,SecureNet Suite,Security Alert,Critical,2023-10-26,2023-10-26,4.5,4,No,Resolved,Neha Gupta,Chat,5
TKT-00857,CLI-0166,AnalyticsEdge,Data Sync Error,High,2025-01-14,,,8,No,Escalated,Manish Nair,Phone,
TKT-03018,CLI-0189,CloudShift Platform,Data Sync Error,Low,2024-01-11,,,48,No,Open,Priya Nair,Chat,
TKT-02920,CLI-0207,AnalyticsEdge,Security Alert,High,2024-08-11,2024-08-11,15.4,8,No,Resolved,Siddharth Reddy,Portal,4
TKT-01304,CLI-0055,AnalyticsEdge,Performance Lag,Medium,2023-11-03,2023-11-03,19.0,24,Yes,Resolved,Nikhil Reddy,Phone,2
TKT-02986,CLI-0011,CloudShift Platform,Security Alert,Medium,2024-02-10,,,24,Yes,Open,Pooja Gupta,Portal,
TKT-02892,CLI-0010,AI Insights Module,API Integration Failure,Medium,2023-02-16,,,24,No,In Progress,,Email,
TKT-03091,CLI-0137,CloudShift Platform,Data Sync Error,High,2023-10-04,,,8,No,In Progress,Nikhil Reddy,Portal,
TKT-00522,CLI-0024,CloudShift Platform,Feature Request,Medium,2024-03-14,2024-03-15,29.7,24,No,Resolved,Kavya Iyer,Phone,
TKT-03466,CLI-0197,DevOps Accelerator,API Integration Failure,Low,2024-04-21,,,48,Yes,Open,Karan Gupta,Email,
TKT-03389,CLI-0122,AnalyticsEdge,API Integration Failure,Critical,2023-08-24,2023-08-24,9.7,4,No,Resolved,Priya Patel,Email,5
TKT-01833,CLI-0290,SecureNet Suite,Security Alert,High,2023-07-08,,,8,No,Open,Karan Rao,Chat,
TKT-02830,CLI-0112,DevOps Accelerator,Data Sync Error,Medium,03/07/2024,,,24,No,In Progress,Rahul Das,Email,
TKT-00576,CLI-0187,DevOps Accelerator,Report Inaccuracy,High,2024-10-06,2024-10-06,17.8,8,No,Resolved,Priya Patel,Portal,1
TKT-00350,CLI-0027,CloudShift Platform,Performance Lag,Medium,2023-08-28,,,24,No,Open,Manish Nair,Chat,
TKT-02578,CLI-0204,DevOps Accelerator,Performance Lag,High,2024-01-22,2024-01-22,5.7,8,Yes,Resolved,Rahul Das,Portal,2
TKT-03792,CLI-0259,AnalyticsEdge,Server Downtime,Medium,2023-08-01,,,24,No,In Progress,,Chat,
TKT-02987,CLI-0094,AI Insights Module,Dashboard Bug,High,02/02/2023,2023-02-02,12.8,8,No,Resolved,Priya Nair,Chat,3
TKT-02020,CLI-0051,AI Insights Module,Dashboard Bug,Critical,2024-11-29,,,4,Yes,In Progress,Priya Nair,Portal,
TKT-01887,CLI-0109,SecureNet Suite,Billing Query,Medium,2023-10-14,,,24,No,In Progress,Priya Patel,Phone,
TKT-02453,CLI-0222,AI Insights Module,Data Sync Error,Medium,2024-06-05,2024-06-06,42.9,24,No,Resolved,Kavya Iyer,Chat,2
TKT-00208,CLI-0063,AI Insights Module,Server Downtime,Critical,2024-08-15,2024-08-15,3.0,4,Yes,Resolved,Nikhil Mehta,Phone,5
TKT-00366,CLI-0039,DevOps Accelerator,Security Alert,Low,2023-06-12,2023-06-16,113.7,48,No,Resolved,Ananya Joshi,Chat,5
TKT-02573,CLI-0153,CloudShift Platform,Billing Query,Medium,2023-05-11,2023-05-13,53.8,24,No,Resolved,Priya Nair,Portal,4
TKT-02668,CLI-0069,SecureNet Suite,feature request,Low,2023-02-08,2023-02-08,21.0,48,Yes,Resolved,Pooja Gupta,Chat,4
TKT-02540,CLI-0179,CloudShift Platform,Dashboard Bug,Critical,2023-08-16,2023-08-16,2.2,4,Yes,Resolved,Divya Reddy,Chat,1
TKT-02584,CLI-0293,CloudShift Platform,Performance Lag,Medium,2025-02-20,2025-02-21,29.8,24,No,Resolved,Rahul Das,Phone,3
TKT-01489,CLI-0107,CloudShift Platform,Data Sync Error,Low,2023-04-03,2023-04-07,103.4,48,No,Resolved,Pooja Iyer,Chat,3
TKT-00542,CLI-0254,AI Insights Module,Onboarding Support,Medium,2023-10-24,2023-10-24,8.0,24,Yes,Resolved,Neha Gupta,Phone,4
TKT-01129,CLI-0212,CloudShift Platform,Performance Lag,Medium,2024-03-25,2024-03-25,7.1,24,Yes,Resolved,Rahul Das,Email,3
TKT-01388,CLI-0267,AI Insights Module,Performance Lag,Medium,2024-10-23,2024-10-23,5.7,24,Yes,Resolved,Nikhil Mehta,Chat,3
TKT-03877,CLI-0271,CloudShift Platform,Server Downtime,Critical,2024-06-06,2024-06-06,1.5,4,Yes,Resolved,Arjun Mishra,Email,
TKT-01384,CLI-0253,AnalyticsEdge,Access Permission Issue,Medium,2023-09-26,27-09-2023,37.3,24,No,Resolved,Rahul Das,Chat,3
TKT-02689,CLI-0140,AnalyticsEdge,Access Permission Issue,Medium,2024-04-16,2024-04-17,46.3,24,No,Resolved,Karan Rao,Phone,3
TKT-02583,CLI-0032,CloudShift Platform,Server Downtime,Medium,2024-03-31,2024-04-01,46.2,24,No,Resolved,Rahul Das,Portal,
TKT-00605,CLI-0119,SecureNet Suite,Data Sync Error,High,2024-04-04,2024-04-04,11.6,8,No,Resolved,Divya Verma,Email,
TKT-02549,CLI-0175,SecureNet Suite,Server Downtime,Medium,01/06/2024,2024-01-07,38.7,24,No,Resolved,Neha Gupta,Email,4
TKT-00323,CLI-0266,DataVault Pro,Access Permission Issue,Medium,2023-06-16,2023-06-16,18.7,24,Yes,Resolved,Divya Verma,Email,3
TKT-02729,CLI-0153,CloudShift Platform,Performance Lag,Medium,2024-10-08,2024-10-09,28.7,24,No,Resolved,Priya Nair,Portal,
TKT-00660,CLI-0070,AI Insights Module,Login Issue,Low,2023-11-22,,,48,Yes,In Progress,Nikhil Reddy,Phone,
TKT-03664,CLI-0172,AI Insights Module,Data  Sync  Error,Medium,2023-08-21,,,24,No,Escalated,Rahul Das,Email,
TKT-01761,CLI-0153,CloudShift Platform,Dashboard Bug,Medium,2023-12-08,,,24,No,In Progress,,Portal,
TKT-02166,CLI-0137,AI Insights Module,Dashboard Bug,High,2024-04-23,2024-04-23,11.3,8,No,Resolved,Siddharth Reddy,Portal,4
TKT-02571,CLI-0016,AnalyticsEdge,Dashboard Bug,Medium,2023-09-18,2023-09-19,25.3,24,No,Resolved,Nikhil Reddy,Chat,3
TKT-00931,CLI-0206,CloudShift Platform,Billing Query,Medium,2025-03-19,2025-03-20,36.2,24,No,Resolved,Priya Nair,Chat,5
TKT-02045,CLI-0015,CloudShift Platform,Data Sync Error,High,2023-08-14,2023-08-14,19.9,8,No,Resolved,Pooja Iyer,Portal,4
TKT-02335,CLI-0172,AnalyticsEdge,Server Downtime,Critical,2023-03-07,,,4,Yes,In Progress,Divya Reddy,Email,
TKT-03817,CLI-0154,AnalyticsEdge,Feature Request,Medium,2024-11-17,2024-11-18,45.9,24,No,Resolved,Pooja Gupta,Email,3
TKT-03968,CLI-0050,DevOps Accelerator,Login Issue,Medium,2024-02-01,,,24,Yes,Open,Arjun Mishra,Chat,
TKT-00847,CLI-0161,AnalyticsEdge,API  Integration  Failure,Low,2023-06-22,2023-06-25,78.0,48,No,Resolved,Kavya Iyer,Portal,
TKT-03537,CLI-0280,DataVault Pro,Billing Query,Medium,2024-05-06,,,24,No,Open,Priya Patel,Portal,
TKT-02588,CLI-0017,DataVault Pro,API Integration Failure,Medium,2024-09-24,2024-09-26,53.7,24,No,Resolved,Pooja Gupta,Portal,4
TKT-01531,CLI-0206,AI Insights Module,Performance Lag,Medium,2023-12-30,2024-01-01,57.1,24,,Resolved,Divya Verma,Phone,4
TKT-03467,CLI-0256,SecureNet Suite,Onboarding Support,Medium,2024-10-12,2024-10-13,32.3,24,No,Resolved,Nikhil Mehta,Email,5
TKT-02559,CLI-0287,AnalyticsEdge,Dashboard  Bug,Critical,2023-12-06,2023-12-06,9.0,4,No,Resolved,Karan Rao,Email,4
TKT-02290,CLI-0029,CloudShift Platform,Access Permission Issue,High,2023-06-16,,,8,Yes,Escalated,Pooja Iyer,Chat,
TKT-01389,CLI-0080,AI Insights Module,Onboarding Support,Medium,2025-01-16,2025-01-16,16.0,24,Yes,Resolved,Karan Gupta,Phone,4
TKT-02247,CLI-0065,SecureNet Suite,Feature Request,High,2024-03-01,2024-03-01,16.6,8,No,Resolved,,Chat,2
TKT-00433,CLI-0217,CloudShift Platform,Server Downtime,,2023-09-24,2023-09-24,23.9,48,Yes,Resolved,Priya Nair,Email,3
TKT-02207,CLI-0119,DevOps Accelerator,Performance  Lag,Medium,2024-07-01,2024-07-02,35.3,24,No,Resolved,Rahul Das,Phone,5
TKT-02938,CLI-0286,DataVault Pro,Report Inaccuracy,Medium,2023-01-27,2023-01-27,12.3,24,Yes,Resolved,Priya Nair,Chat,5
TKT-01034,CLI-0144,SecureNet Suite,Billing Query,Medium,2024-10-21,,,24,Yes,Open,Karan Rao,Phone,
TKT-01445,CLI-0041,SecureNet Suite,Onboarding Support,Low,2024-06-19,2024-06-23,111.2,48,No,Resolved,Karan Gupta,Email,
TKT-01387,CLI-0041,AnalyticsEdge,Security Alert,High,2023-04-27,,,8,Yes,Escalated,Neha Gupta,Portal,
TKT-00347,CLI-0016,CloudShift Platform,Data Sync Error,,2024-11-03,2024-11-03,7.1,24,Yes,Resolved,Karan Gupta,Phone,3
TKT-01998,CLI-0170,SecureNet Suite,Security Alert,Medium,03/25/2025,2025-03-26,46.9,24,No,Resolved,Rahul Das,Phone,3
TKT-01113,CLI-0267,CloudShift Platform,Billing Query,High,2024-01-06,2024-01-06,16.4,8,No,Resolved,Pooja Gupta,Phone,2
TKT-00251,CLI-0128,AI Insights Module,Access Permission Issue,Low,2024-04-29,,,48,No,Open,Nikhil Reddy,Phone,
TKT-00099,CLI-0024,SecureNet Suite,Login Issue,Medium,2025-03-02,2025-03-02,14.5,24,Yes,Resolved,Arjun Mishra,Phone,5
TKT-01614,CLI-0121,AnalyticsEdge,Security Alert,Medium,2024-09-15,2024-09-15,13.5,24,Yes,Resolved,Arjun Mishra,Portal,4
TKT-01308,CLI-0243,SecureNet Suite,Login Issue,Medium,2024-01-19,,,24,No,In Progress,Pooja Patel,Phone,
TKT-01269,CLI-0077,SecureNet Suite,Security Alert,Medium,2024-12-07,,,24,Yes,Escalated,Divya Reddy,Portal,
TKT-00669,CLI-0219,SecureNet Suite,Data Sync Error,High,2023-09-06,2023-09-06,2.5,8,Yes,Resolved,Rahul Das,Portal,
TKT-02850,CLI-0041,DataVault Pro,Security Alert,Low,2023-11-25,28-11-2023,73.3,48,No,Resolved,Divya Verma,Chat,5
TKT-02105,CLI-0054,AnalyticsEdge,API Integration Failure,Low,2023-01-19,,,48,No,Open,Nikhil Mehta,Portal,
TKT-01120,CLI-0081,CloudShift Platform,Data Sync Error,High,2023-05-11,2023-05-11,6.6,8,Yes,Resolved,Priya Patel,Chat,
TKT-00884,CLI-0056,DevOps Accelerator,API Integration Failure,High,2024-01-22,2024-01-22,6.7,8,Yes,Resolved,Deepika Mishra,Email,3
TKT-02338,CLI-0092,AnalyticsEdge,Login  Issue,Medium,2023-12-20,,,24,No,Open,,Portal,
TKT-00568,CLI-0251,CloudShift Platform,Performance Lag,Low,2024-02-24,2024-02-24,10.8,48,Yes,Resolved,Manish Nair,Chat,4
TKT-02863,CLI-0181,CloudShift Platform,Access Permission Issue,Medium,07/23/2024,2024-07-24,39.6,24,No,Resolved,Priya Nair,Portal,4
TKT-03986,CLI-0231,AnalyticsEdge,Billing Query,Low,2023-03-23,2023-03-23,23.1,48,Yes,Resolved,Nikhil Reddy,Portal,5
TKT-02990,CLI-0150,DataVault Pro,Performance Lag,Medium,2024-07-19,2024-07-19,18.1,24,Yes,Resolved,Manish Nair,Chat,5
TKT-03069,CLI-0229,CloudShift Platform,API Integration Failure,Low,2024-03-20,2024-03-21,28.6,48,Yes,Resolved,Divya Verma,Portal,3
TKT-02908,CLI-0085,CloudShift Platform,Onboarding Support,Medium,2023-09-08,,,24,No,In Progress,Karan Gupta,Portal,
TKT-00452,CLI-0162,AI Insights Module,Feature Request,High,2024-07-30,2024-07-30,6.0,8,Yes,Resolved,Karan Rao,Email,5
TKT-00241,CLI-0100,CloudShift Platform,Billing Query,High,2024-03-17,2024-03-17,2.6,8,Yes,Resolved,Neha Gupta,Portal,3
TKT-03082,CLI-0132,DataVault Pro,Report Inaccuracy,Medium,2024-05-14,,,24,No,In Progress,Pooja Patel,Chat,
TKT-02342,CLI-0248,AnalyticsEdge,Dashboard Bug,Medium,2023-03-18,18-03-2023,2.3,24,Yes,Resolved,,Portal,5
TKT-03662,CLI-0111,SecureNet Suite,API Integration Failure,High,2024-06-25,,,8,No,In Progress,Kavya Iyer,Portal,
TKT-01694,CLI-0108,AnalyticsEdge,Server Downtime,High,2023-11-08,2023-11-08,17.2,8,No,Resolved,Manish Nair,Email,4
TKT-02483,CLI-0186,CloudShift Platform,Billing Query,Low,2024-10-28,,,48,No,Escalated,Neha Gupta,Email,
TKT-02996,CLI-0081,AnalyticsEdge,Report Inaccuracy,Low,2024-02-17,2024-02-21,114.5,48,No,Resolved,Pooja Iyer,Phone,
TKT-02172,CLI-0146,DataVault Pro,Data Sync Error,Low,2023-05-29,,,48,Yes,Open,Divya Verma,Chat,
TKT-00447,CLI-0153,AnalyticsEdge,Login Issue,High,2024-11-11,2024-11-11,0.7,8,Yes,Resolved,Nikhil Reddy,Portal,3
TKT-01438,CLI-0171,SecureNet Suite,Report Inaccuracy,Low,2024-07-23,2024-07-26,74.7,48,No,Resolved,Siddharth Reddy,Phone,4
TKT-01201,CLI-0036,AI Insights Module,Feature Request,Medium,2023-02-20,2023-02-21,30.7,24,No,Resolved,Kavya Iyer,Email,1
TKT-01301,CLI-0103,SecureNet Suite,Onboarding Support,Medium,2024-08-03,,,24,No,Open,Deepika Mishra,Email,
TKT-03612,CLI-0236,DevOps Accelerator,Access Permission Issue,High,2024-10-10,,,8,No,Open,Priya Nair,Email,
TKT-00704,CLI-0291,SecureNet Suite,Billing Query,Medium,12/31/2024,,,24,,Escalated,,Chat,
TKT-01116,CLI-0291,DevOps Accelerator,Data Sync Error,Medium,2025-02-03,2025-02-05,54.2,24,No,Resolved,Priya Nair,Portal,5
TKT-02170,CLI-0092,AnalyticsEdge,Report Inaccuracy,High,2023-09-26,2023-09-26,6.7,8,Yes,Resolved,Rahul Das,Chat,
TKT-02352,CLI-0090,DataVault Pro,Billing Query,Low,2023-05-23,,,48,No,Open,Kavya Iyer,Email,
TKT-02966,CLI-0213,AnalyticsEdge,Server Downtime,Medium,2023-09-21,2023-09-21,11.6,24,Yes,Resolved,Rahul Das,Chat,3
TKT-00842,CLI-0057,DevOps Accelerator,Server Downtime,Medium,2023-03-05,,,24,No,Open,Pooja Gupta,Chat,
TKT-01191,CLI-0090,AnalyticsEdge,Server  Downtime,High,2023-12-18,,,8,,Escalated,Divya Reddy,Phone,
TKT-02857,CLI-0126,DevOps Accelerator,Server Downtime,High,2024-10-17,,,8,Yes,Escalated,Priya Patel,Phone,
TKT-01845,CLI-0162,CloudShift Platform,Security Alert,Low,2024-02-27,,,48,No,Escalated,Neha Gupta,Phone,
TKT-03810,CLI-0275,AnalyticsEdge,Data Sync Error,Low,11/19/2023,2023-11-23,111.6,48,No,Resolved,Ananya Joshi,Portal,4
TKT-02454,CLI-0137,SecureNet Suite,Access Permission Issue,,2023-02-18,2023-02-20,71.8,48,No,Resolved,Arjun Mishra,Portal,4
TKT-00059,CLI-0073,SecureNet Suite,Onboarding Support,Low,2024-09-08,2024-09-08,14.2,48,Yes,Resolved,Neha Gupta,Portal,3
TKT-00370,CLI-0269,DataVault Pro,Access Permission Issue,,2024-11-28,,,24,No,In Progress,Rahul Das,Phone,
TKT-03804,CLI-0178,DataVault Pro,Report Inaccuracy,Low,2023-08-04,2023-08-04,6.2,48,Yes,Resolved,Kavya Iyer,Portal,4
TKT-00652,CLI-0026,AI Insights Module,Login Issue,,2024-05-18,2024-05-18,17.5,8,,Resolved,Neha Gupta,Email,5
TKT-00940,CLI-0166,SecureNet Suite,Login Issue,,2023-10-10,2023-10-10,7.3,24,Yes,Resolved,Ananya Joshi,Phone,4
TKT-01971,CLI-0133,AI Insights Module,Server Downtime,Medium,2025-01-20,,,24,Yes,In Progress,Rahul Das,Chat,
TKT-01125,CLI-0244,CloudShift Platform,API Integration Failure,Low,2023-04-13,,,48,No,Escalated,Deepika Mishra,Chat,
TKT-02061,CLI-0289,AnalyticsEdge,Dashboard Bug,Medium,2024-07-24,2024-07-25,47.8,24,No,Resolved,Karan Gupta,Email,5
TKT-00731,CLI-0098,CloudShift Platform,Security Alert,High,2023-08-07,,,8,No,Escalated,Manish Nair,Chat,
TKT-00984,CLI-0193,SecureNet Suite,Billing Query,Medium,2024-02-07,,,24,No,Escalated,Karan Gupta,Phone,
TKT-02718,CLI-0277,DevOps Accelerator,Dashboard Bug,Low,2024-04-17,2024-04-19,65.5,48,No,Resolved,Manish Nair,Chat,3
TKT-00513,CLI-0166,AI Insights Module,Feature Request,Low,06/15/2024,2024-06-19,106.2,48,No,Resolved,Manish Nair,Email,5
TKT-00823,CLI-0010,AnalyticsEdge,Data Sync Error,Low,2023-08-16,2023-08-16,14.3,48,Yes,Resolved,Manish Nair,Chat,4
TKT-02845,CLI-0206,AI Insights Module,Performance Lag,Low,2023-06-05,2023-06-05,5.6,48,Yes,Resolved,Neha Gupta,Phone,
TKT-03994,CLI-0016,AnalyticsEdge,Data Sync Error,Low,2023-01-26,2023-01-29,87.5,48,No,Resolved,Deepika Mishra,Portal,2
TKT-03644,CLI-0156,DataVault Pro,Dashboard Bug,Medium,2023-06-09,,,24,Yes,Escalated,,Portal,
TKT-01347,CLI-0262,CloudShift Platform,Onboarding Support,Medium,2025-01-01,2025-01-03,49.6,24,No,Resolved,Divya Verma,Chat,5
TKT-00118,CLI-0160,AnalyticsEdge,Access Permission Issue,Low,04/29/2024,,,48,No,In Progress,Priya Patel,Chat,
TKT-00110,CLI-0165,DataVault Pro,Onboarding Support,High,2023-09-03,,,8,Yes,In Progress,Nikhil Reddy,Phone,
TKT-03460,CLI-0045,AnalyticsEdge,Access Permission Issue,Low,2024-08-31,03-09-2024,80.0,48,No,Resolved,Arjun Mishra,Chat,2
TKT-01418,CLI-0014,AnalyticsEdge,billing query,Low,2023-07-18,,,48,No,Open,Pooja Gupta,Phone,
TKT-01300,CLI-0136,DataVault Pro,Performance Lag,Medium,2024-08-10,2024-08-10,4.4,24,Yes,Resolved,Neha Gupta,Portal,5
TKT-02441,CLI-0281,AI Insights Module,Access Permission Issue,Medium,2024-04-02,2024-04-02,9.0,24,Yes,Resolved,Rahul Das,Portal,3
TKT-03263,CLI-0209,CloudShift Platform,Report Inaccuracy,High,2024-05-10,,,8,No,In Progress,Nikhil Reddy,Chat,
TKT-02701,CLI-0195,DevOps Accelerator,Billing Query,Medium,01/20/2024,2024-01-20,14.8,24,Yes,Resolved,Nikhil Reddy,Email,
TKT-02971,CLI-0287,AI Insights Module,Access Permission Issue,Medium,2023-01-22,,,24,No,In Progress,Divya Verma,Phone,
TKT-02422,CLI-0021,AnalyticsEdge,Feature Request,Medium,2024-03-06,2024-03-06,1.6,24,Yes,Resolved,Divya Reddy,Chat,1
TKT-03633,CLI-0237,CloudShift Platform,Onboarding Support,Medium,2024-12-09,2024-12-09,1.6,24,Yes,Resolved,Deepika Mishra,Portal,4
TKT-01434,CLI-0009,SecureNet Suite,Feature Request,Medium,2025-03-23,,,24,Yes,In Progress,Manish Nair,Chat,
TKT-00960,CLI-0279,AI Insights Module,Billing Query,Critical,2024-08-01,2024-08-01,8.4,4,No,Resolved,Manish Nair,Email,
TKT-01272,CLI-0265,CloudShift Platform,Report Inaccuracy,Medium,2024-05-11,,,24,Yes,Open,Neha Gupta,Phone,
TKT-03400,CLI-0155,AI Insights Module,Login Issue,Medium,2023-05-29,,,24,Yes,In Progress,Manish Nair,Portal,
TKT-02617,CLI-0260,AI Insights Module,Login Issue,High,2024-09-27,,,8,Yes,Open,Divya Reddy,Email,
TKT-03071,CLI-0057,SecureNet Suite,Security Alert,High,2024-12-27,,,8,No,Escalated,Pooja Gupta,Email,
TKT-00020,CLI-0193,AI Insights Module,Server Downtime,Medium,2024-12-13,2024-12-14,47.0,24,No,Resolved,Karan Rao,Phone,3
TKT-03936,CLI-0001,DevOps Accelerator,Report Inaccuracy,Medium,2023-07-20,,,24,Yes,Escalated,Priya Patel,Phone,
TKT-01840,CLI-0033,AI Insights Module,Dashboard Bug,High,2023-05-02,,,8,No,In Progress,Manish Nair,Email,
TKT-01598,CLI-0221,DataVault Pro,Dashboard Bug,High,2024-02-17,2024-02-17,14.8,8,No,Resolved,Pooja Patel,Email,5
TKT-00322,CLI-0082,DevOps Accelerator,Server Downtime,Low,2024-04-05,2024-04-08,73.2,48,No,Resolved,Kavya Iyer,Phone,3
TKT-02357,CLI-0242,CloudShift Platform,Access Permission Issue,Low,2024-03-27,2024-03-29,66.2,48,No,Resolved,Pooja Patel,Portal,
TKT-01390,CLI-0114,AI Insights Module,Data  Sync  Error,Medium,2025-03-04,,,24,No,Escalated,Priya Nair,Portal,
TKT-00586,CLI-0268,DevOps Accelerator,Feature Request,High,2024-09-13,2024-09-13,16.1,8,No,Resolved,Nikhil Reddy,Portal,
TKT-03892,CLI-0101,AnalyticsEdge,Feature Request,High,2024-08-10,2024-08-10,3.0,8,Yes,Resolved,Divya Reddy,Email,4
TKT-02711,CLI-0297,DevOps Accelerator,Onboarding Support,High,2025-02-06,2025-02-06,15.6,8,No,Resolved,Manish Nair,Email,5
TKT-03545,CLI-0215,DevOps Accelerator,Access Permission Issue,Low,2023-09-21,2023-09-24,94.0,48,No,Resolved,Priya Nair,Portal,
TKT-01912,CLI-0016,SecureNet Suite,Feature Request,Medium,2025-02-01,2025-02-01,11.0,24,Yes,Resolved,Nikhil Reddy,Phone,5
TKT-02988,CLI-0274,DataVault Pro,Performance Lag,Medium,2024-02-15,2024-02-17,50.0,24,No,Resolved,Pooja Iyer,Portal,5
TKT-00026,CLI-0140,AnalyticsEdge,feature request,Low,2024-07-11,2024-07-14,77.8,48,No,Resolved,Arjun Mishra,Portal,3
TKT-01345,CLI-0057,CloudShift Platform,Report Inaccuracy,Critical,2025-01-08,,,4,No,In Progress,Divya Reddy,Portal,
TKT-00771,CLI-0136,SecureNet Suite,Feature Request,Medium,2024-04-01,,,24,No,Open,Manish Nair,Chat,
TKT-00515,CLI-0175,DataVault Pro,Dashboard Bug,High,02/24/2023,2023-02-24,1.1,8,Yes,Resolved,Pooja Iyer,Portal,5
TKT-03632,CLI-0141,DevOps Accelerator,Access Permission Issue,Low,01/15/2023,,,48,No,In Progress,Neha Gupta,Phone,
TKT-01583,CLI-0230,AnalyticsEdge,Access Permission Issue,Medium,2023-08-14,2023-08-14,5.4,24,Yes,Resolved,,Chat,4
TKT-01256,CLI-0246,SecureNet Suite,Feature Request,High,2023-02-11,2023-02-11,2.0,8,Yes,Resolved,Nikhil Mehta,Portal,5
TKT-02519,CLI-0177,AI Insights Module,Performance Lag,Medium,2024-09-16,2024-09-16,17.0,24,Yes,Resolved,Nikhil Reddy,Phone,
TKT-00082,CLI-0022,SecureNet Suite,Security Alert,High,2023-05-23,2023-05-23,7.2,8,Yes,Resolved,Deepika Mishra,Phone,
TKT-03984,CLI-0282,AI Insights Module,Feature Request,Medium,2023-03-09,2023-03-09,12.5,24,,Resolved,Siddharth Reddy,Email,4
TKT-03615,CLI-0269,AnalyticsEdge,Server Downtime,Medium,2023-10-18,2023-10-19,44.5,24,No,Resolved,Divya Verma,Chat,4
TKT-03399,CLI-0091,AnalyticsEdge,Feature Request,Low,2024-06-08,,,48,No,In Progress,Divya Reddy,Portal,
TKT-03538,CLI-0045,AI Insights Module,Billing Query,High,2023-06-10,2023-06-10,10.9,8,No,Resolved,Nikhil Reddy,Phone,2
TKT-00952,CLI-0163,DevOps Accelerator,Performance Lag,Critical,2023-11-07,2023-11-07,6.0,4,No,Resolved,Pooja Gupta,Email,4
TKT-01293,CLI-0248,AnalyticsEdge,Report Inaccuracy,Medium,2025-02-20,,,24,Yes,Escalated,,Portal,
TKT-03458,CLI-0031,DataVault Pro,Feature Request,Low,2023-03-22,2023-03-22,2.3,48,Yes,Resolved,Priya Nair,Phone,5
TKT-03833,CLI-0008,DataVault Pro,Data Sync Error,High,2023-12-10,2023-12-10,17.6,8,No,Resolved,Pooja Iyer,Chat,3
TKT-00005,CLI-0179,DevOps Accelerator,Security Alert,High,2024-07-31,,,8,Yes,In Progress,Ananya Joshi,Email,
TKT-03791,CLI-0071,CloudShift Platform,Server Downtime,Medium,2025-02-22,,,24,Yes,Open,Nikhil Reddy,Phone,
TKT-02606,CLI-0199,SecureNet Suite,Billing Query,High,2023-01-18,2023-01-18,10.7,8,No,Resolved,Nikhil Reddy,Chat,
TKT-03519,CLI-0020,CloudShift Platform,Data Sync Error,Low,2024-10-30,2024-10-30,12.6,48,Yes,Resolved,Neha Gupta,Phone,
TKT-01029,CLI-0244,CloudShift Platform,data sync error,High,2023-10-27,,,8,Yes,In Progress,Pooja Gupta,Phone,
TKT-00498,CLI-0146,AI Insights Module,Performance Lag,High,2024-01-17,2024-01-17,17.4,8,No,Resolved,Divya Reddy,Chat,3
TKT-00639,CLI-0235,AI Insights Module,Security Alert,Medium,2024-07-05,,,24,No,Escalated,Pooja Gupta,Email,
TKT-01373,CLI-0183,AnalyticsEdge,Report Inaccuracy,Critical,2025-03-21,2025-03-21,5.8,4,No,Resolved,Pooja Iyer,Chat,4
TKT-01806,CLI-0197,AI Insights Module,Server Downtime,Low,2023-03-27,2023-03-28,24.1,48,Yes,Resolved,Priya Patel,Chat,2
TKT-02539,CLI-0189,CloudShift Platform,Onboarding Support,Medium,2023-12-11,2023-12-11,16.0,24,Yes,Resolved,Nikhil Reddy,Chat,2
TKT-00897,CLI-0088,CloudShift Platform,Server Downtime,Medium,2024-12-19,,,24,Yes,Escalated,Arjun Mishra,Chat,
TKT-03141,CLI-0080,AI Insights Module,API Integration Failure,High,2023-07-29,,,8,No,In Progress,Divya Reddy,Email,
TKT-01088,CLI-0181,DataVault Pro,Report Inaccuracy,Medium,2023-02-03,2023-02-04,30.7,24,No,Resolved,Nikhil Mehta,Chat,
TKT-03098,CLI-0267,DataVault Pro,Server Downtime,Low,2024-05-07,,,48,No,In Progress,Rahul Das,Chat,
TKT-03737,CLI-0267,SecureNet Suite,Performance Lag,Medium,02/10/2023,2023-02-10,23.9,24,Yes,Resolved,Divya Verma,Phone,5
TKT-02823,CLI-0094,DataVault Pro,Data Sync Error,Low,2023-04-16,,,48,,Open,Manish Nair,Chat,
TKT-02798,CLI-0242,DataVault Pro,Report Inaccuracy,Low,2023-06-10,2023-06-14,119.2,48,No,Resolved,Siddharth Reddy,Phone,
TKT-02267,CLI-0213,AI Insights Module,Performance Lag,Critical,2024-09-22,,,4,No,Escalated,Manish Nair,Email,
TKT-03135,CLI-0036,AnalyticsEdge,Billing Query,Medium,2024-10-01,,,24,No,Open,Nikhil Reddy,Chat,
TKT-03138,CLI-0003,AI Insights Module,Performance Lag,High,2023-09-02,,,8,Yes,Escalated,Divya Verma,Phone,
TKT-00833,CLI-0111,DataVault Pro,Server Downtime,Low,2024-02-05,,,48,Yes,In Progress,Manish Nair,Phone,
TKT-00914,CLI-0171,AI Insights Module,Security Alert,Medium,2024-12-27,2024-12-27,17.1,24,Yes,Resolved,Divya Verma,Phone,3
TKT-02894,CLI-0275,AI Insights Module,Login Issue,High,2023-05-07,2023-05-07,13.0,8,No,Resolved,Siddharth Reddy,Portal,4
TKT-01836,CLI-0019,CloudShift Platform,Feature Request,High,2024-06-29,2024-06-29,17.8,8,No,Resolved,Arjun Mishra,Portal,2
TKT-01589,CLI-0297,AnalyticsEdge,Feature Request,,2024-03-04,,,24,No,In Progress,Nikhil Reddy,Phone,
TKT-01151,CLI-0009,DataVault Pro,API Integration Failure,High,2023-06-23,,,8,No,Open,Pooja Patel,Chat,
TKT-01753,CLI-0046,AnalyticsEdge,Access  Permission  Issue,Medium,02/19/2024,2024-02-19,4.7,24,Yes,Resolved,Pooja Iyer,Chat,4
TKT-00737,CLI-0291,DataVault Pro,Billing Query,Medium,2024-02-09,,,24,Yes,Open,Siddharth Reddy,Email,
TKT-00173,CLI-0144,AnalyticsEdge,Server Downtime,High,2023-09-06,,,8,No,Open,Divya Verma,Chat,
TKT-00921,CLI-0287,SecureNet Suite,Login Issue,High,2023-09-25,,,8,Yes,In Progress,Pooja Patel,Email,
TKT-01240,CLI-0004,CloudShift Platform,Performance Lag,Low,2023-01-02,,,48,,Escalated,Divya Reddy,Portal,
TKT-01814,CLI-0046,DataVault Pro,Billing Query,Medium,2024-01-18,,,24,Yes,Open,Pooja Iyer,Email,
TKT-00797,CLI-0150,DataVault Pro,Onboarding Support,Low,2023-06-21,,,48,Yes,Open,Rahul Das,Phone,
TKT-02936,CLI-0107,AnalyticsEdge,Data Sync Error,Medium,2023-07-01,2023-07-02,43.8,24,No,Resolved,Rahul Das,Email,
TKT-01490,CLI-0163,AI Insights Module,Security Alert,High,2024-03-18,2024-03-18,10.4,8,No,Resolved,Neha Gupta,Chat,1
TKT-01908,CLI-0186,CloudShift Platform,Server Downtime,Medium,2024-12-02,2024-12-04,49.4,24,No,Resolved,Arjun Mishra,Phone,4
TKT-03004,CLI-0226,AI Insights Module,Data Sync Error,Low,2024-12-17,,,48,Yes,Open,,Phone,
TKT-01264,CLI-0033,AI Insights Module,Login Issue,Medium,2024-11-27,2024-11-28,46.7,24,No,Resolved,Manish Nair,Phone,4
TKT-02104,CLI-0193,SecureNet Suite,Performance Lag,Medium,2025-03-02,2025-03-03,37.7,24,No,Resolved,Pooja Patel,Portal,
TKT-01391,CLI-0026,AnalyticsEdge,Report Inaccuracy,Low,2024-02-22,,,48,No,Escalated,Divya Verma,Chat,
TKT-00427,CLI-0150,AnalyticsEdge,Data Sync Error,Medium,2023-05-09,2023-05-09,6.4,24,Yes,Resolved,Rahul Das,Phone,1
TKT-01495,CLI-0001,AI Insights Module,Server Downtime,High,2025-03-28,2025-03-28,3.4,8,Yes,Resolved,Priya Nair,Portal,4
TKT-01652,CLI-0258,AnalyticsEdge,Access Permission Issue,Critical,2023-06-15,2023-06-15,6.9,4,No,Resolved,Siddharth Reddy,Portal,4
TKT-02700,CLI-0127,CloudShift Platform,API Integration Failure,Medium,2025-02-15,,,24,Yes,In Progress,Pooja Gupta,Phone,
TKT-01512,CLI-0212,DevOps Accelerator,Onboarding Support,Critical,2024-12-05,,,4,No,In Progress,Karan Gupta,Phone,
TKT-02674,CLI-0092,SecureNet Suite,Security Alert,Low,2023-10-09,2023-10-09,8.9,48,Yes,Resolved,Nikhil Reddy,Chat,
TKT-03201,CLI-0254,CloudShift Platform,Performance Lag,Medium,2024-05-14,2024-05-14,23.8,24,,Resolved,Nikhil Mehta,Portal,
TKT-01413,CLI-0012,AI Insights Module,Data Sync Error,Medium,2023-02-20,2023-02-20,11.9,24,Yes,Resolved,Karan Rao,Email,4
TKT-00477,CLI-0234,DevOps Accelerator,Feature Request,Medium,2024-12-30,2024-12-31,41.8,24,No,Resolved,Karan Rao,Portal,
TKT-03780,CLI-0075,AnalyticsEdge,Server Downtime,Medium,2023-06-11,,,24,Yes,Escalated,Rahul Das,Portal,
TKT-03962,CLI-0146,DevOps Accelerator,Performance Lag,High,2023-02-06,2023-02-06,2.5,8,Yes,Resolved,Nikhil Reddy,Email,
TKT-03049,CLI-0160,DevOps Accelerator,Access Permission Issue,High,2024-07-26,2024-07-26,5.3,8,Yes,Resolved,Divya Reddy,Chat,3
TKT-02538,CLI-0160,AI Insights Module,API Integration Failure,Critical,2023-07-06,2023-07-06,3.5,4,Yes,Resolved,Priya Patel,Portal,1
TKT-01832,CLI-0013,AI Insights Module,Feature Request,Medium,2024-12-02,,,24,Yes,Open,Priya Nair,Portal,
TKT-00216,CLI-0063,CloudShift Platform,Data Sync Error,High,2024-02-19,,,8,No,In Progress,Divya Reddy,Portal,
TKT-02078,CLI-0025,CloudShift Platform,Billing Query,Medium,2023-07-05,2023-07-06,25.9,24,No,Resolved,,Chat,4
TKT-00674,CLI-0001,SecureNet Suite,Login Issue,Medium,2023-07-21,,,24,No,Open,Kavya Iyer,Email,
TKT-00449,CLI-0232,CloudShift Platform,Security Alert,Critical,2024-09-18,2024-09-18,1.0,4,Yes,Resolved,Karan Rao,Email,5
TKT-03775,CLI-0180,DataVault Pro,Onboarding Support,Low,2024-09-22,,,48,No,Open,Deepika Mishra,Phone,
TKT-01000,CLI-0225,CloudShift Platform,Dashboard Bug,Medium,2024-12-17,,,24,Yes,Escalated,Pooja Patel,Portal,
TKT-01211,CLI-0204,CloudShift Platform,Report Inaccuracy,Medium,2023-10-22,,,24,No,Open,Priya Nair,Email,
TKT-01577,CLI-0196,DevOps Accelerator,Feature Request,Medium,2023-11-13,2023-11-13,1.1,24,Yes,Resolved,Deepika Mishra,Email,3
TKT-02015,CLI-0265,CloudShift Platform,Security Alert,High,2023-09-28,,,8,No,In Progress,Divya Verma,Chat,
TKT-03266,CLI-0008,AI Insights Module,Performance Lag,Low,2023-03-04,2023-03-04,22.0,48,Yes,Resolved,Nikhil Reddy,Email,1
TKT-01335,CLI-0253,DataVault Pro,Data Sync Error,Low,2023-05-22,2023-05-24,51.4,48,No,Resolved,Manish Nair,Email,2
TKT-00398,CLI-0147,SecureNet Suite,API Integration Failure,Medium,01/31/2024,2024-01-31,7.7,24,Yes,Resolved,Arjun Mishra,Chat,4
TKT-00435,CLI-0041,AnalyticsEdge,Access Permission Issue,Medium,2024-09-10,10-09-2024,8.2,24,Yes,Resolved,Pooja Iyer,Portal,5
TKT-03512,CLI-0250,AnalyticsEdge,Dashboard Bug,Medium,04/02/2023,2023-04-02,20.5,24,Yes,Resolved,Karan Gupta,Phone,4
TKT-00084,CLI-0075,SecureNet Suite,API Integration Failure,Medium,2023-11-06,,,24,Yes,In Progress,Rahul Das,Portal,
TKT-03540,CLI-0236,SecureNet Suite,Billing Query,Low,2024-08-17,2024-08-20,94.7,48,No,Resolved,Pooja Gupta,Phone,2
TKT-02480,CLI-0174,CloudShift Platform,Report Inaccuracy,Low,2025-03-02,,,48,Yes,In Progress,Karan Rao,Portal,
TKT-02658,CLI-0041,AnalyticsEdge,Billing Query,Medium,2025-01-09,2025-01-09,5.3,24,Yes,Resolved,Manish Nair,Email,4
TKT-02528,CLI-0234,CloudShift Platform,Server Downtime,Low,2024-07-14,2024-07-14,7.3,48,Yes,Resolved,Rahul Das,Chat,
TKT-00153,CLI-0287,AnalyticsEdge,API Integration Failure,Medium,03/02/2023,,,24,No,Escalated,Nikhil Mehta,Phone,
TKT-00466,CLI-0245,DataVault Pro,Feature Request,Critical,2024-06-01,2024-06-01,1.6,4,Yes,Resolved,Neha Gupta,Portal,3
TKT-02879,CLI-0203,DataVault Pro,Data Sync Error,,2023-05-18,2023-05-18,12.4,24,Yes,Resolved,Nikhil Mehta,Chat,3
TKT-00190,CLI-0102,DevOps Accelerator,Access Permission Issue,High,2023-04-04,2023-04-04,14.3,8,No,Resolved,Neha Gupta,Phone,4
TKT-01023,CLI-0130,SecureNet Suite,Server Downtime,Medium,2024-08-17,,,24,No,Open,Manish Nair,Phone,
TKT-02024,CLI-0254,CloudShift Platform,Security Alert,High,2023-12-05,2023-12-05,17.9,8,No,Resolved,,Portal,4
TKT-01382,CLI-0011,DevOps Accelerator,Report Inaccuracy,High,2024-11-29,,,8,Yes,Escalated,Pooja Iyer,Email,
TKT-01939,CLI-0050,AnalyticsEdge,Onboarding Support,High,2023-02-18,18-02-2023,2.9,8,Yes,Resolved,Kavya Iyer,Email,4
TKT-01383,CLI-0273,AnalyticsEdge,Billing Query,Medium,2024-11-06,2024-11-06,9.0,24,Yes,Resolved,Nikhil Mehta,Chat,5
TKT-03698,CLI-0142,CloudShift Platform,Login Issue,High,02/13/2025,2025-02-13,19.8,8,No,Resolved,Neha Gupta,Portal,5
TKT-02895,CLI-0175,DevOps Accelerator,Onboarding Support,Medium,2023-10-02,,,24,No,Escalated,Siddharth Reddy,Phone,
TKT-01056,CLI-0046,AnalyticsEdge,Feature Request,Low,2024-04-11,2024-04-14,84.6,48,No,Resolved,Nikhil Mehta,Phone,5
TKT-01464,CLI-0119,DataVault Pro,Dashboard Bug,Medium,2023-03-23,,,24,No,In Progress,,Portal,
TKT-03972,CLI-0178,DevOps Accelerator,Report Inaccuracy,Critical,2023-01-31,2023-01-31,3.7,4,Yes,Resolved,Manish Nair,Chat,3
TKT-02825,CLI-0164,SecureNet Suite,Performance Lag,High,2023-07-15,2023-07-15,14.4,8,No,Resolved,Deepika Mishra,Portal,4
TKT-02604,CLI-0158,CloudShift Platform,Billing Query,Medium,2024-08-16,,,24,No,Open,Pooja Iyer,Portal,
TKT-02344,CLI-0281,AI Insights Module,Report Inaccuracy,Critical,2024-07-09,2024-07-09,2.2,4,Yes,Resolved,Pooja Iyer,Phone,4
TKT-01499,CLI-0046,DevOps Accelerator,report inaccuracy,Medium,2024-04-01,2024-04-02,44.0,24,No,Resolved,Rahul Das,Email,
TKT-01158,CLI-0100,AnalyticsEdge,Access Permission Issue,High,2025-02-06,2025-02-06,14.0,8,No,Resolved,Divya Verma,Chat,5
TKT-02743,CLI-0076,AnalyticsEdge,Server Downtime,Medium,2023-12-18,2023-12-19,27.3,24,No,Resolved,Priya Patel,Phone,4
TKT-00990,CLI-0152,AnalyticsEdge,Onboarding Support,Medium,2024-03-07,2024-03-09,52.9,24,No,Resolved,Pooja Gupta,Phone,
TKT-00516,CLI-0076,AI Insights Module,Server Downtime,Medium,2023-02-15,2023-02-15,20.3,24,Yes,Resolved,Arjun Mishra,Chat,3
TKT-00829,CLI-0267,AnalyticsEdge,Access Permission Issue,Medium,2023-05-28,,,24,Yes,In Progress,Nikhil Reddy,Chat,
TKT-03995,CLI-0065,SecureNet Suite,Access Permission Issue,Low,2024-10-01,2024-10-03,50.7,48,No,Resolved,Ananya Joshi,Portal,5
TKT-02249,CLI-0227,AnalyticsEdge,Data Sync Error,Critical,2024-11-06,2024-11-06,6.1,4,No,Resolved,Rahul Das,Email,
TKT-03548,CLI-0026,AnalyticsEdge,Onboarding Support,Medium,2024-04-04,2024-04-04,14.0,24,Yes,Resolved,Priya Patel,Email,2
TKT-01997,CLI-0137,SecureNet Suite,Report Inaccuracy,Medium,2023-10-22,2023-10-23,36.8,24,No,Resolved,Pooja Gupta,Email,2
TKT-01829,CLI-0204,CloudShift Platform,API Integration Failure,High,2023-04-28,,,8,No,In Progress,Rahul Das,Email,
TKT-00742,CLI-0033,AI Insights Module,Feature Request,Critical,2024-08-10,,,4,No,Open,Karan Gupta,Phone,
TKT-02969,CLI-0181,DataVault Pro,Security Alert,Low,2023-10-21,,,48,No,Open,Neha Gupta,Phone,
TKT-00699,CLI-0202,DevOps Accelerator,Data Sync Error,High,2023-01-12,,,8,No,In Progress,Kavya Iyer,Portal,
TKT-00492,CLI-0158,DevOps Accelerator,Login Issue,Low,2024-09-24,2024-09-24,3.0,48,Yes,Resolved,Siddharth Reddy,Phone,4
TKT-01183,CLI-0004,SecureNet Suite,Performance Lag,Medium,2023-08-09,,,24,,Open,Priya Nair,Email,
TKT-03072,CLI-0046,AI Insights Module,Report Inaccuracy,Medium,2024-02-23,2024-02-24,24.7,24,No,Resolved,Deepika Mishra,Phone,3
TKT-02880,CLI-0271,CloudShift Platform,API Integration Failure,High,2024-04-09,,,8,No,Open,Siddharth Reddy,Chat,
TKT-01675,CLI-0290,DataVault Pro,Data Sync Error,Medium,2023-10-31,,,24,Yes,In Progress,Nikhil Reddy,Phone,
TKT-01728,CLI-0190,DevOps Accelerator,Onboarding Support,,2023-04-16,2023-04-18,62.0,48,No,Resolved,,Chat,4
TKT-01493,CLI-0082,DevOps Accelerator,Report Inaccuracy,Medium,2023-10-18,2023-10-20,51.8,24,No,Resolved,Rahul Das,Email,
TKT-00547,CLI-0032,SecureNet Suite,API Integration Failure,High,2023-08-21,2023-08-21,1.0,8,Yes,Resolved,Pooja Gupta,Email,3
TKT-03148,CLI-0204,AI Insights Module,Performance Lag,Medium,2023-03-28,2023-03-29,40.7,24,No,Resolved,Rahul Das,Chat,4
TKT-03942,CLI-0290,CloudShift Platform,Dashboard Bug,High,2023-12-29,2023-12-29,3.3,8,Yes,Resolved,Pooja Patel,Email,5
TKT-02553,CLI-0044,AI Insights Module,Performance Lag,Medium,2025-02-04,2025-02-05,47.6,24,,Resolved,Neha Gupta,Email,4
TKT-01821,CLI-0169,AI Insights Module,API Integration Failure,Medium,2024-02-17,2024-02-17,7.5,24,Yes,Resolved,Neha Gupta,Portal,4
TKT-02420,CLI-0139,AnalyticsEdge,api integration failure,High,2024-06-12,2024-06-12,11.5,8,No,Resolved,Pooja Gupta,Phone,4
TKT-01995,CLI-0129,AnalyticsEdge,Billing Query,Medium,2024-12-17,2024-12-17,22.5,24,Yes,Resolved,Priya Nair,Phone,2
TKT-00299,CLI-0293,AI Insights Module,Performance Lag,Medium,2024-03-03,,,24,No,Open,Ananya Joshi,Email,
TKT-00278,CLI-0266,AI Insights Module,Login Issue,Low,2023-11-24,,,48,No,Open,Manish Nair,Portal,
TKT-01053,CLI-0053,CloudShift Platform,Billing  Query,High,2023-06-09,2023-06-09,12.4,8,No,Resolved,Deepika Mishra,Email,5
TKT-02985,CLI-0072,CloudShift Platform,Feature Request,Medium,2023-04-27,,,24,Yes,Escalated,Pooja Gupta,Chat,
TKT-00598,CLI-0271,AI Insights Module,Dashboard Bug,Medium,2025-01-05,2025-01-06,40.1,24,No,Resolved,Divya Verma,Chat,1
TKT-02328,CLI-0186,CloudShift Platform,Dashboard Bug,High,2023-02-25,2023-02-25,1.7,8,Yes,Resolved,Divya Verma,Portal,3
TKT-00597,CLI-0001,AI Insights Module,Login Issue,High,2023-11-23,2023-11-23,15.6,8,No,Resolved,Manish Nair,Email,5
TKT-03246,CLI-0174,AI Insights Module,Dashboard Bug,High,2024-12-06,2024-12-06,4.8,8,Yes,Resolved,Divya Verma,Chat,5
TKT-00224,CLI-0082,DataVault Pro,Access Permission Issue,High,2024-09-22,2024-09-22,12.4,8,No,Resolved,Pooja Iyer,Chat,3
TKT-00849,CLI-0098,DataVault Pro,Feature Request,High,2024-04-07,,,8,Yes,In Progress,Ananya Joshi,Email,
TKT-01315,CLI-0105,DataVault Pro,Billing  Query,High,2023-04-15,2023-04-15,5.4,8,Yes,Resolved,Karan Rao,Email,2
TKT-02176,CLI-0090,AnalyticsEdge,Report Inaccuracy,High,2025-02-23,2025-02-23,6.8,8,Yes,Resolved,Karan Rao,Portal,2
TKT-00860,CLI-0193,AI Insights Module,Onboarding Support,Low,2023-02-04,2023-02-07,88.2,48,No,Resolved,Rahul Das,Portal,3
TKT-03811,CLI-0006,CloudShift Platform,Feature Request,Low,2024-01-24,2024-01-25,34.9,48,Yes,Resolved,Pooja Patel,Portal,
TKT-03507,CLI-0062,DevOps Accelerator,API Integration Failure,High,2023-10-06,2023-10-06,9.8,8,No,Resolved,Priya Patel,Email,5
TKT-02019,CLI-0196,AnalyticsEdge,security alert,High,2025-01-08,,,8,No,Escalated,Divya Reddy,Chat,
TKT-03037,CLI-0170,AI Insights Module,Data Sync Error,Medium,2024-05-15,2024-05-16,24.5,24,No,Resolved,,Phone,2
TKT-03666,CLI-0166,CloudShift Platform,Data Sync Error,Medium,2023-10-20,2023-10-20,3.8,24,Yes,Resolved,Pooja Iyer,Portal,4
TKT-03982,CLI-0087,AnalyticsEdge,Dashboard Bug,Low,2024-05-17,,,48,No,Open,Nikhil Mehta,Email,
TKT-03244,CLI-0299,AnalyticsEdge,Feature Request,Medium,2025-03-05,,,24,No,Open,Neha Gupta,Email,
TKT-03559,CLI-0172,SecureNet Suite,API Integration Failure,Medium,2024-08-12,2024-08-13,43.6,24,No,Resolved,Priya Patel,Phone,4
TKT-02219,CLI-0184,AI Insights Module,data sync error,High,06/09/2023,,,8,No,Escalated,Siddharth Reddy,Phone,
TKT-01339,CLI-0183,CloudShift Platform,Feature Request,Medium,2024-08-26,2024-08-27,29.4,24,No,Resolved,Rahul Das,Email,3
TKT-01969,CLI-0127,SecureNet Suite,Server Downtime,High,2023-12-01,,,8,No,Open,Priya Nair,Chat,
TKT-01654,CLI-0212,SecureNet Suite,Data Sync Error,High,2023-08-31,,,8,No,In Progress,Nikhil Reddy,Chat,
TKT-01738,CLI-0273,DevOps Accelerator,Feature Request,Low,2024-11-06,2024-11-08,69.9,48,No,Resolved,Karan Rao,Portal,4
TKT-02602,CLI-0213,CloudShift Platform,Security Alert,Critical,2024-09-03,,,4,Yes,In Progress,Pooja Patel,Phone,
TKT-03067,CLI-0289,DataVault Pro,Server Downtime,Low,2024-09-20,2024-09-20,17.0,48,Yes,Resolved,Rahul Das,Phone,3
TKT-00888,CLI-0278,AI Insights Module,Feature Request,Medium,2024-07-05,,,24,Yes,In Progress,Pooja Gupta,Chat,
TKT-00030,CLI-0159,AnalyticsEdge,Login Issue,High,2023-10-03,2023-10-03,5.7,8,Yes,Resolved,Rahul Das,Phone,4
TKT-00654,CLI-0001,AnalyticsEdge,Data Sync Error,High,2024-11-07,,,8,No,In Progress,Kavya Iyer,Portal,
TKT-03255,CLI-0226,AnalyticsEdge,Billing  Query,Medium,2024-10-02,,,24,Yes,Escalated,Neha Gupta,Email,
TKT-02130,CLI-0270,CloudShift Platform,Dashboard Bug,High,2024-04-03,,,8,No,In Progress,Arjun Mishra,Email,
TKT-00187,CLI-0019,AnalyticsEdge,Dashboard  Bug,High,2024-12-22,,,8,No,In Progress,Nikhil Mehta,Portal,
TKT-03451,CLI-0169,DataVault Pro,Report Inaccuracy,Low,2025-03-26,2025-03-26,19.2,48,Yes,Resolved,Rahul Das,Portal,
TKT-00064,CLI-0279,CloudShift Platform,Performance Lag,Medium,2023-02-18,2023-02-20,57.4,24,No,Resolved,Deepika Mishra,Phone,3
TKT-00196,CLI-0185,DevOps Accelerator,Report Inaccuracy,Medium,2024-06-23,2024-06-25,53.1,24,No,Resolved,Divya Verma,Email,5
TKT-03103,CLI-0228,AnalyticsEdge,Billing Query,High,02/19/2024,2024-02-19,3.0,8,Yes,Resolved,Priya Patel,Phone,4
TKT-01962,CLI-0198,DevOps Accelerator,Access Permission Issue,Critical,2023-11-20,,,4,No,Escalated,Divya Reddy,Chat,
TKT-01646,CLI-0070,CloudShift Platform,Billing Query,Medium,10/09/2024,,,24,No,In Progress,Siddharth Reddy,Email,
TKT-01261,CLI-0176,AI Insights Module,API Integration Failure,High,2025-02-03,2025-02-03,20.0,8,No,Resolved,Ananya Joshi,Chat,4
TKT-00209,CLI-0181,CloudShift Platform,Onboarding Support,Medium,2024-01-30,,,24,No,In Progress,Manish Nair,Chat,
TKT-02793,CLI-0193,DevOps Accelerator,Data Sync Error,Medium,2025-03-13,2025-03-14,37.4,24,No,Resolved,Rahul Das,Portal,4
TKT-00877,CLI-0116,DataVault Pro,Onboarding Support,Low,2023-10-17,,,48,No,Escalated,Priya Patel,Email,
TKT-00218,CLI-0112,DevOps Accelerator,Billing Query,Medium,2025-02-13,2025-02-13,6.2,24,Yes,Resolved,Manish Nair,Email,3
TKT-00957,CLI-0276,SecureNet Suite,Report Inaccuracy,Medium,2023-03-10,2023-03-11,37.1,24,No,Resolved,Priya Patel,Portal,
TKT-01044,CLI-0244,AI Insights Module,Billing Query,High,2024-07-30,,,8,No,In Progress,Nikhil Reddy,Chat,
TKT-01052,CLI-0185,AI Insights Module,Security Alert,Medium,2024-12-26,2024-12-26,20.3,24,Yes,Resolved,Pooja Iyer,Portal,4
TKT-01114,CLI-0120,CloudShift Platform,Server Downtime,High,2023-04-28,2023-04-28,16.8,8,No,Resolved,Priya Nair,Email,
TKT-03865,CLI-0037,AI Insights Module,Login Issue,Low,2023-07-06,2023-07-07,25.1,48,Yes,Resolved,Karan Gupta,Portal,4
TKT-03883,CLI-0086,DevOps Accelerator,Login Issue,High,2025-02-07,,,8,No,Open,Nikhil Mehta,Email,
TKT-01748,CLI-0120,DevOps Accelerator,Dashboard Bug,Low,2024-10-20,2024-10-24,108.0,48,No,Resolved,Divya Verma,Portal,2
TKT-01192,CLI-0198,DevOps Accelerator,Login Issue,Medium,2024-12-03,,,24,No,Open,Karan Rao,Email,
TKT-03358,CLI-0168,DevOps Accelerator,Dashboard Bug,Critical,2023-07-24,2023-07-24,2.9,4,Yes,Resolved,Rahul Das,Portal,4
TKT-02122,CLI-0087,DevOps Accelerator,Dashboard Bug,Low,2023-01-17,2023-01-18,32.7,48,Yes,Resolved,Kavya Iyer,Phone,4
TKT-00706,CLI-0012,AnalyticsEdge,Dashboard Bug,High,2023-12-11,11-12-2023,11.5,8,No,Resolved,Nikhil Reddy,Portal,3
TKT-00553,CLI-0199,DevOps Accelerator,Dashboard Bug,Low,2023-01-15,2023-01-15,13.3,48,Yes,Resolved,Deepika Mishra,Email,
TKT-00486,CLI-0198,CloudShift Platform,Data Sync Error,Medium,2024-05-11,,,24,Yes,Open,Nikhil Reddy,Portal,
TKT-00144,CLI-0080,SecureNet Suite,Login Issue,Critical,2023-07-15,2023-07-15,1.7,4,Yes,Resolved,Neha Gupta,Email,4
TKT-00719,CLI-0016,SecureNet Suite,Server Downtime,Medium,2023-02-28,2023-02-28,3.6,24,Yes,Resolved,Priya Nair,Email,3
TKT-00257,CLI-0255,AnalyticsEdge,Data Sync Error,Medium,2023-11-06,2023-11-06,20.7,24,,Resolved,Karan Rao,Email,3
TKT-02044,CLI-0016,AnalyticsEdge,Data Sync Error,Medium,2023-05-06,,,24,No,Escalated,Siddharth Reddy,Phone,
TKT-02889,CLI-0239,DataVault Pro,Access Permission Issue,Medium,2025-02-06,2025-02-06,22.6,24,Yes,Resolved,Manish Nair,Chat,4
TKT-00002,CLI-0238,AnalyticsEdge,Billing Query,Medium,2025-01-08,,,24,No,Escalated,Pooja Patel,Chat,
TKT-03911,CLI-0211,AI Insights Module,Login Issue,Low,2023-01-06,2023-01-08,54.3,48,No,Resolved,Manish Nair,Chat,
TKT-01411,CLI-0053,AnalyticsEdge,Report Inaccuracy,High,2023-06-13,,,8,No,Open,Nikhil Reddy,Phone,
TKT-00071,CLI-0154,AnalyticsEdge,Access Permission Issue,High,2023-06-02,,,8,Yes,In Progress,,Phone,
TKT-00324,CLI-0254,DataVault Pro,server downtime,Critical,2023-07-15,2023-07-15,6.4,4,No,Resolved,Rahul Das,Email,3
TKT-03754,CLI-0257,CloudShift Platform,Login Issue,Medium,2024-08-10,,,24,No,Open,Rahul Das,Portal,
TKT-02448,CLI-0184,DataVault Pro,Login Issue,Low,2024-06-05,,,48,Yes,In Progress,Rahul Das,Portal,
TKT-01081,CLI-0078,AnalyticsEdge,Login Issue,High,2023-07-01,,,8,Yes,In Progress,Arjun Mishra,Email,
TKT-00896,CLI-0092,AnalyticsEdge,Data Sync Error,Medium,2024-07-27,,,24,Yes,In Progress,Divya Reddy,Portal,
TKT-00463,CLI-0213,SecureNet Suite,Feature Request,Medium,2024-05-23,,,24,No,In Progress,Pooja Gupta,Portal,
TKT-00399,CLI-0048,SecureNet Suite,Onboarding Support,High,2025-01-03,2025-01-03,2.1,8,Yes,Resolved,Siddharth Reddy,Email,
TKT-02646,CLI-0078,SecureNet Suite,Dashboard Bug,High,2023-08-09,,,8,No,In Progress,Priya Patel,Phone,
TKT-01546,CLI-0082,AnalyticsEdge,Performance Lag,High,03/26/2023,2023-03-26,18.2,8,No,Resolved,Rahul Das,Chat,5
TKT-00510,CLI-0039,SecureNet Suite,Login Issue,Critical,2024-01-04,2024-01-04,4.1,4,,Resolved,Priya Patel,Portal,3
TKT-01967,CLI-0245,DataVault Pro,Performance Lag,Medium,2024-04-29,2024-04-29,4.6,24,Yes,Resolved,Divya Reddy,Chat,5
TKT-00580,CLI-0080,DataVault Pro,API Integration Failure,Medium,2023-05-26,2023-05-28,51.1,24,No,Resolved,Karan Rao,Portal,5
TKT-01791,CLI-0004,CloudShift Platform,API Integration Failure,Medium,2023-03-15,2023-03-15,21.7,24,Yes,Resolved,Ananya Joshi,Chat,5
TKT-02038,CLI-0029,DataVault Pro,Billing Query,Medium,08/17/2023,,,24,,Open,Arjun Mishra,Email,
TKT-02662,CLI-0260,AI Insights Module,Report Inaccuracy,Medium,2025-02-14,2025-02-15,31.8,24,No,Resolved,Priya Nair,Chat,4
TKT-03080,CLI-0068,AI Insights Module,Performance Lag,High,2024-09-21,2024-09-21,5.8,8,Yes,Resolved,Karan Gupta,Portal,3
TKT-01933,CLI-0064,DevOps Accelerator,Dashboard Bug,Medium,2024-01-16,2024-01-18,53.4,24,No,Resolved,Divya Verma,Phone,5
TKT-00186,CLI-0047,DataVault Pro,Performance Lag,Critical,2024-10-11,,,4,Yes,In Progress,Nikhil Reddy,Chat,
TKT-02140,CLI-0066,CloudShift Platform,API Integration Failure,Low,2023-01-24,2023-01-26,68.3,48,,Resolved,Neha Gupta,Chat,
TKT-02435,CLI-0038,DataVault Pro,Login Issue,Medium,2024-07-15,2024-07-15,18.2,24,Yes,Resolved,Pooja Iyer,Phone,4
TKT-02113,CLI-0192,DataVault Pro,Performance Lag,High,2023-05-12,2023-05-12,19.8,8,No,Resolved,Rahul Das,Portal,4
TKT-02611,CLI-0212,SecureNet Suite,API Integration Failure,Low,2024-02-03,,,48,No,In Progress,Pooja Gupta,Phone,
TKT-01515,CLI-0287,SecureNet Suite,Security Alert,Medium,2024-09-28,2024-09-29,35.3,24,No,Resolved,Pooja Patel,Phone,3
TKT-00577,CLI-0234,SecureNet Suite,access permission issue,Low,2025-02-07,2025-02-07,2.4,48,Yes,Resolved,Divya Verma,Chat,4
TKT-00886,CLI-0176,AI Insights Module,Performance Lag,High,2023-07-25,2023-07-25,7.0,8,Yes,Resolved,Pooja Patel,Chat,4
TKT-02461,CLI-0080,SecureNet Suite,Dashboard Bug,Medium,2023-06-12,,,24,No,Open,Deepika Mishra,Portal,
TKT-00105,CLI-0217,CloudShift Platform,Data Sync Error,High,01/30/2024,2024-01-30,6.7,8,Yes,Resolved,Nikhil Mehta,Email,4
TKT-03970,CLI-0269,CloudShift Platform,Billing Query,Medium,2024-02-24,2024-02-24,13.6,24,Yes,Resolved,Divya Reddy,Portal,
TKT-00723,CLI-0131,AI Insights Module,API Integration Failure,Medium,2024-11-20,2024-11-20,5.7,24,Yes,Resolved,Divya Reddy,Phone,3
TKT-01992,CLI-0293,DataVault Pro,Feature Request,Low,2024-02-23,2024-02-27,112.7,48,No,Resolved,Ananya Joshi,Chat,3
TKT-00379,CLI-0247,SecureNet Suite,Dashboard Bug,Medium,2023-03-20,2023-03-21,26.2,24,No,Resolved,Rahul Das,Phone,5
TKT-03426,CLI-0134,DataVault Pro,Billing Query,Medium,2023-03-01,,,24,Yes,In Progress,Rahul Das,Chat,
TKT-01071,CLI-0185,DataVault Pro,Login Issue,High,2023-12-11,2023-12-11,12.9,8,No,Resolved,Divya Verma,Email,3
TKT-01260,CLI-0026,AnalyticsEdge,Dashboard Bug,Medium,2023-10-24,,,24,Yes,Open,Rahul Das,Email,
TKT-03506,CLI-0250,DevOps Accelerator,Security Alert,Medium,2023-11-17,2023-11-18,25.2,24,No,Resolved,Karan Gupta,Chat,4
TKT-02956,CLI-0047,SecureNet Suite,Security Alert,Medium,2024-06-10,,,24,Yes,Escalated,Nikhil Reddy,Portal,
TKT-00656,CLI-0189,DevOps Accelerator,API Integration Failure,Medium,2024-03-29,,,24,Yes,In Progress,Karan Rao,Portal,
TKT-02905,CLI-0296,DataVault Pro,API Integration Failure,Medium,2023-01-08,2023-01-09,33.1,24,No,Resolved,Siddharth Reddy,Portal,
TKT-00998,CLI-0096,SecureNet Suite,Security Alert,Medium,2023-03-20,,,24,No,Escalated,Divya Verma,Email,
TKT-03497,CLI-0029,AnalyticsEdge,Dashboard Bug,Low,2024-10-25,2024-10-29,108.2,48,No,Resolved,Priya Nair,Chat,5
TKT-02481,CLI-0190,SecureNet Suite,Onboarding Support,Low,11/23/2024,2024-11-25,70.4,48,No,Resolved,Nikhil Reddy,Phone,2
TKT-03904,CLI-0089,AI Insights Module,Data Sync Error,Medium,2025-01-05,2025-01-05,15.1,24,Yes,Resolved,Ananya Joshi,Chat,
TKT-03286,CLI-0174,AnalyticsEdge,Login Issue,Low,2023-09-29,,,48,Yes,Escalated,Divya Reddy,Email,
TKT-02292,CLI-0247,AnalyticsEdge,API Integration Failure,Medium,2025-01-07,,,24,No,In Progress,Pooja Iyer,Phone,
TKT-01513,CLI-0021,SecureNet Suite,Onboarding Support,Critical,2023-09-28,,,4,No,In Progress,Pooja Iyer,Chat,
TKT-01473,CLI-0200,CloudShift Platform,Feature Request,High,2023-05-21,,,8,No,Open,Neha Gupta,Portal,
TKT-00410,CLI-0066,DataVault Pro,API Integration Failure,Medium,2024-06-25,2024-06-25,6.9,24,Yes,Resolved,Rahul Das,Email,
TKT-00735,CLI-0259,DataVault Pro,Report Inaccuracy,High,2024-02-17,,,8,No,Open,Ananya Joshi,Phone,
TKT-02294,CLI-0032,CloudShift Platform,API Integration Failure,Low,2024-11-05,2024-11-07,48.8,48,No,Resolved,Rahul Das,Portal,4
TKT-03530,CLI-0139,AI Insights Module,Data Sync Error,Medium,2025-01-10,,,24,Yes,In Progress,Ananya Joshi,Phone,
TKT-00147,CLI-0065,AI Insights Module,Onboarding Support,Low,2024-03-09,,,48,No,Open,Pooja Gupta,Phone,
TKT-01632,CLI-0197,AnalyticsEdge,Security Alert,Medium,2023-09-03,2023-09-04,24.3,24,No,Resolved,Karan Rao,Phone,1
TKT-03485,CLI-0297,SecureNet Suite,Performance Lag,Low,2023-04-18,2023-04-20,48.2,48,No,Resolved,Manish Nair,Email,
TKT-01481,CLI-0123,DataVault Pro,Data Sync Error,Critical,2024-07-22,2024-07-22,8.1,4,No,Resolved,Rahul Das,Portal,4
TKT-02502,CLI-0002,AI Insights Module,Access Permission Issue,High,2023-05-02,2023-05-02,1.5,8,Yes,Resolved,Karan Gupta,Phone,3
TKT-00238,CLI-0196,CloudShift Platform,Onboarding Support,Medium,2023-10-08,2023-10-08,1.3,24,Yes,Resolved,Priya Nair,Email,
TKT-00471,CLI-0159,DevOps Accelerator,API Integration Failure,High,2023-05-26,2023-05-26,5.4,8,Yes,Resolved,Divya Verma,Portal,5
TKT-02194,CLI-0008,AnalyticsEdge,Data Sync Error,High,2024-01-12,2024-01-12,11.6,8,No,Resolved,Pooja Patel,Chat,4
TKT-02410,CLI-0008,DevOps Accelerator,Server Downtime,Medium,2023-03-24,,,24,Yes,In Progress,Rahul Das,Phone,
TKT-02069,CLI-0096,AI Insights Module,Dashboard Bug,High,2023-12-31,2023-12-31,2.9,8,Yes,Resolved,Neha Gupta,Email,5
TKT-03063,CLI-0162,AnalyticsEdge,Report Inaccuracy,Low,2024-07-21,2024-07-23,60.0,48,No,Resolved,Karan Gupta,Phone,2
TKT-00555,CLI-0287,DataVault Pro,Access Permission Issue,Low,2024-05-05,2024-05-08,79.3,48,No,Resolved,Nikhil Reddy,Email,3
TKT-00817,CLI-0119,AnalyticsEdge,Feature Request,Medium,2024-01-02,2024-01-04,51.1,24,No,Resolved,Manish Nair,Portal,4
TKT-03651,CLI-0204,SecureNet Suite,Security Alert,High,2023-04-03,,,8,No,Open,Priya Patel,Chat,
TKT-03887,CLI-0261,SecureNet Suite,Onboarding Support,Medium,2023-06-09,2023-06-10,27.9,24,No,Resolved,Rahul Das,Chat,2
TKT-00377,CLI-0098,AI Insights Module,Data Sync Error,High,04/26/2023,2023-04-26,2.3,8,Yes,Resolved,Deepika Mishra,Email,
TKT-03057,CLI-0026,DataVault Pro,Data Sync Error,High,2024-02-15,2024-02-15,12.1,8,No,Resolved,Neha Gupta,Phone,5
TKT-00965,CLI-0136,DataVault Pro,API Integration Failure,Medium,02/05/2024,2024-02-06,28.6,24,No,Resolved,Neha Gupta,Phone,2
TKT-02717,CLI-0058,DevOps Accelerator,Billing Query,Low,2023-06-05,2023-06-05,7.1,48,Yes,Resolved,Nikhil Reddy,Portal,3
TKT-03652,CLI-0080,AI Insights Module,Onboarding Support,Medium,08/13/2023,,,24,Yes,Escalated,Rahul Das,Phone,
TKT-02163,CLI-0183,CloudShift Platform,Billing Query,Low,05/07/2024,2024-05-07,5.6,48,Yes,Resolved,Kavya Iyer,Chat,
TKT-02234,CLI-0263,SecureNet Suite,Performance Lag,Critical,2024-07-25,2024-07-25,6.0,4,No,Resolved,Nikhil Reddy,Email,
TKT-01491,CLI-0194,DataVault Pro,API Integration Failure,Low,2025-01-21,2025-01-24,88.9,48,No,Resolved,Divya Reddy,Phone,2
TKT-03441,CLI-0220,SecureNet Suite,Report Inaccuracy,Medium,2024-10-27,,,24,No,Open,Kavya Iyer,Portal,
TKT-00488,CLI-0149,DevOps Accelerator,Login Issue,Medium,2023-03-18,2023-03-19,30.4,24,No,Resolved,Deepika Mishra,Email,
TKT-00316,CLI-0240,AnalyticsEdge,Data Sync Error,Medium,2023-02-26,,,24,No,Escalated,Siddharth Reddy,Phone,
TKT-00541,CLI-0193,AI Insights Module,Access Permission Issue,Medium,2023-08-13,2023-08-14,47.1,24,No,Resolved,Pooja Iyer,Chat,4
TKT-00703,CLI-0151,DevOps Accelerator,Access Permission Issue,Medium,2024-05-28,2024-05-28,7.7,24,Yes,Resolved,Kavya Iyer,Email,5
TKT-00765,CLI-0104,AI Insights Module,Report Inaccuracy,Critical,2023-05-22,2023-05-22,5.8,4,No,Resolved,Pooja Gupta,Portal,4
TKT-03411,CLI-0223,DevOps Accelerator,data sync error,Medium,2023-09-12,2023-09-13,35.8,24,No,Resolved,Rahul Das,Portal,4
TKT-00672,CLI-0244,SecureNet Suite,Dashboard Bug,Low,2023-09-26,2023-09-27,25.5,48,Yes,Resolved,Karan Rao,Phone,1
TKT-02447,CLI-0225,CloudShift Platform,Data Sync Error,Low,2025-01-06,,,48,No,In Progress,Rahul Das,Email,
TKT-00529,CLI-0046,CloudShift Platform,Performance Lag,High,2023-02-07,2023-02-07,5.7,8,Yes,Resolved,Pooja Patel,Email,5
TKT-03515,CLI-0075,DevOps Accelerator,API Integration Failure,Medium,2023-01-31,2023-02-02,59.5,24,No,Resolved,Pooja Patel,Chat,5
TKT-03823,CLI-0255,AnalyticsEdge,Security Alert,Medium,2025-03-19,2025-03-20,41.2,24,No,Resolved,Priya Nair,Chat,5
TKT-03436,CLI-0164,AI Insights Module,Data Sync Error,High,2025-01-09,2025-01-09,14.0,8,No,Resolved,Pooja Patel,Chat,4
TKT-01543,CLI-0027,AnalyticsEdge,Billing Query,Low,2023-06-24,2023-06-27,87.4,48,No,Resolved,Priya Patel,Portal,5
TKT-03331,CLI-0233,AnalyticsEdge,Dashboard Bug,Critical,2024-11-07,2024-11-07,5.6,4,No,Resolved,Ananya Joshi,Portal,
TKT-02499,CLI-0284,AI Insights Module,Dashboard Bug,High,2024-02-24,24-02-2024,9.9,8,No,Resolved,Neha Gupta,Chat,3
TKT-01509,CLI-0023,SecureNet Suite,Performance Lag,High,2025-03-05,2025-03-05,12.6,8,No,Resolved,Kavya Iyer,Email,4
TKT-03923,CLI-0179,DevOps Accelerator,Server Downtime,Critical,2024-08-30,2024-08-30,4.9,4,No,Resolved,Karan Gupta,Portal,3
TKT-01575,CLI-0171,AnalyticsEdge,Performance Lag,High,2024-12-15,2024-12-15,10.4,8,No,Resolved,Pooja Gupta,Email,4
TKT-00356,CLI-0245,DataVault Pro,security alert,High,2023-04-05,2023-04-05,8.0,8,Yes,Resolved,Arjun Mishra,Chat,1
TKT-00770,CLI-0075,DevOps Accelerator,Server Downtime,High,2024-12-03,2024-12-03,19.1,8,No,Resolved,Priya Nair,Portal,4
TKT-01295,CLI-0291,AnalyticsEdge,Security Alert,Low,2023-01-29,2023-01-30,26.7,48,Yes,Resolved,Neha Gupta,Email,4
TKT-02487,CLI-0018,DataVault Pro,Billing Query,High,2024-01-28,,,8,Yes,In Progress,Kavya Iyer,Portal,
TKT-00901,CLI-0064,DataVault Pro,API Integration Failure,Low,2024-01-31,2024-02-01,27.3,48,Yes,Resolved,Rahul Das,Chat,3
TKT-03105,CLI-0181,SecureNet Suite,Performance Lag,High,2023-01-12,2023-01-12,13.2,8,No,Resolved,Siddharth Reddy,Email,
TKT-02241,CLI-0041,AnalyticsEdge,Billing Query,Medium,2023-10-03,2023-10-04,47.0,24,No,Resolved,Divya Verma,Chat,
TKT-03742,CLI-0165,DevOps Accelerator,Billing Query,High,2023-02-12,12-02-2023,1.5,8,Yes,Resolved,Karan Rao,Portal,4
TKT-00357,CLI-0222,CloudShift Platform,Server Downtime,Low,2024-02-03,2024-02-03,18.7,48,Yes,Resolved,Siddharth Reddy,Email,5
TKT-02128,CLI-0138,DataVault Pro,Access Permission Issue,Medium,2024-07-23,,,24,No,Open,Deepika Mishra,Chat,
TKT-02730,CLI-0214,CloudShift Platform,Dashboard Bug,Medium,2024-03-06,,,24,Yes,Open,Rahul Das,Phone,
TKT-02932,CLI-0161,DevOps Accelerator,Billing Query,High,2023-01-14,,,8,No,Escalated,Karan Gupta,Phone,
TKT-03630,CLI-0267,SecureNet Suite,Feature Request,High,2024-07-01,2024-07-01,10.9,8,No,Resolved,Divya Reddy,Phone,
TKT-01927,CLI-0199,AI Insights Module,Billing Query,Low,2023-05-15,2023-05-15,13.0,48,Yes,Resolved,Manish Nair,Email,3
TKT-01274,CLI-0037,SecureNet Suite,Access Permission Issue,Medium,2023-11-27,2023-11-27,8.4,24,Yes,Resolved,Nikhil Reddy,Chat,4
TKT-00027,CLI-0102,AnalyticsEdge,Server Downtime,Critical,2023-09-03,2023-09-03,4.4,4,No,Resolved,Priya Patel,Chat,5
TKT-03372,CLI-0114,DataVault Pro,Server Downtime,Low,2024-01-25,,,48,Yes,In Progress,Deepika Mishra,Phone,
TKT-01319,CLI-0067,AnalyticsEdge,Login Issue,Low,2023-06-11,2023-06-14,87.1,48,No,Resolved,,Email,
TKT-01917,CLI-0187,AI Insights Module,Performance Lag,Low,2023-06-28,2023-07-01,87.1,48,No,Resolved,Pooja Iyer,Portal,4
TKT-03618,CLI-0020,SecureNet Suite,Access Permission Issue,Medium,2024-08-15,2024-08-17,59.8,24,No,Resolved,Pooja Gupta,Portal,4
TKT-02853,CLI-0271,SecureNet Suite,Onboarding Support,Medium,2025-02-17,,,24,No,In Progress,Nikhil Reddy,Email,
TKT-01576,CLI-0174,DataVault Pro,Data Sync Error,Low,2023-04-01,2023-04-05,110.9,48,No,Resolved,Nikhil Mehta,Portal,4
TKT-01006,CLI-0185,SecureNet Suite,Server Downtime,Medium,2025-03-01,2025-03-02,38.0,24,No,Resolved,Deepika Mishra,Chat,4
TKT-01590,CLI-0203,CloudShift Platform,Login Issue,High,2023-01-27,2023-01-27,0.9,8,Yes,Resolved,Divya Verma,Chat,5
TKT-03498,CLI-0223,DevOps Accelerator,Dashboard Bug,Medium,2023-11-25,,,24,No,Escalated,,Phone,
TKT-00149,CLI-0003,CloudShift Platform,Feature Request,High,2025-01-08,2025-01-08,15.8,8,No,Resolved,Deepika Mishra,Portal,4
TKT-03254,CLI-0114,DevOps Accelerator,Onboarding Support,Low,2023-12-18,19-12-2023,44.5,48,Yes,Resolved,Divya Reddy,Portal,4
TKT-03953,CLI-0169,DataVault Pro,Billing Query,Medium,01/31/2024,2024-01-31,3.7,24,Yes,Resolved,Karan Gupta,Email,5
TKT-03433,CLI-0027,AnalyticsEdge,Onboarding Support,Medium,2025-01-19,,,24,Yes,In Progress,Priya Nair,Chat,
TKT-02088,CLI-0262,SecureNet Suite,Onboarding Support,Medium,04/23/2023,2023-04-23,9.0,24,Yes,Resolved,Kavya Iyer,Chat,5
TKT-00346,CLI-0050,SecureNet Suite,Feature Request,Low,2023-04-13,2023-04-13,21.0,48,Yes,Resolved,Divya Verma,Chat,3
TKT-03890,CLI-0004,AnalyticsEdge,Report Inaccuracy,Medium,2024-09-19,2024-09-19,4.6,24,Yes,Resolved,Neha Gupta,Phone,4
TKT-03528,CLI-0118,DevOps Accelerator,API Integration Failure,Low,2023-02-27,2023-03-02,75.8,48,No,Resolved,Neha Gupta,Email,4
TKT-01015,CLI-0285,DataVault Pro,Server Downtime,Medium,2024-07-12,2024-07-14,49.1,24,No,Resolved,Manish Nair,Email,4
TKT-00701,CLI-0053,CloudShift Platform,API Integration Failure,Medium,2023-12-10,2023-12-10,7.5,24,,Resolved,Ananya Joshi,Phone,3
TKT-01238,CLI-0187,CloudShift Platform,Server Downtime,Low,2024-11-08,,,48,No,In Progress,Rahul Das,Chat,
TKT-03928,CLI-0041,AI Insights Module,API Integration Failure,Medium,2024-10-27,,,24,Yes,In Progress,Divya Verma,Email,
TKT-03605,CLI-0125,AI Insights Module,Report Inaccuracy,High,2023-06-25,2023-06-25,8.2,8,No,Resolved,Divya Reddy,Phone,4
TKT-01441,CLI-0141,AnalyticsEdge,Access Permission Issue,High,2024-08-18,,,8,Yes,In Progress,Divya Reddy,Email,
TKT-02781,CLI-0072,AnalyticsEdge,Data Sync Error,Critical,2023-04-02,2023-04-02,9.1,4,No,Resolved,Manish Nair,Email,4
TKT-00352,CLI-0165,DevOps Accelerator,Data Sync Error,Low,2023-11-09,2023-11-10,34.2,48,Yes,Resolved,Divya Verma,Email,3
TKT-01510,CLI-0041,SecureNet Suite,Data Sync Error,Medium,2024-08-04,2024-08-04,8.8,24,Yes,Resolved,Karan Gupta,Email,5
TKT-01443,CLI-0222,AnalyticsEdge,API Integration Failure,Medium,2024-08-03,2024-08-03,3.0,24,Yes,Resolved,Kavya Iyer,Phone,5
TKT-00293,CLI-0137,SecureNet Suite,Data Sync Error,High,2023-04-17,2023-04-17,17.1,8,No,Resolved,Neha Gupta,Phone,4
TKT-00297,CLI-0002,DataVault Pro,Billing Query,Low,2023-08-05,,,48,Yes,Open,Nikhil Reddy,Chat,
TKT-01865,CLI-0007,CloudShift Platform,Access Permission Issue,Medium,2023-05-26,2023-05-28,52.4,24,No,Resolved,Neha Gupta,Email,4
TKT-03239,CLI-0080,DevOps Accelerator,Login Issue,Medium,2023-05-27,2023-05-28,37.1,24,No,Resolved,Arjun Mishra,Phone,5
TKT-01033,CLI-0106,DataVault Pro,Onboarding Support,Critical,2024-04-18,2024-04-18,5.5,4,No,Resolved,Divya Verma,Chat,5
TKT-00158,CLI-0186,AI Insights Module,security alert,Low,2023-06-24,,,48,No,In Progress,Siddharth Reddy,Phone,
TKT-02914,CLI-0047,AnalyticsEdge,Dashboard Bug,Medium,2023-06-07,2023-06-08,44.6,24,No,Resolved,Arjun Mishra,Phone,3
TKT-03764,CLI-0045,AnalyticsEdge,Feature Request,High,2024-05-13,,,8,Yes,In Progress,Arjun Mishra,Phone,
TKT-00537,CLI-0054,AI Insights Module,Onboarding Support,High,2023-01-19,2023-01-19,7.1,8,Yes,Resolved,Deepika Mishra,Phone,
TKT-01253,CLI-0253,SecureNet Suite,Login Issue,Low,2024-09-21,,,48,No,In Progress,,Portal,
TKT-03085,CLI-0016,AI Insights Module,Server  Downtime,Medium,2024-07-23,23-07-2024,1.1,24,Yes,Resolved,Deepika Mishra,Phone,3
TKT-01989,CLI-0201,DevOps Accelerator,Login Issue,Medium,2024-04-01,2024-04-01,2.5,24,Yes,Resolved,Priya Patel,Phone,5
TKT-03165,CLI-0228,CloudShift Platform,Access Permission Issue,High,2023-06-29,,,8,No,Open,Karan Rao,Email,
TKT-00538,CLI-0087,SecureNet Suite,API Integration Failure,Medium,2024-09-16,2024-09-17,27.4,24,No,Resolved,Manish Nair,Chat,3
TKT-00361,CLI-0233,CloudShift Platform,Server Downtime,Low,2023-11-02,,,48,Yes,In Progress,Divya Reddy,Chat,
TKT-01672,CLI-0256,CloudShift Platform,Report Inaccuracy,High,2023-01-11,2023-01-11,5.9,8,Yes,Resolved,Pooja Iyer,Portal,
TKT-01185,CLI-0033,AnalyticsEdge,Security Alert,,2023-01-07,,,24,No,Open,Karan Rao,Email,
TKT-00250,CLI-0257,AnalyticsEdge,server downtime,Medium,2024-11-25,2024-11-27,52.6,24,No,Resolved,Arjun Mishra,Portal,5
TKT-03991,CLI-0104,DevOps Accelerator,Performance Lag,Low,2024-09-06,,,48,No,In Progress,Nikhil Mehta,Phone,
TKT-01724,CLI-0041,CloudShift Platform,login issue,High,2025-02-27,27-02-2025,9.3,8,No,Resolved,Priya Nair,Portal,3
TKT-03587,CLI-0299,AI Insights Module,Security Alert,Medium,2024-01-13,,,24,No,In Progress,Arjun Mishra,Phone,
TKT-02474,CLI-0152,CloudShift Platform,Dashboard Bug,Medium,2024-03-05,2024-03-05,13.0,24,Yes,Resolved,Kavya Iyer,Email,4
TKT-01747,CLI-0170,AnalyticsEdge,Data Sync Error,High,2024-09-28,,,8,No,Open,Ananya Joshi,Email,
TKT-02810,CLI-0164,DevOps Accelerator,Security Alert,High,2023-12-11,2023-12-11,10.9,8,No,Resolved,Pooja Patel,Email,
TKT-00755,CLI-0213,CloudShift Platform,Access Permission Issue,Medium,2024-08-18,,,24,Yes,In Progress,Divya Verma,Chat,
TKT-03228,CLI-0073,CloudShift Platform,Billing Query,Medium,2024-07-20,2024-07-21,31.4,24,No,Resolved,Deepika Mishra,Portal,3
TKT-02178,CLI-0024,DevOps Accelerator,Access Permission Issue,Critical,2023-04-22,2023-04-22,9.6,4,No,Resolved,Neha Gupta,Email,4
TKT-01623,CLI-0148,AnalyticsEdge,Server Downtime,Medium,2025-03-16,17-03-2025,27.2,24,No,Resolved,Rahul Das,Phone,4
TKT-03623,CLI-0287,DevOps Accelerator,Performance Lag,,2023-06-07,2023-06-08,42.4,24,No,Resolved,Siddharth Reddy,Phone,1
TKT-03975,CLI-0257,DevOps Accelerator,Security Alert,High,2024-10-19,2024-10-19,12.4,8,No,Resolved,Divya Verma,Portal,2
TKT-01112,CLI-0237,SecureNet Suite,Server Downtime,Medium,2024-07-13,2024-07-15,52.9,24,No,Resolved,Neha Gupta,Email,5
TKT-03773,CLI-0117,DevOps Accelerator,API Integration Failure,Critical,08/24/2024,2024-08-24,9.2,4,No,Resolved,Siddharth Reddy,Chat,3
TKT-00085,CLI-0258,AnalyticsEdge,Performance Lag,Critical,2024-06-27,,,4,No,Escalated,Pooja Iyer,Phone,
TKT-00808,CLI-0198,DataVault Pro,Performance Lag,Medium,2025-03-02,,,24,Yes,Escalated,Nikhil Reddy,Portal,
TKT-03542,CLI-0155,CloudShift Platform,Server Downtime,Medium,2024-02-10,,,24,No,In Progress,Priya Patel,Portal,
TKT-03278,CLI-0278,AnalyticsEdge,Onboarding Support,High,01/28/2025,,,8,No,Open,Priya Nair,Phone,
TKT-00746,CLI-0023,CloudShift Platform,Security Alert,Medium,2024-02-03,2024-02-04,26.1,24,No,Resolved,Pooja Gupta,Phone,3
TKT-03211,CLI-0127,SecureNet Suite,Server Downtime,High,2025-03-17,2025-03-17,6.0,8,Yes,Resolved,Manish Nair,Phone,5
TKT-00432,CLI-0158,SecureNet Suite,Onboarding Support,High,2023-03-25,2023-03-25,19.0,8,No,Resolved,Deepika Mishra,Portal,5
TKT-00647,CLI-0023,DevOps Accelerator,Onboarding Support,Medium,2023-04-26,2023-04-28,57.5,24,No,Resolved,Karan Rao,Email,
TKT-02786,CLI-0162,SecureNet Suite,Onboarding Support,High,2024-11-11,2024-11-11,15.7,8,No,Resolved,Manish Nair,Portal,
TKT-00229,CLI-0012,SecureNet Suite,Access Permission Issue,Low,2023-08-29,2023-08-30,45.8,48,Yes,Resolved,,Chat,4
TKT-02479,CLI-0025,DevOps Accelerator,Report Inaccuracy,Medium,2024-08-22,2024-08-23,25.9,24,No,Resolved,Rahul Das,Phone,1
TKT-00718,CLI-0289,CloudShift Platform,Performance Lag,High,2024-11-02,,,8,No,Escalated,Pooja Iyer,Email,
TKT-01709,CLI-0291,DataVault Pro,Report Inaccuracy,,2023-01-25,2023-01-25,9.1,4,No,Resolved,Pooja Patel,Portal,5
TKT-01469,CLI-0041,AI Insights Module,Billing Query,High,2024-11-24,,,8,No,In Progress,Pooja Iyer,Chat,
TKT-01906,CLI-0173,AI Insights Module,Onboarding Support,High,2023-07-01,2023-07-01,1.4,8,Yes,Resolved,Nikhil Mehta,Portal,4
TKT-00193,CLI-0215,AI Insights Module,Billing Query,Low,2023-06-19,2023-06-22,77.3,48,No,Resolved,Priya Nair,Email,3
TKT-01872,CLI-0076,AI Insights Module,Data Sync Error,High,2023-05-19,2023-05-19,8.3,8,No,Resolved,Divya Verma,Phone,2
TKT-02518,CLI-0114,AI Insights Module,Access Permission Issue,High,2023-01-01,,,8,No,Escalated,Siddharth Reddy,Email,
TKT-03914,CLI-0009,AnalyticsEdge,api integration failure,Medium,2024-11-08,,,24,No,Open,Nikhil Mehta,Chat,
TKT-03586,CLI-0125,CloudShift Platform,Login Issue,Medium,2023-09-19,,,24,No,In Progress,Priya Patel,Chat,
TKT-02318,CLI-0036,AnalyticsEdge,Data Sync Error,Medium,2023-04-03,,,24,No,Open,,Email,
TKT-03843,CLI-0244,AI Insights Module,Feature Request,Low,2024-05-04,2024-05-05,45.7,48,,Resolved,Divya Verma,Phone,4
TKT-03864,CLI-0238,DataVault Pro,Login Issue,High,2023-09-11,,,8,No,In Progress,Rahul Das,Phone,
TKT-02978,CLI-0135,DataVault Pro,Onboarding Support,Medium,2025-02-03,,,24,No,In Progress,Priya Patel,Portal,
TKT-03191,CLI-0084,SecureNet Suite,Onboarding Support,Medium,2023-12-02,,,24,Yes,Escalated,Ananya Joshi,Portal,
TKT-02555,CLI-0100,AnalyticsEdge,Performance Lag,High,2024-11-09,2024-11-09,4.6,8,Yes,Resolved,Pooja Patel,Chat,3
TKT-00801,CLI-0216,CloudShift Platform,Server Downtime,Low,2024-08-18,,,48,No,Open,Rahul Das,Email,
TKT-01218,CLI-0270,CloudShift Platform,Report Inaccuracy,Medium,2023-05-10,,,24,No,Open,Ananya Joshi,Chat,
TKT-00643,CLI-0187,AnalyticsEdge,Performance Lag,Medium,11/13/2023,2023-11-13,11.0,24,Yes,Resolved,Pooja Iyer,Portal,5
TKT-02165,CLI-0043,SecureNet Suite,Login Issue,High,2023-07-21,2023-07-21,19.6,8,No,Resolved,Rahul Das,Email,3
TKT-01454,CLI-0099,DevOps Accelerator,Access Permission Issue,High,2023-05-05,2023-05-05,9.1,8,No,Resolved,Karan Rao,Phone,5
TKT-03146,CLI-0112,DevOps Accelerator,Dashboard Bug,Medium,2024-03-27,2024-03-28,34.9,24,No,Resolved,Karan Rao,Phone,3
TKT-01195,CLI-0017,AI Insights Module,Feature Request,Medium,2023-07-31,,,24,Yes,Open,Rahul Das,Phone,
TKT-01925,CLI-0046,SecureNet Suite,Performance Lag,Low,2024-04-17,,,48,Yes,In Progress,Pooja Patel,Chat,
TKT-01587,CLI-0205,AnalyticsEdge,dashboard bug,Medium,2023-12-16,2023-12-18,55.1,24,No,Resolved,Pooja Patel,Phone,
TKT-02651,CLI-0247,CloudShift Platform,Report Inaccuracy,Medium,2024-01-13,2024-01-14,41.5,24,No,Resolved,Arjun Mishra,Phone,2
TKT-00715,CLI-0041,DevOps Accelerator,login issue,Low,2023-09-04,,,48,Yes,Escalated,Siddharth Reddy,Portal,
TKT-01986,CLI-0203,DevOps Accelerator,Access  Permission  Issue,High,2024-11-09,,,8,No,In Progress,Siddharth Reddy,Portal,
TKT-00712,CLI-0096,AnalyticsEdge,Report Inaccuracy,High,2024-03-27,,,8,No,Escalated,Nikhil Mehta,Email,
TKT-02819,CLI-0109,AnalyticsEdge,Dashboard Bug,Low,2023-09-28,,,48,No,In Progress,Nikhil Mehta,Portal,
TKT-00087,CLI-0277,AnalyticsEdge,API Integration Failure,Low,2023-11-15,2023-11-17,51.6,48,No,Resolved,Siddharth Reddy,Portal,5
TKT-00533,CLI-0081,CloudShift Platform,Access Permission Issue,Medium,2023-08-11,,,24,No,Escalated,Karan Rao,Chat,
TKT-00612,CLI-0040,DataVault Pro,API Integration Failure,High,2024-11-04,,,8,No,Open,Pooja Patel,Chat,
TKT-02164,CLI-0042,SecureNet Suite,Server Downtime,Medium,2024-06-03,,,24,Yes,Escalated,Nikhil Reddy,Chat,
TKT-02766,CLI-0062,AnalyticsEdge,Dashboard Bug,Medium,2024-11-28,2024-11-29,45.4,24,No,Resolved,Karan Rao,Email,5
TKT-02594,CLI-0167,SecureNet Suite,Server Downtime,Medium,2023-02-06,2023-02-06,1.6,24,Yes,Resolved,Karan Gupta,Phone,4
TKT-00751,CLI-0193,AI Insights Module,Dashboard  Bug,Low,2024-12-23,2024-12-23,17.1,48,Yes,Resolved,Nikhil Mehta,Chat,5
TKT-00378,CLI-0091,DataVault Pro,Server Downtime,High,2025-01-10,,,8,No,Open,Manish Nair,Phone,
TKT-03681,CLI-0047,AI Insights Module,Report Inaccuracy,Low,2024-11-01,,,48,No,In Progress,Karan Rao,Chat,
TKT-02670,CLI-0079,DataVault Pro,Server Downtime,Low,2024-06-27,27-06-2024,11.7,48,Yes,Resolved,Priya Nair,Chat,3
TKT-00079,CLI-0059,CloudShift Platform,Onboarding Support,High,2024-08-26,,,8,No,Escalated,Pooja Patel,Email,
TKT-03529,CLI-0017,AnalyticsEdge,Report Inaccuracy,Medium,2024-05-04,2024-05-06,55.3,24,No,Resolved,Divya Verma,Portal,2
TKT-01423,CLI-0186,SecureNet Suite,Billing Query,High,2025-03-26,2025-03-26,3.9,8,Yes,Resolved,Priya Nair,Chat,4
TKT-03546,CLI-0041,CloudShift Platform,Server Downtime,High,2023-05-07,,,8,Yes,In Progress,Deepika Mishra,Portal,
TKT-00648,CLI-0173,AI Insights Module,Feature Request,High,2023-11-21,,,8,No,In Progress,Priya Nair,Phone,
TKT-00910,CLI-0274,AI Insights Module,Onboarding Support,Critical,2025-01-12,2025-01-12,8.1,4,No,Resolved,Priya Patel,Portal,5
TKT-02310,CLI-0279,AI Insights Module,Billing  Query,High,2024-09-18,2024-09-18,10.8,8,No,Resolved,Pooja Gupta,Chat,3
TKT-01484,CLI-0043,AnalyticsEdge,Server Downtime,Low,2023-04-30,,,48,No,In Progress,Rahul Das,Portal,
TKT-02645,CLI-0251,CloudShift Platform,Billing Query,Low,2025-03-29,,,48,No,Escalated,Ananya Joshi,Portal,
TKT-00534,CLI-0277,AnalyticsEdge,Server Downtime,Critical,2024-12-13,2024-12-13,6.8,4,No,Resolved,Siddharth Reddy,Phone,2
TKT-00841,CLI-0258,SecureNet Suite,Security Alert,Medium,2023-08-07,,,24,Yes,In Progress,Kavya Iyer,Chat,
TKT-01758,CLI-0244,AI Insights Module,Login Issue,Medium,2023-04-30,,,24,Yes,Open,Divya Verma,Portal,
TKT-03729,CLI-0073,CloudShift Platform,Billing Query,Medium,2023-06-10,,,24,No,In Progress,Ananya Joshi,Email,
TKT-02614,CLI-0111,AnalyticsEdge,Login Issue,Medium,2023-11-20,,,24,No,In Progress,Arjun Mishra,Email,
TKT-03897,CLI-0044,CloudShift Platform,api integration failure,Medium,2023-11-25,2023-11-26,37.0,24,No,Resolved,Deepika Mishra,Chat,4
TKT-00962,CLI-0151,SecureNet Suite,Security Alert,Low,2024-05-23,23-05-2024,20.1,48,Yes,Resolved,Pooja Iyer,Chat,
TKT-01938,CLI-0099,SecureNet Suite,Dashboard Bug,Critical,2024-08-24,2024-08-24,1.7,4,Yes,Resolved,Karan Gupta,Phone,3
TKT-03215,CLI-0276,CloudShift Platform,Data Sync Error,Medium,2025-01-25,,,24,,Open,Pooja Gupta,Chat,
TKT-03474,CLI-0291,CloudShift Platform,Performance Lag,Critical,2023-01-23,2023-01-23,0.6,4,Yes,Resolved,Neha Gupta,Chat,3
TKT-00448,CLI-0096,DevOps Accelerator,Report Inaccuracy,Medium,2025-01-12,,,24,No,Open,Nikhil Mehta,Portal,
TKT-03422,CLI-0159,AI Insights Module,Access Permission Issue,Medium,2023-08-03,,,24,No,In Progress,Ananya Joshi,Chat,
TKT-01720,CLI-0030,DevOps Accelerator,Billing Query,Medium,2023-01-17,2023-01-18,35.5,24,No,Resolved,Manish Nair,Chat,1
TKT-01570,CLI-0003,SecureNet Suite,Access Permission Issue,Medium,2024-08-05,2024-08-06,45.0,24,No,Resolved,Divya Verma,Chat,3
TKT-00265,CLI-0155,DataVault Pro,Data Sync Error,Critical,2023-03-16,2023-03-16,0.5,4,Yes,Resolved,Manish Nair,Email,
TKT-03334,CLI-0165,AnalyticsEdge,Login Issue,Critical,2023-12-04,2023-12-04,2.5,4,Yes,Resolved,Rahul Das,Portal,
TKT-01426,CLI-0251,CloudShift Platform,Report Inaccuracy,Medium,2024-12-17,2024-12-18,26.6,24,No,Resolved,Priya Nair,Email,3
TKT-02865,CLI-0166,DataVault Pro,API Integration Failure,High,2024-06-24,2024-06-24,6.2,8,Yes,Resolved,Priya Nair,Chat,2
TKT-01245,CLI-0165,DevOps Accelerator,Report Inaccuracy,Medium,2023-10-23,2023-10-23,3.2,24,Yes,Resolved,Priya Nair,Chat,
TKT-01402,CLI-0287,SecureNet Suite,Security Alert,Low,2023-07-20,2023-07-21,27.8,48,Yes,Resolved,Karan Rao,Chat,3
TKT-03053,CLI-0201,DevOps Accelerator,Feature Request,High,2024-03-29,,,8,Yes,Escalated,Karan Gupta,Email,
TKT-01138,CLI-0291,CloudShift Platform,Access Permission Issue,Medium,2025-02-05,2025-02-05,11.1,24,Yes,Resolved,Priya Patel,Email,4
TKT-03260,CLI-0266,AI Insights Module,Report Inaccuracy,Low,2024-03-21,2024-03-21,23.2,48,Yes,Resolved,Divya Verma,Phone,4
TKT-00544,CLI-0239,AnalyticsEdge,Security Alert,High,2023-09-23,,,8,,In Progress,Divya Reddy,Email,
TKT-02097,CLI-0031,CloudShift Platform,Data Sync Error,Low,2023-07-25,,,48,Yes,Open,Pooja Patel,Phone,
TKT-01352,CLI-0032,AnalyticsEdge,Access Permission Issue,Critical,2023-10-02,2023-10-02,8.3,4,No,Resolved,Arjun Mishra,Portal,4
TKT-01393,CLI-0229,AI Insights Module,Access Permission Issue,High,2024-05-27,2024-05-27,15.0,8,No,Resolved,Kavya Iyer,Email,
TKT-03180,CLI-0108,AnalyticsEdge,Security Alert,Low,2023-03-02,2023-03-05,79.2,48,No,Resolved,Rahul Das,Portal,5
TKT-01199,CLI-0300,AI Insights Module,Onboarding Support,High,2024-10-30,2024-10-30,4.7,8,Yes,Resolved,Ananya Joshi,Phone,5
TKT-01474,CLI-0049,AI Insights Module,Security Alert,High,2024-06-25,,,8,,Open,Nikhil Reddy,Chat,
TKT-00593,CLI-0214,SecureNet Suite,Dashboard Bug,Critical,2023-02-09,,,4,No,In Progress,Pooja Patel,Email,
TKT-02676,CLI-0089,AnalyticsEdge,API Integration Failure,High,2023-03-04,,,8,Yes,Open,Divya Verma,Portal,
TKT-02404,CLI-0007,CloudShift Platform,Security Alert,High,2023-09-25,,,8,Yes,In Progress,Pooja Patel,Phone,
TKT-02079,CLI-0115,AI Insights Module,Dashboard Bug,High,2023-12-11,2023-12-11,18.2,8,No,Resolved,Ananya Joshi,Chat,5
TKT-00657,CLI-0217,CloudShift Platform,Report Inaccuracy,Low,2023-08-17,,,48,No,In Progress,Priya Nair,Portal,
TKT-01344,CLI-0062,DataVault Pro,Performance Lag,Low,2023-10-19,,,48,Yes,In Progress,,Chat,
TKT-02593,CLI-0070,AI Insights Module,Server Downtime,Medium,2024-03-15,,,24,No,Escalated,Pooja Iyer,Phone,
TKT-00687,CLI-0275,AnalyticsEdge,Dashboard Bug,Low,2023-09-23,2023-09-26,73.7,48,No,Resolved,Karan Rao,Email,4
TKT-03670,CLI-0017,CloudShift Platform,Onboarding Support,Medium,2023-12-14,,,24,No,Open,Ananya Joshi,Chat,
TKT-02443,CLI-0169,AnalyticsEdge,Billing Query,High,2024-05-19,,,8,Yes,Open,Deepika Mishra,Chat,
TKT-02312,CLI-0017,AnalyticsEdge,Billing Query,Low,2023-07-17,,,48,No,Open,Pooja Patel,Portal,
TKT-00694,CLI-0176,CloudShift Platform,Login Issue,Low,2024-08-20,2024-08-23,75.0,48,No,Resolved,Ananya Joshi,Chat,5
TKT-02242,CLI-0008,AnalyticsEdge,Access Permission Issue,High,2023-01-16,2023-01-16,2.1,8,Yes,Resolved,Arjun Mishra,Phone,5
TKT-03354,CLI-0075,DataVault Pro,Security Alert,Medium,2024-10-20,,,24,Yes,In Progress,Divya Verma,Phone,
TKT-03557,CLI-0013,AI Insights Module,Login Issue,Critical,2023-10-09,2023-10-09,5.2,4,No,Resolved,Ananya Joshi,Chat,4
TKT-02266,CLI-0009,CloudShift Platform,Access Permission Issue,Low,2023-02-13,2023-02-14,39.4,48,Yes,Resolved,Neha Gupta,Chat,4
TKT-01205,CLI-0201,DataVault Pro,Login Issue,Medium,2025-03-10,,,24,No,Open,,Email,
TKT-00120,CLI-0251,AnalyticsEdge,Data Sync Error,Critical,2023-06-07,2023-06-07,2.0,4,Yes,Resolved,Pooja Iyer,Phone,5
TKT-02692,CLI-0169,AI Insights Module,Server Downtime,Medium,2023-02-15,2023-02-15,10.9,24,Yes,Resolved,Divya Verma,Chat,3
TKT-03851,CLI-0180,DataVault Pro,Onboarding Support,High,2024-02-27,2024-02-27,18.6,8,No,Resolved,Divya Reddy,Email,4
TKT-02394,CLI-0013,AnalyticsEdge,Report Inaccuracy,Medium,2023-05-16,2023-05-18,50.6,24,No,Resolved,Rahul Das,Email,5
TKT-03938,CLI-0234,DataVault Pro,Billing Query,Medium,2023-09-20,2023-09-21,32.1,24,No,Resolved,Divya Verma,Phone,5
TKT-03850,CLI-0049,AnalyticsEdge,Onboarding Support,High,2024-03-18,,,8,No,Escalated,Divya Reddy,Chat,
TKT-03476,CLI-0116,AnalyticsEdge,Data Sync Error,Medium,2023-04-25,2023-04-25,6.4,24,Yes,Resolved,Priya Nair,Chat,
TKT-02251,CLI-0179,AnalyticsEdge,Data Sync Error,Medium,2023-12-24,2023-12-25,34.1,24,No,Resolved,Deepika Mishra,Chat,4
TKT-02127,CLI-0076,AnalyticsEdge,Onboarding Support,Low,2024-11-25,2024-11-26,37.2,48,Yes,Resolved,Pooja Gupta,Email,4
TKT-01132,CLI-0282,AnalyticsEdge,Billing Query,Medium,2023-07-29,,,24,Yes,Open,Divya Verma,Phone,
TKT-01869,CLI-0149,AnalyticsEdge,Report Inaccuracy,Critical,2024-04-13,13-04-2024,3.5,4,Yes,Resolved,Nikhil Mehta,Chat,
TKT-01830,CLI-0033,AI Insights Module,Billing Query,Medium,2024-10-26,2024-10-26,19.5,24,Yes,Resolved,Arjun Mishra,Chat,
TKT-01466,CLI-0183,AI Insights Module,Login Issue,Medium,2023-06-15,,,24,No,Escalated,Arjun Mishra,Phone,
TKT-03617,CLI-0279,AI Insights Module,Login Issue,High,2024-09-05,,,8,No,In Progress,Karan Gupta,Email,
TKT-01804,CLI-0188,SecureNet Suite,Security Alert,Medium,2023-10-20,,,24,Yes,In Progress,Pooja Patel,Phone,
TKT-03264,CLI-0199,SecureNet Suite,Server Downtime,Medium,2023-06-11,2023-06-11,5.0,24,Yes,Resolved,Ananya Joshi,Phone,4
TKT-00417,CLI-0263,DataVault Pro,Access Permission Issue,Medium,2023-06-15,2023-06-16,39.3,24,No,Resolved,Karan Rao,Chat,4
TKT-02316,CLI-0298,CloudShift Platform,API Integration Failure,Low,2023-01-15,,,48,No,Open,Pooja Gupta,Portal,
TKT-03094,CLI-0174,CloudShift Platform,Dashboard Bug,High,2023-07-26,,,8,No,Open,Nikhil Reddy,Chat,
TKT-00487,CLI-0003,AnalyticsEdge,Data Sync Error,Critical,2023-11-18,2023-11-18,1.8,4,Yes,Resolved,Karan Rao,Phone,4
TKT-03034,CLI-0138,CloudShift Platform,Security Alert,Medium,2023-01-10,2023-01-11,34.9,24,No,Resolved,Nikhil Mehta,Phone,2
TKT-02232,CLI-0026,DataVault Pro,Report Inaccuracy,Low,2023-08-25,2023-08-27,52.5,48,No,Resolved,Deepika Mishra,Chat,2
TKT-01279,CLI-0262,DevOps Accelerator,Onboarding Support,Critical,2023-01-31,,,4,Yes,Escalated,Karan Rao,Portal,
TKT-02822,CLI-0186,AnalyticsEdge,Report Inaccuracy,Low,2024-06-10,2024-06-10,22.3,48,Yes,Resolved,Priya Nair,Email,4
TKT-03891,CLI-0087,DevOps Accelerator,Access Permission Issue,Critical,2023-04-21,2023-04-21,6.6,4,,Resolved,Nikhil Reddy,Phone,
TKT-02719,CLI-0275,DataVault Pro,Report Inaccuracy,Medium,2023-03-11,2023-03-11,3.9,24,Yes,Resolved,Pooja Patel,Phone,
TKT-01544,CLI-0175,DataVault Pro,Access Permission Issue,High,2023-05-16,,,8,Yes,Escalated,Neha Gupta,Phone,
TKT-01187,CLI-0024,SecureNet Suite,Login Issue,Critical,2023-11-29,2023-11-29,7.3,4,No,Resolved,Karan Rao,Portal,5
TKT-00748,CLI-0026,DataVault Pro,API Integration Failure,Critical,2024-06-19,,,4,No,Open,Rahul Das,Chat,
TKT-02976,CLI-0114,SecureNet Suite,Security Alert,High,2024-03-24,2024-03-24,5.1,8,Yes,Resolved,Karan Rao,Phone,4
TKT-00097,CLI-0067,SecureNet Suite,API Integration Failure,Critical,2023-04-17,,,4,,Open,Arjun Mishra,Chat,
TKT-02144,CLI-0051,SecureNet Suite,Data Sync Error,Medium,2024-12-02,2024-12-03,40.5,24,No,Resolved,Priya Patel,Chat,3
TKT-03186,CLI-0065,AI Insights Module,Feature Request,Medium,2024-02-25,2024-02-27,50.4,24,No,Resolved,Karan Gupta,Email,
TKT-03269,CLI-0049,CloudShift Platform,Server Downtime,Low,2023-11-07,2023-11-10,88.7,48,No,Resolved,Rahul Das,Portal,
TKT-03027,CLI-0276,CloudShift Platform,Server Downtime,Low,2023-03-05,,,48,Yes,Escalated,Priya Nair,Portal,
TKT-02314,CLI-0050,SecureNet Suite,Report Inaccuracy,Low,2023-07-02,,,48,No,In Progress,Divya Verma,Email,
TKT-02003,CLI-0240,AI Insights Module,Onboarding Support,Medium,2023-10-23,24-10-2023,39.1,24,No,Resolved,Ananya Joshi,Chat,4
TKT-02198,CLI-0260,SecureNet Suite,API Integration Failure,Low,2024-09-05,2024-09-08,92.3,48,No,Resolved,Divya Reddy,Phone,
TKT-01338,CLI-0198,DataVault Pro,API Integration Failure,Critical,2024-12-17,2024-12-17,3.4,4,Yes,Resolved,Kavya Iyer,Portal,2
TKT-02595,CLI-0024,AnalyticsEdge,Security Alert,Medium,2023-01-21,,,24,No,In Progress,Priya Nair,Chat,
TKT-03136,CLI-0040,AI Insights Module,Data Sync Error,Medium,2024-09-08,2024-09-09,45.9,24,No,Resolved,Karan Gupta,Email,4
TKT-00390,CLI-0005,DevOps Accelerator,Feature Request,Medium,2023-01-21,2023-01-21,4.4,24,Yes,Resolved,Pooja Patel,Chat,2
TKT-00232,CLI-0282,SecureNet Suite,Onboarding Support,Low,2024-10-24,,,48,No,In Progress,,Portal,
TKT-01136,CLI-0096,DataVault Pro,Security Alert,,2023-05-26,2023-05-26,20.5,24,Yes,Resolved,Priya Nair,Chat,4
TKT-02436,CLI-0130,DevOps Accelerator,Dashboard Bug,Medium,2023-02-27,,,24,No,Open,Rahul Das,Portal,
TKT-03478,CLI-0293,DataVault Pro,Data Sync Error,Medium,2024-03-09,,,24,No,Open,Pooja Patel,Chat,
TKT-03356,CLI-0030,DevOps Accelerator,Report Inaccuracy,Medium,2023-01-25,2023-01-26,24.3,24,No,Resolved,Rahul Das,Email,5
TKT-00835,CLI-0047,SecureNet Suite,Performance Lag,High,2024-02-25,2024-02-25,5.5,8,Yes,Resolved,Rahul Das,Chat,3
TKT-03456,CLI-0038,SecureNet Suite,API Integration Failure,Medium,2024-11-09,2024-11-10,38.0,24,No,Resolved,Neha Gupta,Chat,5
TKT-01500,CLI-0007,SecureNet Suite,Data Sync Error,High,06/23/2024,2024-06-23,7.1,8,Yes,Resolved,Neha Gupta,Email,5
TKT-03256,CLI-0221,DataVault Pro,Feature Request,High,2024-10-09,,,8,No,In Progress,Karan Gupta,Chat,
TKT-03868,CLI-0068,CloudShift Platform,Billing Query,Medium,2023-04-02,03-04-2023,28.5,24,No,Resolved,Nikhil Mehta,Email,3
TKT-01186,CLI-0099,AnalyticsEdge,Dashboard Bug,High,2023-01-19,2023-01-19,19.3,8,No,Resolved,Priya Nair,Portal,2
TKT-01270,CLI-0100,SecureNet Suite,Dashboard Bug,Low,2024-06-24,2024-06-25,46.5,48,Yes,Resolved,Neha Gupta,Chat,
TKT-00329,CLI-0041,DevOps Accelerator,Onboarding Support,Critical,2024-10-17,2024-10-17,5.1,4,No,Resolved,Divya Verma,Chat,5
TKT-03901,CLI-0028,DataVault Pro,Server Downtime,Medium,2024-05-24,2024-05-25,43.8,24,No,Resolved,Ananya Joshi,Portal,3
TKT-03225,CLI-0173,CloudShift Platform,API Integration Failure,Medium,2025-02-21,2025-02-22,47.9,24,No,Resolved,Nikhil Reddy,Portal,3
TKT-00075,CLI-0015,AI Insights Module,Onboarding Support,Medium,2024-01-22,2024-01-23,42.8,24,No,Resolved,Priya Patel,Phone,1
TKT-01323,CLI-0277,AI Insights Module,billing query,Medium,2023-02-22,22-02-2023,8.5,24,Yes,Resolved,Nikhil Reddy,Portal,3
TKT-00472,CLI-0092,DataVault Pro,Report Inaccuracy,High,2024-09-03,,,8,No,Open,Deepika Mishra,Chat,
TKT-02639,CLI-0260,SecureNet Suite,API Integration Failure,Medium,2024-10-04,2024-10-04,23.5,24,Yes,Resolved,Nikhil Mehta,Email,3
TKT-02209,CLI-0179,DataVault Pro,API Integration Failure,Critical,2023-01-23,,,4,Yes,Escalated,Priya Patel,Phone,
TKT-03304,CLI-0072,AnalyticsEdge,Server Downtime,High,02/09/2024,,,8,Yes,Open,Rahul Das,Portal,
TKT-02817,CLI-0064,SecureNet Suite,Report Inaccuracy,High,2024-04-25,2024-04-25,10.0,8,No,Resolved,Priya Patel,Phone,5
TKT-00973,CLI-0174,AI Insights Module,Performance Lag,,2024-05-08,2024-05-08,9.9,8,No,Resolved,Siddharth Reddy,Chat,5
TKT-00664,CLI-0265,DataVault Pro,Onboarding Support,Critical,2024-12-12,,,4,No,In Progress,Karan Gupta,Email,
TKT-01679,CLI-0060,AnalyticsEdge,Data Sync Error,High,2023-01-10,,,8,No,Escalated,Karan Rao,Portal,
TKT-03905,CLI-0211,AnalyticsEdge,Dashboard Bug,Critical,2024-03-05,,,4,Yes,Open,Pooja Gupta,Email,
TKT-02935,CLI-0082,DevOps Accelerator,Access Permission Issue,,11/07/2024,,,48,No,Escalated,Divya Reddy,Phone,
TKT-03570,CLI-0134,DataVault Pro,Data Sync Error,Medium,2024-11-22,2024-11-23,34.0,24,No,Resolved,Manish Nair,Chat,1
TKT-03457,CLI-0261,CloudShift Platform,Data Sync Error,Low,2024-04-26,2024-04-30,118.9,48,No,Resolved,Pooja Iyer,Email,
TKT-00549,CLI-0078,SecureNet Suite,Feature Request,Medium,2024-10-30,,,24,No,Open,Ananya Joshi,Portal,
TKT-01825,CLI-0024,SecureNet Suite,Performance  Lag,High,2024-09-15,,,8,No,Open,Priya Patel,Email,
TKT-01756,CLI-0220,DataVault Pro,Feature  Request,Medium,03/02/2023,2023-03-04,59.4,24,No,Resolved,Karan Rao,Email,4
TKT-03197,CLI-0049,CloudShift Platform,Billing Query,High,07/03/2024,,,8,No,In Progress,Manish Nair,Phone,
TKT-03293,CLI-0289,DevOps Accelerator,Onboarding Support,Low,2023-12-01,,,48,Yes,In Progress,Pooja Iyer,Email,
TKT-01701,CLI-0197,AnalyticsEdge,Login Issue,Medium,2024-08-07,2024-08-09,57.9,24,No,Resolved,Nikhil Reddy,Portal,3
TKT-01792,CLI-0045,DataVault Pro,Onboarding Support,Critical,2023-11-27,2023-11-27,3.0,4,Yes,Resolved,Nikhil Reddy,Phone,5
TKT-01936,CLI-0108,DataVault Pro,Login Issue,Medium,2024-03-17,2024-03-18,27.4,24,No,Resolved,Arjun Mishra,Portal,1
TKT-03771,CLI-0041,DataVault Pro,Billing Query,Medium,2023-09-29,,,24,No,In Progress,Karan Rao,Chat,
TKT-02228,CLI-0270,AI Insights Module,Onboarding Support,Low,2024-07-17,2024-07-17,7.7,48,Yes,Resolved,Neha Gupta,Portal,3
TKT-01131,CLI-0282,DataVault Pro,Performance Lag,Low,2023-04-12,,,48,No,In Progress,Pooja Gupta,Portal,
TKT-03305,CLI-0188,DataVault Pro,Security Alert,Low,2023-07-06,2023-07-06,11.6,48,,Resolved,,Chat,
TKT-00292,CLI-0228,SecureNet Suite,Security Alert,Medium,2024-02-20,2024-02-20,4.2,24,Yes,Resolved,Karan Rao,Email,3
TKT-03522,CLI-0206,AI Insights Module,Performance Lag,High,06/18/2023,2023-06-18,19.6,8,No,Resolved,Siddharth Reddy,Phone,4
TKT-03894,CLI-0079,CloudShift Platform,API Integration Failure,Low,2025-01-23,,,48,No,Open,Ananya Joshi,Phone,
TKT-03558,CLI-0187,AI Insights Module,data sync error,High,2024-03-26,,,8,No,In Progress,Divya Reddy,Chat,
TKT-02582,CLI-0031,SecureNet Suite,Security Alert,Medium,2024-03-10,2024-03-10,7.4,24,Yes,Resolved,Divya Reddy,Phone,
TKT-01788,CLI-0165,DevOps Accelerator,Login Issue,High,2025-03-15,2025-03-15,16.3,8,No,Resolved,Neha Gupta,Chat,2
TKT-02442,CLI-0266,DevOps Accelerator,Report Inaccuracy,Medium,2023-04-15,,,24,No,Open,Divya Verma,Portal,
TKT-01403,CLI-0149,AI Insights Module,Onboarding Support,Medium,2023-08-08,2023-08-10,59.5,24,No,Resolved,Nikhil Reddy,Portal,4
TKT-03751,CLI-0058,AnalyticsEdge,Server Downtime,Low,2024-02-15,2024-02-18,84.1,48,No,Resolved,Manish Nair,Chat,4
TKT-02206,CLI-0250,CloudShift Platform,Access Permission Issue,Medium,2023-03-26,,,24,No,In Progress,Ananya Joshi,Chat,
TKT-03432,CLI-0198,AnalyticsEdge,Feature Request,Low,2025-03-27,,,48,No,Open,Rahul Das,Email,
TKT-01562,CLI-0202,AI Insights Module,Billing Query,Medium,2024-04-09,2024-04-09,4.4,24,Yes,Resolved,Pooja Gupta,Chat,3
TKT-00953,CLI-0116,CloudShift Platform,Login Issue,High,2023-04-13,,,8,Yes,In Progress,Pooja Patel,Chat,
TKT-02145,CLI-0234,DevOps Accelerator,Report Inaccuracy,Medium,2023-12-10,2023-12-11,39.8,24,No,Resolved,Pooja Iyer,Portal,4
TKT-02036,CLI-0213,DataVault Pro,Onboarding Support,High,2024-11-04,,,8,No,In Progress,Karan Gupta,Chat,
TKT-03355,CLI-0243,SecureNet Suite,Server Downtime,High,2024-04-03,2024-04-03,17.0,8,No,Resolved,Priya Nair,Email,3
TKT-01973,CLI-0211,DataVault Pro,Login Issue,High,2024-05-25,,,8,No,Open,Divya Verma,Portal,
TKT-00104,CLI-0062,SecureNet Suite,API Integration Failure,Medium,2023-10-30,,,24,Yes,Open,Rahul Das,Chat,
TKT-03592,CLI-0053,CloudShift Platform,Dashboard Bug,Low,11/17/2024,,,48,Yes,Open,Nikhil Reddy,Email,
TKT-01079,CLI-0190,AnalyticsEdge,API Integration Failure,Medium,2024-05-03,,,24,Yes,Escalated,Nikhil Reddy,Chat,
TKT-03409,CLI-0206,AI Insights Module,API Integration Failure,Medium,12/07/2024,,,24,No,Open,Karan Rao,Phone,
TKT-03607,CLI-0171,CloudShift Platform,Onboarding Support,High,2024-01-17,2024-01-17,16.3,8,No,Resolved,Arjun Mishra,Chat,4
TKT-02256,CLI-0151,CloudShift Platform,Login Issue,Low,2023-04-12,,,48,No,Open,Divya Verma,Portal,
TKT-00239,CLI-0153,DataVault Pro,Server Downtime,High,2023-09-14,2023-09-14,10.4,8,No,Resolved,Manish Nair,Portal,4
TKT-02945,CLI-0073,DataVault Pro,Report Inaccuracy,Medium,2023-04-05,,,24,No,Open,Neha Gupta,Chat,
TKT-02747,CLI-0033,AI Insights Module,Feature Request,High,2024-03-07,,,8,No,In Progress,Divya Verma,Chat,
TKT-03344,CLI-0197,AnalyticsEdge,Report Inaccuracy,Low,2023-08-08,2023-08-11,74.8,48,No,Resolved,Pooja Iyer,Chat,3
TKT-02791,CLI-0254,AI Insights Module,api integration failure,Medium,2023-05-15,2023-05-15,19.5,24,Yes,Resolved,Rahul Das,Email,1
TKT-00798,CLI-0284,CloudShift Platform,Billing Query,Medium,2024-09-24,2024-09-25,24.1,24,No,Resolved,Karan Gupta,Portal,4
TKT-02605,CLI-0260,SecureNet Suite,Security Alert,Medium,2023-03-13,,,24,No,Open,Divya Reddy,Portal,
TKT-02047,CLI-0191,DataVault Pro,Billing Query,High,2024-04-06,2024-04-06,16.3,8,No,Resolved,Nikhil Reddy,Portal,5
TKT-02477,CLI-0097,SecureNet Suite,Billing Query,High,2023-09-25,,,8,No,In Progress,Arjun Mishra,Email,
TKT-00240,CLI-0086,CloudShift Platform,Server Downtime,Low,2025-02-20,,,48,No,Open,Karan Rao,Email,
TKT-02765,CLI-0215,CloudShift Platform,Report Inaccuracy,High,2023-02-05,2023-02-05,14.8,8,No,Resolved,Arjun Mishra,Portal,
TKT-02843,CLI-0261,SecureNet Suite,API Integration Failure,Medium,2024-03-05,2024-03-05,11.0,24,Yes,Resolved,Karan Gupta,Portal,4
TKT-01674,CLI-0199,DevOps Accelerator,Onboarding Support,Low,2024-10-15,2024-10-16,44.7,48,Yes,Resolved,Neha Gupta,Portal,3
TKT-01536,CLI-0186,CloudShift Platform,Login Issue,Medium,2024-02-05,2024-02-07,48.1,24,No,Resolved,Priya Patel,Email,5
TKT-03855,CLI-0135,AnalyticsEdge,API Integration Failure,High,2024-05-03,2024-05-03,3.1,8,Yes,Resolved,Pooja Patel,Chat,4
TKT-01296,CLI-0187,AnalyticsEdge,Billing Query,Medium,2023-04-14,2023-04-15,32.9,24,No,Resolved,Manish Nair,Phone,3
TKT-01144,CLI-0177,AI Insights Module,Dashboard Bug,Medium,2024-08-02,2024-08-03,44.1,24,No,Resolved,Karan Rao,Phone,4
TKT-01958,CLI-0032,AnalyticsEdge,Data Sync Error,Low,2023-09-24,,,48,,Escalated,Ananya Joshi,Chat,
TKT-02777,CLI-0080,CloudShift Platform,Data Sync Error,Low,2024-06-06,,,48,No,Escalated,Karan Rao,Phone,
TKT-01043,CLI-0212,DevOps Accelerator,Feature Request,High,2023-07-07,2023-07-07,5.9,8,Yes,Resolved,Divya Verma,Phone,
TKT-02541,CLI-0256,SecureNet Suite,Performance Lag,Medium,2024-12-21,,,24,No,Open,,Phone,
TKT-00042,CLI-0033,DataVault Pro,API Integration Failure,Low,2024-11-03,2024-11-06,83.3,48,No,Resolved,Divya Verma,Portal,3
TKT-01628,CLI-0008,AnalyticsEdge,Security  Alert,Medium,2024-06-17,2024-06-17,1.9,24,Yes,Resolved,Arjun Mishra,Chat,4
TKT-02503,CLI-0215,CloudShift Platform,Report Inaccuracy,Medium,2024-06-17,2024-06-18,34.4,24,No,Resolved,Ananya Joshi,Chat,1
TKT-01065,CLI-0234,AnalyticsEdge,Onboarding Support,High,2025-02-03,,,8,No,Open,Karan Rao,Phone,
TKT-02383,CLI-0046,SecureNet Suite,Report Inaccuracy,Low,2023-10-21,,,48,No,In Progress,Nikhil Reddy,Phone,
TKT-01102,CLI-0051,DataVault Pro,Onboarding Support,High,2024-10-07,2024-10-07,18.9,8,No,Resolved,Divya Verma,Email,5
TKT-01785,CLI-0179,AI Insights Module,Server Downtime,High,2024-05-01,2024-05-01,10.7,8,No,Resolved,Arjun Mishra,Portal,
TKT-00192,CLI-0195,DataVault Pro,Access Permission Issue,Low,2023-03-05,2023-03-07,61.7,48,,Resolved,Pooja Iyer,Email,4
TKT-02190,CLI-0110,SecureNet Suite,Security Alert,Medium,2023-06-22,2023-06-22,20.1,24,Yes,Resolved,Nikhil Mehta,Phone,3
TKT-03238,CLI-0041,AnalyticsEdge,Security Alert,Medium,2023-05-18,2023-05-19,46.0,24,No,Resolved,Rahul Das,Phone,4
TKT-02457,CLI-0070,AI Insights Module,Performance Lag,,2024-08-20,2024-08-20,2.1,24,Yes,Resolved,Pooja Iyer,Phone,2
TKT-01708,CLI-0286,DataVault Pro,Security Alert,Medium,2023-01-31,,,24,Yes,In Progress,Pooja Patel,Email,
TKT-02136,CLI-0073,AI Insights Module,Report Inaccuracy,High,2023-04-09,2023-04-09,3.9,8,Yes,Resolved,Divya Verma,Email,4
TKT-02056,CLI-0121,DataVault Pro,Access Permission Issue,Critical,2024-07-03,2024-07-03,3.8,4,Yes,Resolved,Siddharth Reddy,Email,
TKT-01517,CLI-0126,CloudShift Platform,Access Permission Issue,Medium,2025-01-21,,,24,No,Open,Karan Rao,Phone,
TKT-01837,CLI-0040,AI Insights Module,Onboarding Support,Low,2023-12-13,2023-12-15,68.1,48,No,Resolved,Deepika Mishra,Email,2
TKT-03227,CLI-0289,CloudShift Platform,Performance Lag,High,2024-04-14,,,8,Yes,In Progress,,Phone,
TKT-01057,CLI-0223,CloudShift Platform,Security Alert,Critical,2024-09-17,,,4,No,In Progress,,Phone,
TKT-02229,CLI-0279,DataVault Pro,dashboard bug,High,2023-08-11,2023-08-11,19.2,8,No,Resolved,Neha Gupta,Portal,4
TKT-01665,CLI-0201,SecureNet Suite,Dashboard Bug,High,2024-12-02,2024-12-02,14.9,8,No,Resolved,Neha Gupta,Chat,2
TKT-02871,CLI-0141,AI Insights Module,Billing Query,Low,2024-12-26,27-12-2024,36.4,48,Yes,Resolved,Nikhil Mehta,Email,5
TKT-02385,CLI-0297,AnalyticsEdge,Security Alert,Medium,10/07/2023,2023-10-08,45.3,24,No,Resolved,Pooja Patel,Email,
TKT-02997,CLI-0216,DevOps Accelerator,Report Inaccuracy,Low,2023-12-20,,,48,,Open,Arjun Mishra,Chat,
TKT-01956,CLI-0237,AI Insights Module,Feature Request,Low,2023-12-11,,,48,Yes,Open,Pooja Gupta,Chat,
TKT-03736,CLI-0228,AnalyticsEdge,Dashboard Bug,Critical,2025-01-28,,,4,Yes,In Progress,Nikhil Mehta,Phone,
TKT-00151,CLI-0283,DataVault Pro,Onboarding Support,Medium,2023-02-05,,,24,Yes,Escalated,Divya Verma,Portal,
TKT-02302,CLI-0285,DevOps Accelerator,Login Issue,High,2024-02-18,,,8,Yes,Open,Deepika Mishra,Portal,
TKT-01637,CLI-0093,DevOps Accelerator,Server Downtime,Medium,2024-08-20,2024-08-22,55.8,24,No,Resolved,Manish Nair,Chat,5
TKT-01173,CLI-0213,AnalyticsEdge,Login Issue,Critical,2024-06-08,2024-06-08,5.7,4,No,Resolved,Ananya Joshi,Portal,4
TKT-01699,CLI-0195,AI Insights Module,Performance Lag,High,2024-05-16,2024-05-16,18.4,8,No,Resolved,Nikhil Reddy,Phone,4
TKT-01008,CLI-0186,CloudShift Platform,Performance Lag,Medium,2025-03-26,2025-03-27,31.2,24,No,Resolved,Arjun Mishra,Portal,2
TKT-03527,CLI-0069,SecureNet Suite,Access Permission Issue,Medium,2023-04-02,,,24,No,In Progress,Divya Reddy,Chat,
TKT-03417,CLI-0239,AI Insights Module,Performance  Lag,Medium,2023-04-14,2023-04-16,49.8,24,No,Resolved,Rahul Das,Phone,
TKT-01571,CLI-0059,DevOps Accelerator,Feature Request,Critical,2024-03-01,01-03-2024,2.8,4,Yes,Resolved,Priya Patel,Email,4
TKT-03790,CLI-0031,DevOps Accelerator,Login Issue,Low,2023-08-16,2023-08-20,103.2,48,No,Resolved,Pooja Gupta,Email,2
TKT-00508,CLI-0299,SecureNet Suite,Billing Query,High,2023-03-21,,,8,No,Escalated,Arjun Mishra,Phone,
TKT-01820,CLI-0277,SecureNet Suite,Billing Query,High,2023-11-08,2023-11-08,4.1,8,Yes,Resolved,Karan Gupta,Phone,4
TKT-01692,CLI-0197,SecureNet Suite,Report Inaccuracy,Critical,2024-08-15,2024-08-15,9.8,4,No,Resolved,Pooja Gupta,Phone,4
TKT-01856,CLI-0015,AnalyticsEdge,Server Downtime,Low,2025-03-09,2025-03-11,50.6,48,No,Resolved,Divya Verma,Chat,5
TKT-01420,CLI-0192,SecureNet Suite,Login Issue,Critical,12/10/2023,2023-12-10,6.1,4,No,Resolved,Deepika Mishra,Email,4
TKT-02336,CLI-0156,DevOps Accelerator,Login Issue,Medium,2023-02-24,,,24,No,Open,Nikhil Reddy,Chat,
TKT-02428,CLI-0088,DataVault Pro,Access Permission Issue,Low,2024-03-25,2024-03-27,55.2,48,No,Resolved,Priya Patel,Email,5
TKT-02120,CLI-0211,DevOps Accelerator,Access Permission Issue,Low,2023-08-30,2023-09-02,93.1,48,No,Resolved,Divya Verma,Email,4
TKT-03196,CLI-0108,DevOps Accelerator,Login Issue,Medium,2024-03-24,2024-03-25,34.7,24,No,Resolved,Priya Nair,Portal,5
TKT-02515,CLI-0196,AI Insights Module,Security Alert,High,2023-06-09,2023-06-09,1.5,8,Yes,Resolved,Pooja Patel,Phone,
TKT-01017,CLI-0111,AI Insights Module,Server Downtime,Low,2024-07-25,,,48,Yes,Open,,Portal,
TKT-03185,CLI-0163,AI Insights Module,Onboarding Support,Critical,2024-09-19,,,4,Yes,Open,Priya Nair,Chat,
TKT-00912,CLI-0123,AnalyticsEdge,feature request,Medium,2024-12-26,2024-12-26,20.4,24,Yes,Resolved,Manish Nair,Chat,4
TKT-00428,CLI-0076,DevOps Accelerator,Access Permission Issue,Medium,2024-03-13,2024-03-15,49.2,24,No,Resolved,Rahul Das,Portal,5
TKT-02620,CLI-0126,SecureNet Suite,Performance Lag,Critical,2024-01-07,,,4,No,Open,Pooja Patel,Portal,
TKT-02171,CLI-0191,SecureNet Suite,Security Alert,High,2025-02-28,,,8,Yes,In Progress,Nikhil Reddy,Portal,
TKT-02535,CLI-0259,DevOps Accelerator,Onboarding Support,High,2025-03-23,,,8,Yes,In Progress,Ananya Joshi,Email,
TKT-00077,CLI-0065,SecureNet Suite,Report Inaccuracy,High,03/03/2023,,,8,No,In Progress,Karan Gupta,Portal,
TKT-01622,CLI-0164,DevOps Accelerator,Data Sync Error,Low,06/15/2024,15-06-2024,2.8,48,Yes,Resolved,Ananya Joshi,Portal,5
TKT-00741,CLI-0146,AI Insights Module,Billing Query,High,10/18/2023,2023-10-18,7.0,8,Yes,Resolved,Kavya Iyer,Chat,
TKT-00332,CLI-0189,AI Insights Module,Data Sync Error,Critical,2023-06-25,,,4,No,Open,Divya Verma,Chat,
TKT-01154,CLI-0011,DataVault Pro,API Integration Failure,Low,2024-05-03,2024-05-06,95.5,48,No,Resolved,Priya Nair,Email,5
TKT-02180,CLI-0138,DataVault Pro,Security Alert,Critical,2023-12-31,,,4,Yes,Open,Karan Gupta,Phone,
TKT-01889,CLI-0219,CloudShift Platform,Report Inaccuracy,Medium,01/20/2023,2023-01-20,10.5,24,Yes,Resolved,Nikhil Mehta,Phone,
TKT-00351,CLI-0164,DevOps Accelerator,Data Sync Error,Medium,05/11/2024,2024-05-12,46.4,24,No,Resolved,Divya Verma,Email,5
TKT-01009,CLI-0031,DevOps Accelerator,Security Alert,Medium,2024-10-15,,,24,Yes,Open,Karan Gupta,Phone,
TKT-00938,CLI-0128,DevOps Accelerator,Server Downtime,Critical,2024-02-26,,,4,No,Escalated,Divya Verma,Portal,
TKT-02324,CLI-0292,AnalyticsEdge,Billing Query,Medium,2023-10-06,2023-10-06,4.5,24,Yes,Resolved,Priya Patel,Phone,3
TKT-00697,CLI-0045,SecureNet Suite,Onboarding Support,Low,2023-12-14,,,48,No,Escalated,Divya Verma,Portal,
TKT-00971,CLI-0082,CloudShift Platform,Onboarding Support,Medium,2025-02-14,,,24,No,In Progress,Karan Gupta,Portal,
TKT-02722,CLI-0148,DevOps Accelerator,Onboarding Support,Medium,2024-05-15,,,24,No,Escalated,Kavya Iyer,Portal,
TKT-03335,CLI-0066,DevOps Accelerator,Access Permission Issue,Critical,2023-04-13,2023-04-13,5.0,4,No,Resolved,Pooja Iyer,Chat,4
TKT-02696,CLI-0041,SecureNet Suite,Data Sync Error,Medium,2024-08-28,,,24,No,In Progress,Arjun Mishra,Email,
TKT-03261,CLI-0106,DevOps Accelerator,Security Alert,Medium,2024-03-28,2024-03-28,0.8,24,Yes,Resolved,Siddharth Reddy,Phone,4
TKT-02565,CLI-0178,DevOps Accelerator,Security Alert,Critical,2024-03-09,2024-03-09,3.6,4,Yes,Resolved,Kavya Iyer,Chat,
TKT-02017,CLI-0025,AnalyticsEdge,Dashboard Bug,High,2024-12-20,,,8,Yes,Escalated,Divya Verma,Portal,
TKT-01380,CLI-0300,DevOps Accelerator,Data Sync Error,Low,2024-11-07,2024-11-09,58.6,48,No,Resolved,Pooja Patel,Chat,3
TKT-01600,CLI-0242,CloudShift Platform,Onboarding Support,High,2024-04-05,,,8,No,Open,Pooja Patel,Chat,
TKT-00935,CLI-0160,CloudShift Platform,Security Alert,High,2023-02-09,2023-02-09,19.8,8,No,Resolved,Divya Reddy,Portal,4
TKT-02333,CLI-0193,AI Insights Module,Feature Request,High,2025-03-23,,,8,No,In Progress,Nikhil Mehta,Phone,
TKT-03504,CLI-0143,CloudShift Platform,Report Inaccuracy,High,2023-06-28,2023-06-28,9.1,8,No,Resolved,Ananya Joshi,Email,5
TKT-00608,CLI-0238,AI Insights Module,Dashboard Bug,Medium,2025-03-12,,,24,Yes,Escalated,Karan Gupta,Email,
TKT-02258,CLI-0115,AnalyticsEdge,Security Alert,Medium,2025-01-05,2025-01-07,51.6,24,No,Resolved,Kavya Iyer,Phone,2
TKT-03884,CLI-0176,DevOps Accelerator,Access Permission Issue,Medium,2024-02-17,2024-02-19,50.9,24,No,Resolved,Pooja Patel,Chat,2
TKT-02153,CLI-0212,CloudShift Platform,Performance Lag,Medium,2023-04-18,,,24,No,Open,Pooja Iyer,Email,
TKT-01518,CLI-0019,CloudShift Platform,API Integration Failure,Low,2024-07-22,,,48,Yes,Open,Ananya Joshi,Phone,
TKT-03680,CLI-0250,CloudShift Platform,Onboarding Support,Low,2023-05-05,2023-05-09,101.9,48,No,Resolved,Siddharth Reddy,Portal,4
TKT-01580,CLI-0082,AnalyticsEdge,Security Alert,High,2025-02-19,,,8,No,Escalated,Ananya Joshi,Email,
TKT-03525,CLI-0033,SecureNet Suite,Report Inaccuracy,Low,2023-08-20,2023-08-23,77.7,48,No,Resolved,Manish Nair,Phone,
TKT-02629,CLI-0224,CloudShift Platform,Performance Lag,Low,2023-01-26,2023-01-28,64.7,48,No,Resolved,Ananya Joshi,Phone,
TKT-02358,CLI-0035,SecureNet Suite,Dashboard Bug,High,2023-03-16,,,8,No,In Progress,Pooja Patel,Phone,
TKT-01307,CLI-0086,AnalyticsEdge,Onboarding Support,Low,2023-02-08,,,48,No,Escalated,Neha Gupta,Portal,
TKT-02429,CLI-0277,CloudShift Platform,Security Alert,Medium,2024-11-08,,,24,No,Escalated,Ananya Joshi,Portal,
TKT-00622,CLI-0201,DataVault Pro,Server Downtime,High,2025-03-06,,,8,Yes,In Progress,Deepika Mishra,Chat,
TKT-01141,CLI-0177,DevOps Accelerator,feature request,Low,2025-03-04,2025-03-04,5.8,48,Yes,Resolved,Rahul Das,Portal,3
TKT-02347,CLI-0050,AnalyticsEdge,Performance Lag,Low,2023-09-01,,,48,No,Open,Priya Patel,Phone,
TKT-00198,CLI-0183,DataVault Pro,Billing Query,Medium,2024-12-13,14-12-2024,30.0,24,No,Resolved,Rahul Das,Chat,4
TKT-02468,CLI-0013,DataVault Pro,Onboarding Support,Low,2023-06-25,2023-06-25,11.4,48,Yes,Resolved,Kavya Iyer,Phone,2
TKT-01049,CLI-0297,CloudShift Platform,API Integration Failure,Medium,2023-03-19,2023-03-20,31.0,24,No,Resolved,Nikhil Mehta,Chat,4
TKT-00442,CLI-0228,SecureNet Suite,API Integration Failure,Critical,2024-12-22,2024-12-22,6.8,4,No,Resolved,Rahul Das,Chat,4
TKT-02854,CLI-0103,AI Insights Module,Dashboard Bug,Low,2024-06-19,2024-06-22,76.9,48,No,Resolved,Priya Nair,Chat,4
TKT-00975,CLI-0220,SecureNet Suite,Server Downtime,Low,2023-07-24,2023-07-26,48.3,48,No,Resolved,Manish Nair,Phone,
TKT-00230,CLI-0270,AnalyticsEdge,Security Alert,Low,2023-01-14,2023-01-14,13.3,48,Yes,Resolved,,Chat,3
TKT-02721,CLI-0291,AnalyticsEdge,Security Alert,Medium,2025-02-02,2025-02-03,44.6,24,No,Resolved,Pooja Gupta,Chat,5
TKT-01945,CLI-0084,SecureNet Suite,Feature Request,High,04/06/2023,2023-04-06,3.5,8,Yes,Resolved,Arjun Mishra,Chat,3
TKT-02233,CLI-0291,CloudShift Platform,Access Permission Issue,Low,2023-08-28,2023-09-01,112.6,48,No,Resolved,Rahul Das,Chat,2
TKT-03033,CLI-0286,CloudShift Platform,Performance Lag,Medium,2023-11-10,2023-11-11,46.1,24,No,Resolved,Siddharth Reddy,Portal,4
TKT-01316,CLI-0242,DevOps Accelerator,Feature Request,Medium,2023-03-12,2023-03-12,11.9,24,Yes,Resolved,Priya Patel,Phone,3
TKT-03300,CLI-0116,CloudShift Platform,Performance Lag,Critical,2023-08-10,2023-08-10,2.3,4,Yes,Resolved,Divya Reddy,Email,3
TKT-03298,CLI-0183,DevOps Accelerator,Login Issue,High,11/17/2024,,,8,No,In Progress,Priya Patel,Chat,
TKT-03900,CLI-0024,AI Insights Module,Feature Request,High,2025-02-27,2025-02-27,16.9,8,No,Resolved,Karan Rao,Phone,4
TKT-02146,CLI-0123,DataVault Pro,Report Inaccuracy,High,2024-06-08,08-06-2024,6.9,8,Yes,Resolved,Karan Rao,Chat,
TKT-03408,CLI-0054,DataVault Pro,Billing Query,High,2024-07-21,,,8,Yes,Escalated,Pooja Gupta,Chat,
TKT-02362,CLI-0230,DevOps Accelerator,API Integration Failure,High,2024-08-18,2024-08-18,7.7,8,Yes,Resolved,Nikhil Mehta,Chat,3
TKT-00651,CLI-0125,AI Insights Module,Access Permission Issue,Low,2024-10-03,2024-10-07,97.3,48,,Resolved,Divya Reddy,Portal,
TKT-00918,CLI-0245,SecureNet Suite,Feature Request,Low,2023-12-08,,,48,Yes,Escalated,Pooja Patel,Email,
TKT-02386,CLI-0029,DataVault Pro,Performance Lag,Low,2024-03-21,,,48,No,Open,Arjun Mishra,Email,
TKT-01358,CLI-0023,CloudShift Platform,Performance Lag,Low,2023-12-04,2023-12-08,101.6,48,No,Resolved,Pooja Gupta,Portal,3
TKT-03109,CLI-0086,DataVault Pro,Onboarding Support,High,2024-12-25,,,8,No,In Progress,Priya Patel,Phone,
TKT-03075,CLI-0246,AI Insights Module,Billing Query,Medium,2023-03-14,,,24,No,Escalated,Pooja Patel,Portal,
TKT-02732,CLI-0282,CloudShift Platform,Dashboard Bug,Low,2024-12-22,,,48,Yes,Open,Priya Patel,Portal,
TKT-02957,CLI-0218,DataVault Pro,Performance Lag,High,2024-02-16,2024-02-16,10.3,8,No,Resolved,Karan Rao,Chat,3
TKT-01062,CLI-0300,AI Insights Module,Billing Query,High,2025-01-02,2025-01-02,5.2,8,Yes,Resolved,Siddharth Reddy,Phone,4
TKT-01594,CLI-0009,CloudShift Platform,Feature Request,Low,2024-06-25,2024-06-26,27.9,48,Yes,Resolved,Deepika Mishra,Portal,3
TKT-00821,CLI-0171,DataVault Pro,Access Permission Issue,Medium,02/09/2024,,,24,No,Escalated,Priya Nair,Phone,
TKT-00983,CLI-0012,CloudShift Platform,Billing Query,Medium,2023-03-01,2023-03-01,18.2,24,,Resolved,Priya Nair,Portal,4
TKT-02446,CLI-0230,DataVault Pro,Report Inaccuracy,High,2023-08-25,,,8,No,In Progress,Pooja Patel,Chat,
TKT-03351,CLI-0187,DevOps Accelerator,Feature Request,Low,02/15/2024,2024-02-17,61.5,48,No,Resolved,Deepika Mishra,Portal,
TKT-03370,CLI-0072,AnalyticsEdge,Access Permission Issue,Medium,2025-02-27,,,24,No,Escalated,Neha Gupta,Email,
TKT-01932,CLI-0101,AI Insights Module,Feature Request,High,2025-03-22,2025-03-22,16.4,8,No,Resolved,Karan Rao,Phone,3
TKT-00383,CLI-0142,DataVault Pro,access permission issue,Medium,2023-04-05,,,24,Yes,Open,Siddharth Reddy,Chat,
TKT-00526,CLI-0207,SecureNet Suite,Onboarding Support,Medium,2024-08-01,,,24,No,Open,Arjun Mishra,Portal,
TKT-02785,CLI-0188,AI Insights Module,API Integration Failure,Medium,2024-09-28,,,24,No,Open,Siddharth Reddy,Portal,
TKT-03483,CLI-0044,SecureNet Suite,Billing Query,Low,2024-09-25,,,48,No,Open,Nikhil Reddy,Phone,
TKT-02421,CLI-0031,AI Insights Module,Feature Request,Medium,2024-10-23,2024-10-24,26.5,24,No,Resolved,Pooja Patel,Phone,4
TKT-03119,CLI-0115,AnalyticsEdge,Server Downtime,Low,2024-03-14,2024-03-18,103.5,48,No,Resolved,Nikhil Reddy,Phone,5
TKT-00794,CLI-0092,DevOps Accelerator,Performance Lag,Low,2023-05-15,,,48,Yes,Open,Deepika Mishra,Portal,
TKT-01064,CLI-0004,DevOps Accelerator,Feature Request,Medium,2023-02-25,2023-02-25,17.7,24,Yes,Resolved,Divya Reddy,Portal,1
TKT-01732,CLI-0065,SecureNet Suite,API Integration Failure,Medium,2024-11-03,,,24,No,In Progress,Rahul Das,Email,
TKT-00705,CLI-0018,AnalyticsEdge,API Integration Failure,,2024-07-07,2024-07-07,6.1,24,Yes,Resolved,Deepika Mishra,Phone,5
TKT-02199,CLI-0097,CloudShift Platform,API Integration Failure,Medium,2023-12-26,2023-12-26,16.7,24,Yes,Resolved,Ananya Joshi,Phone,3
TKT-03861,CLI-0209,AI Insights Module,Security Alert,Critical,2024-09-06,,,4,No,Escalated,Karan Gupta,Chat,
TKT-03532,CLI-0233,CloudShift Platform,Feature Request,Medium,2023-08-17,,,24,No,Escalated,Karan Gupta,Portal,
TKT-01786,CLI-0205,SecureNet Suite,Performance Lag,Medium,2024-01-25,2024-01-25,21.5,24,Yes,Resolved,Rahul Das,Phone,4
TKT-03578,CLI-0288,CloudShift Platform,Login Issue,Critical,2023-06-04,,,4,Yes,Escalated,Deepika Mishra,Portal,
TKT-00592,CLI-0239,DevOps Accelerator,Access Permission Issue,Critical,2023-10-06,,,4,No,Open,Pooja Iyer,Email,
TKT-02725,CLI-0223,CloudShift Platform,Report Inaccuracy,Low,2024-07-11,2024-07-13,58.5,48,No,Resolved,Manish Nair,Phone,
TKT-00412,CLI-0184,CloudShift Platform,Login Issue,Critical,2024-08-15,15-08-2024,8.6,4,No,Resolved,Pooja Patel,Portal,
TKT-00418,CLI-0065,AnalyticsEdge,Login Issue,Critical,2023-11-04,,,4,No,Open,Ananya Joshi,Portal,
TKT-01755,CLI-0227,SecureNet Suite,Server Downtime,High,2024-03-29,2024-03-29,6.5,8,Yes,Resolved,Divya Reddy,Phone,5
TKT-02724,CLI-0049,CloudShift Platform,Dashboard Bug,Medium,2023-02-15,,,24,Yes,Escalated,Nikhil Reddy,Chat,
TKT-02931,CLI-0175,AnalyticsEdge,Login Issue,High,10/25/2023,2023-10-25,1.0,8,Yes,Resolved,Arjun Mishra,Email,4
TKT-00756,CLI-0292,SecureNet Suite,Dashboard Bug,Low,2024-01-25,,,48,No,In Progress,Neha Gupta,Phone,
TKT-00135,CLI-0223,DataVault Pro,Report Inaccuracy,Medium,2024-02-02,,,24,Yes,In Progress,Arjun Mishra,Chat,
TKT-02808,CLI-0133,DevOps Accelerator,Security Alert,Medium,2024-02-08,,,24,No,In Progress,Kavya Iyer,Portal,
TKT-02663,CLI-0235,CloudShift Platform,Server Downtime,Medium,2023-04-02,,,24,Yes,Open,Priya Nair,Portal,
TKT-00680,CLI-0224,SecureNet Suite,API Integration Failure,Medium,2024-12-29,,,24,No,In Progress,Arjun Mishra,Email,
TKT-02011,CLI-0180,SecureNet Suite,Access Permission Issue,Low,2024-11-04,2024-11-06,53.4,48,No,Resolved,Rahul Das,Chat,3
TKT-00373,CLI-0265,DevOps Accelerator,Server Downtime,Low,2023-12-31,,,48,Yes,Escalated,Deepika Mishra,Portal,
TKT-03042,CLI-0141,DataVault Pro,Onboarding Support,High,2024-03-09,,,8,No,In Progress,Pooja Gupta,Chat,
TKT-02094,CLI-0021,DevOps Accelerator,Performance Lag,,2024-04-24,2024-04-26,57.5,48,No,Resolved,Nikhil Mehta,Chat,3
TKT-01410,CLI-0135,SecureNet Suite,Access Permission Issue,Low,2023-10-12,2023-10-16,119.2,48,No,Resolved,Priya Nair,Portal,3
TKT-02427,CLI-0200,AI Insights Module,API Integration Failure,High,2023-12-15,2023-12-15,9.7,8,No,Resolved,Rahul Das,Email,3
TKT-00617,CLI-0048,CloudShift Platform,API Integration Failure,Medium,2024-09-21,,,24,No,Open,Priya Nair,Chat,
TKT-02123,CLI-0097,DevOps Accelerator,API Integration Failure,Medium,2023-09-29,2023-09-30,41.6,24,No,Resolved,,Email,
TKT-03205,CLI-0263,CloudShift Platform,Billing Query,Low,2025-02-20,2025-02-20,11.9,48,Yes,Resolved,Nikhil Mehta,Chat,2
TKT-01729,CLI-0034,SecureNet Suite,Performance Lag,High,2023-02-22,2023-02-22,1.5,8,Yes,Resolved,Nikhil Mehta,Chat,4
TKT-02156,CLI-0113,CloudShift Platform,Onboarding Support,Critical,05/20/2023,2023-05-20,1.4,4,Yes,Resolved,Pooja Iyer,Phone,4
TKT-02280,CLI-0078,AnalyticsEdge,Security Alert,Medium,2023-07-16,,,24,No,Escalated,Kavya Iyer,Email,
TKT-00353,CLI-0054,DataVault Pro,Data Sync Error,Medium,2023-12-15,17-12-2023,59.5,24,No,Resolved,Nikhil Reddy,Chat,4
TKT-03174,CLI-0004,AI Insights Module,Dashboard Bug,High,12/29/2024,2024-12-29,16.0,8,No,Resolved,Pooja Gupta,Chat,3
TKT-01396,CLI-0140,CloudShift Platform,Data Sync Error,Medium,2025-01-30,2025-01-30,1.3,24,Yes,Resolved,Deepika Mishra,Phone,5
TKT-00053,CLI-0011,DevOps Accelerator,Feature Request,Low,2023-11-26,,,48,Yes,Open,Priya Nair,Portal,
TKT-03770,CLI-0077,DevOps Accelerator,Data Sync Error,Medium,2023-02-08,,,24,No,In Progress,Nikhil Reddy,Phone,
TKT-00055,CLI-0267,DevOps Accelerator,Dashboard  Bug,Low,2025-01-15,2025-01-19,114.6,48,No,Resolved,Siddharth Reddy,Chat,3
TKT-01991,CLI-0290,AI Insights Module,Billing Query,Medium,2024-05-12,2024-05-12,10.6,24,Yes,Resolved,Nikhil Reddy,Email,4
TKT-01663,CLI-0042,SecureNet Suite,Security Alert,High,2023-10-19,2023-10-19,16.5,8,No,Resolved,Pooja Patel,Chat,5
TKT-03382,CLI-0195,AI Insights Module,Onboarding Support,Low,2024-06-18,2024-06-20,63.4,48,No,Resolved,Karan Rao,Phone,3
TKT-03472,CLI-0164,CloudShift Platform,Login Issue,High,01/14/2024,2024-01-14,5.3,8,Yes,Resolved,Deepika Mishra,Portal,4
TKT-01243,CLI-0223,AI Insights Module,Billing Query,Medium,04/10/2023,2023-04-10,14.1,24,Yes,Resolved,Deepika Mishra,Phone,
TKT-03510,CLI-0069,DataVault Pro,Data Sync Error,Medium,2023-06-25,2023-06-26,45.9,24,No,Resolved,Kavya Iyer,Email,
TKT-02922,CLI-0267,DevOps Accelerator,Server Downtime,High,2024-10-19,2024-10-19,9.1,8,No,Resolved,Pooja Iyer,Chat,4
TKT-00006,CLI-0183,CloudShift Platform,API Integration Failure,,2024-03-19,,,8,No,In Progress,Divya Reddy,Phone,
TKT-02091,CLI-0224,DevOps Accelerator,Report Inaccuracy,Medium,2023-11-24,2023-11-25,38.6,24,No,Resolved,Rahul Das,Phone,5
TKT-03842,CLI-0114,AI Insights Module,Dashboard Bug,Low,2025-02-18,,,48,No,In Progress,Priya Patel,Phone,
TKT-01397,CLI-0264,DataVault Pro,API Integration Failure,High,2024-06-14,,,8,No,Open,Rahul Das,Email,
TKT-01124,CLI-0249,AnalyticsEdge,feature request,Medium,2024-11-26,,,24,Yes,Escalated,Arjun Mishra,Email,
TKT-01352,CLI-0032,AnalyticsEdge,Access Permission Issue,Critical,2023-10-02,2023-10-02,8.3,4,No,Resolved,Arjun Mishra,Portal,4
TKT-00638,CLI-0179,DataVault Pro,Onboarding Support,High,2024-05-07,,,8,No,In Progress,Manish Nair,Phone,
TKT-00724,CLI-0197,AnalyticsEdge,Billing Query,Low,2024-12-27,2024-12-28,41.4,48,Yes,Resolved,Karan Rao,Phone,3
TKT-00780,CLI-0162,AI Insights Module,Billing Query,High,06/30/2024,,,8,No,Escalated,Siddharth Reddy,Email,
TKT-02112,CLI-0073,CloudShift Platform,Performance Lag,Medium,02/16/2025,,,24,Yes,Open,Deepika Mishra,Email,
TKT-01068,CLI-0244,CloudShift Platform,API Integration Failure,Critical,2024-06-22,22-06-2024,2.8,4,Yes,Resolved,Pooja Patel,Chat,3
TKT-02095,CLI-0104,AnalyticsEdge,Billing Query,High,2024-04-06,2024-04-06,6.0,8,Yes,Resolved,Rahul Das,Portal,4
TKT-00913,CLI-0258,SecureNet Suite,Onboarding Support,High,2023-05-20,2023-05-20,18.3,8,No,Resolved,Manish Nair,Phone,1
TKT-02607,CLI-0297,SecureNet Suite,security alert,High,2024-09-05,,,8,No,In Progress,Rahul Das,Email,
TKT-00271,CLI-0257,AnalyticsEdge,Billing Query,Medium,09/03/2024,,,24,No,Escalated,Karan Rao,Portal,
TKT-01798,CLI-0197,DevOps Accelerator,Security Alert,Medium,2024-09-13,,,24,Yes,Open,Ananya Joshi,Email,
TKT-01480,CLI-0219,CloudShift Platform,Server Downtime,Medium,2024-12-19,2024-12-19,16.8,24,Yes,Resolved,Nikhil Mehta,Portal,5
TKT-00226,CLI-0021,CloudShift Platform,Login Issue,Low,2025-03-10,2025-03-13,81.5,48,No,Resolved,Kavya Iyer,Portal,5
TKT-03459,CLI-0109,CloudShift Platform,Report Inaccuracy,Low,12/05/2024,,,48,No,Escalated,Karan Rao,Phone,
TKT-01773,CLI-0018,SecureNet Suite,Access Permission Issue,High,2025-02-16,,,8,No,In Progress,Rahul Das,Phone,
TKT-00260,CLI-0231,DataVault Pro,Dashboard Bug,Medium,2024-08-25,,,24,No,Escalated,Priya Patel,Portal,
TKT-01200,CLI-0244,DataVault Pro,Report Inaccuracy,High,2023-05-08,,,8,No,Open,Nikhil Mehta,Phone,
TKT-03373,CLI-0032,DataVault Pro,API Integration Failure,Low,2024-12-07,2024-12-07,6.4,48,Yes,Resolved,Nikhil Reddy,Phone,5
TKT-01290,CLI-0066,DevOps Accelerator,Onboarding Support,Medium,2024-05-29,,,24,Yes,In Progress,Pooja Iyer,Email,
TKT-00245,CLI-0204,DevOps Accelerator,Data Sync Error,Medium,2023-03-12,2023-03-13,26.4,24,No,Resolved,,Portal,4
TKT-03268,CLI-0047,DevOps Accelerator,Report Inaccuracy,Low,09/12/2023,2023-09-13,35.8,48,Yes,Resolved,Pooja Gupta,Chat,4
TKT-01050,CLI-0206,DataVault Pro,API Integration Failure,Medium,2023-08-17,2023-08-19,49.4,24,No,Resolved,Manish Nair,Email,4
TKT-03801,CLI-0287,CloudShift Platform,Data Sync Error,,2024-04-05,,,4,No,Escalated,Arjun Mishra,Portal,
TKT-01115,CLI-0063,DataVault Pro,Performance Lag,Medium,2023-10-05,,,24,No,Open,Manish Nair,Email,
TKT-01828,CLI-0026,DataVault Pro,Security Alert,Low,2023-02-23,,,48,No,Open,Ananya Joshi,Portal,
TKT-03381,CLI-0075,AnalyticsEdge,Access Permission Issue,Medium,2024-09-25,2024-09-25,3.6,24,Yes,Resolved,Divya Reddy,Phone,2
TKT-03634,CLI-0053,AI Insights Module,Server Downtime,Medium,2023-02-15,2023-02-16,43.9,24,No,Resolved,Rahul Das,Portal,5
TKT-01740,CLI-0173,DataVault Pro,Feature Request,High,2024-10-06,2024-10-06,11.0,8,No,Resolved,Pooja Iyer,Portal,4
TKT-02820,CLI-0185,AnalyticsEdge,Billing Query,Critical,2023-03-20,2023-03-20,5.8,4,No,Resolved,Divya Reddy,Chat,4
TKT-03935,CLI-0158,AI Insights Module,Access Permission Issue,Low,2024-08-30,,,48,Yes,In Progress,Nikhil Reddy,Portal,
TKT-02748,CLI-0048,AI Insights Module,Onboarding Support,Medium,2024-01-14,2024-01-14,6.5,24,Yes,Resolved,Neha Gupta,Portal,4
TKT-00812,CLI-0185,AnalyticsEdge,Report Inaccuracy,Low,2024-06-03,2024-06-05,66.7,48,No,Resolved,Kavya Iyer,Chat,5
TKT-00559,CLI-0133,CloudShift Platform,Report Inaccuracy,Medium,2024-07-14,,,24,No,In Progress,Rahul Das,Phone,
TKT-03566,CLI-0279,DataVault Pro,Feature Request,High,2023-09-30,2023-09-30,5.7,8,Yes,Resolved,Priya Patel,Email,
TKT-03705,CLI-0190,AnalyticsEdge,Billing Query,Low,2024-12-29,,,48,Yes,Open,Priya Patel,Chat,
TKT-00499,CLI-0141,CloudShift Platform,Access Permission Issue,Low,2023-04-20,,,48,No,In Progress,Nikhil Reddy,Chat,
TKT-02598,CLI-0201,AI Insights Module,Feature Request,High,2023-11-29,,,8,Yes,Open,Kavya Iyer,Phone,
TKT-00425,CLI-0232,AnalyticsEdge,Data Sync Error,Medium,2024-04-28,2024-04-29,29.1,24,No,Resolved,Rahul Das,Chat,5
TKT-01960,CLI-0225,CloudShift Platform,Login Issue,High,2024-06-22,2024-06-22,9.2,8,No,Resolved,Pooja Gupta,Phone,5
TKT-02210,CLI-0269,CloudShift Platform,api integration failure,Medium,2024-12-26,2024-12-26,7.1,24,Yes,Resolved,Nikhil Reddy,Phone,2
TKT-01407,CLI-0179,CloudShift Platform,Billing Query,High,2024-09-23,2024-09-23,11.0,8,No,Resolved,Karan Gupta,Portal,5
TKT-00125,CLI-0027,SecureNet Suite,Performance Lag,Medium,2023-04-21,2023-04-22,43.0,24,No,Resolved,Deepika Mishra,Email,5
TKT-03985,CLI-0016,SecureNet Suite,Billing Query,Medium,2023-01-11,2023-01-11,23.0,24,,Resolved,Divya Verma,Email,4
TKT-03700,CLI-0234,DevOps Accelerator,Dashboard Bug,Critical,2023-03-03,2023-03-03,5.5,4,No,Resolved,Nikhil Reddy,Phone,
TKT-00319,CLI-0054,AI Insights Module,Performance Lag,Low,2024-11-30,,,48,No,In Progress,Deepika Mishra,Phone,
TKT-01783,CLI-0286,CloudShift Platform,Onboarding Support,Medium,2024-09-23,2024-09-23,23.1,24,Yes,Resolved,Divya Reddy,Email,5
TKT-03025,CLI-0179,CloudShift Platform,Data Sync Error,Low,2024-05-02,2024-05-03,39.1,48,Yes,Resolved,Ananya Joshi,Portal,5
TKT-01516,CLI-0261,CloudShift Platform,API Integration Failure,High,2024-01-03,,,8,No,Open,Priya Nair,Chat,
TKT-03709,CLI-0263,DataVault Pro,Security Alert,High,2025-01-10,,,8,Yes,In Progress,Deepika Mishra,Phone,
TKT-03315,CLI-0056,DataVault Pro,Dashboard Bug,Critical,2024-08-03,2024-08-03,7.3,4,No,Resolved,Rahul Das,Portal,2
TKT-03187,CLI-0291,SecureNet Suite,Server Downtime,Medium,2023-06-03,2023-06-03,21.3,24,Yes,Resolved,Divya Reddy,Portal,
TKT-00898,CLI-0077,DataVault Pro,Performance Lag,Medium,2023-11-13,,,24,Yes,Open,Nikhil Reddy,Chat,
TKT-03003,CLI-0188,CloudShift Platform,Performance Lag,Critical,2024-09-04,2024-09-04,6.2,4,No,Resolved,Priya Patel,Phone,4
TKT-02569,CLI-0048,CloudShift Platform,Dashboard Bug,Medium,2024-01-25,2024-01-25,1.6,24,Yes,Resolved,Manish Nair,Chat,4
TKT-02630,CLI-0022,DevOps Accelerator,Server Downtime,Critical,2023-03-22,2023-03-22,4.4,4,No,Resolved,Nikhil Mehta,Chat,5
TKT-01425,CLI-0150,AnalyticsEdge,Security Alert,Critical,2025-01-21,,,4,No,Escalated,Ananya Joshi,Email,
TKT-00728,CLI-0161,CloudShift Platform,Onboarding Support,Low,2024-05-25,,,48,No,In Progress,Rahul Das,Email,
TKT-00142,CLI-0261,DataVault Pro,API Integration Failure,Medium,2025-02-19,,,24,No,In Progress,Priya Patel,Email,
TKT-03635,CLI-0143,AI Insights Module,Access Permission Issue,Medium,2023-04-28,,,24,No,In Progress,Rahul Das,Phone,
TKT-00145,CLI-0013,SecureNet Suite,Data Sync Error,Medium,01/25/2024,,,24,Yes,Escalated,Pooja Gupta,Chat,
TKT-00650,CLI-0097,DataVault Pro,Report Inaccuracy,Medium,2023-08-27,2023-08-27,17.8,24,Yes,Resolved,Manish Nair,Portal,5
TKT-00993,CLI-0219,AI Insights Module,Onboarding Support,Medium,2024-01-26,2024-01-27,46.0,24,No,Resolved,Siddharth Reddy,Chat,
TKT-00689,CLI-0177,DataVault Pro,API Integration Failure,High,2023-04-28,,,8,Yes,Open,Karan Rao,Phone,
TKT-01302,CLI-0054,AI Insights Module,Data Sync Error,Low,2023-11-03,2023-11-06,73.5,48,No,Resolved,Priya Nair,Chat,4
TKT-03961,CLI-0280,CloudShift Platform,Billing Query,Critical,2024-04-21,2024-04-21,1.7,4,Yes,Resolved,Rahul Das,Chat,4
TKT-03124,CLI-0201,AnalyticsEdge,Access Permission Issue,Medium,2024-04-07,2024-04-08,27.9,24,No,Resolved,Manish Nair,Phone,4
TKT-02736,CLI-0201,CloudShift Platform,Access Permission Issue,,2023-08-09,2023-08-10,39.6,48,Yes,Resolved,,Chat,4
TKT-02463,CLI-0104,AnalyticsEdge,Security Alert,Medium,2024-04-23,2024-04-25,59.6,24,No,Resolved,Priya Patel,Portal,4
TKT-01092,CLI-0184,SecureNet Suite,Dashboard Bug,High,2024-07-25,2024-07-25,8.0,8,Yes,Resolved,Pooja Patel,Portal,5
TKT-02972,CLI-0300,DevOps Accelerator,Performance Lag,Medium,2024-10-10,2024-10-11,28.4,24,No,Resolved,Rahul Das,Portal,3
TKT-02821,CLI-0277,AI Insights Module,Billing Query,Medium,2023-07-22,,,24,,Open,Pooja Patel,Email,
TKT-03152,CLI-0104,DevOps Accelerator,Login Issue,High,2024-02-27,2024-02-27,3.0,8,Yes,Resolved,Siddharth Reddy,Email,4
TKT-01940,CLI-0049,CloudShift Platform,Access Permission Issue,Low,2023-01-06,,,48,Yes,In Progress,Priya Patel,Email,
TKT-02490,CLI-0100,DataVault Pro,Server Downtime,Medium,2024-10-10,2024-10-11,35.6,24,No,Resolved,Rahul Das,Chat,3
TKT-02874,CLI-0215,CloudShift Platform,Security Alert,High,2024-10-17,2024-10-17,5.0,8,Yes,Resolved,Rahul Das,Phone,4
TKT-00161,CLI-0170,AI Insights Module,Data Sync Error,Medium,2025-02-28,2025-03-01,24.4,24,No,Resolved,Pooja Iyer,Portal,2
TKT-00850,CLI-0099,CloudShift Platform,API Integration Failure,Medium,2023-09-15,2023-09-17,57.3,24,No,Resolved,Arjun Mishra,Email,
TKT-03880,CLI-0163,AI Insights Module,Dashboard Bug,High,2023-10-30,,,8,No,Open,Karan Rao,Portal,
TKT-03959,CLI-0025,DevOps Accelerator,Billing Query,,2023-05-15,2023-05-16,39.2,24,No,Resolved,Nikhil Reddy,Email,4
TKT-01901,CLI-0244,AI Insights Module,Onboarding Support,Critical,2024-06-24,2024-06-24,7.3,4,No,Resolved,,Chat,3
TKT-02415,CLI-0030,DevOps Accelerator,access permission issue,Medium,2025-03-07,2025-03-07,20.6,24,Yes,Resolved,Neha Gupta,Email,2
TKT-02002,CLI-0093,AnalyticsEdge,Server Downtime,Medium,2023-12-03,,,24,,In Progress,Manish Nair,Email,
TKT-00600,CLI-0152,SecureNet Suite,API Integration Failure,Medium,2024-08-27,29-08-2024,58.4,24,No,Resolved,Priya Patel,Portal,5
TKT-03778,CLI-0167,CloudShift Platform,Security Alert,Medium,2024-03-16,,,24,Yes,Open,Karan Rao,Portal,
TKT-00315,CLI-0175,DevOps Accelerator,Data Sync Error,Medium,2023-05-23,2023-05-23,3.6,24,Yes,Resolved,,Chat,3
TKT-00693,CLI-0232,CloudShift Platform,Security Alert,Critical,2024-06-06,2024-06-06,9.0,4,No,Resolved,Rahul Das,Chat,3
TKT-02082,CLI-0199,AI Insights Module,Security Alert,High,2024-07-22,2024-07-22,14.2,8,No,Resolved,Nikhil Mehta,Chat,
TKT-03450,CLI-0003,DevOps Accelerator,Access Permission Issue,Low,2023-11-09,2023-11-11,52.6,48,No,Resolved,Ananya Joshi,Phone,5
TKT-03871,CLI-0138,DataVault Pro,Server Downtime,High,01/18/2023,2023-01-18,2.9,8,Yes,Resolved,Deepika Mishra,Phone,
TKT-01895,CLI-0264,AnalyticsEdge,Feature Request,Medium,2023-07-04,2023-07-05,47.8,24,No,Resolved,Nikhil Reddy,Chat,5
TKT-01040,CLI-0267,SecureNet Suite,Server Downtime,High,2024-06-14,,,8,No,In Progress,Priya Patel,Phone,
TKT-02694,CLI-0222,AI Insights Module,Onboarding Support,Low,2024-01-03,,,48,Yes,In Progress,Rahul Das,Email,
TKT-03505,CLI-0192,SecureNet Suite,Feature Request,Medium,2023-02-12,13-02-2023,40.2,24,No,Resolved,,Email,2
TKT-00839,CLI-0177,DevOps Accelerator,Onboarding Support,Medium,2024-03-27,2024-03-27,19.1,24,Yes,Resolved,Pooja Gupta,Chat,3
TKT-00014,CLI-0007,SecureNet Suite,Login Issue,Medium,2023-09-19,2023-09-20,27.9,24,No,Resolved,Ananya Joshi,Chat,3
TKT-00093,CLI-0180,AnalyticsEdge,Security Alert,High,2025-03-30,,,8,No,Open,,Chat,
TKT-00049,CLI-0197,AnalyticsEdge,Server Downtime,Low,2023-09-08,,,48,Yes,Escalated,Pooja Patel,Phone,
TKT-02506,CLI-0217,DevOps Accelerator,API Integration Failure,Medium,2024-08-28,2024-08-28,5.0,24,,Resolved,Divya Reddy,Email,4
TKT-00879,CLI-0135,SecureNet Suite,Dashboard Bug,High,03/18/2024,,,8,Yes,Open,Neha Gupta,Chat,
TKT-01673,CLI-0287,DevOps Accelerator,Report Inaccuracy,Medium,10/18/2024,2024-10-19,46.1,24,No,Resolved,Arjun Mishra,Email,3
TKT-02805,CLI-0003,SecureNet Suite,Onboarding Support,High,2023-12-23,2023-12-23,10.0,8,No,Resolved,Nikhil Reddy,Email,3
TKT-03126,CLI-0226,DevOps Accelerator,Performance Lag,Medium,2023-01-29,,,24,No,Open,,Phone,
TKT-02080,CLI-0116,CloudShift Platform,Login Issue,Low,2023-07-19,,,48,Yes,Open,Nikhil Mehta,Email,
TKT-00126,CLI-0162,DevOps Accelerator,Server Downtime,Medium,2025-02-27,2025-02-27,16.6,24,Yes,Resolved,Pooja Patel,Phone,3
TKT-00069,CLI-0159,SecureNet Suite,Server Downtime,Medium,2023-08-03,2023-08-05,54.8,24,No,Resolved,Nikhil Mehta,Email,4
TKT-02628,CLI-0033,CloudShift Platform,Dashboard Bug,Critical,2024-03-31,,,4,Yes,In Progress,Pooja Patel,Email,
TKT-02735,CLI-0058,DataVault Pro,Access Permission Issue,Critical,2023-12-07,2023-12-07,5.8,4,No,Resolved,Rahul Das,Chat,
TKT-01167,CLI-0288,AI Insights Module,Access  Permission  Issue,Medium,2024-03-15,2024-03-15,20.2,24,Yes,Resolved,Neha Gupta,Chat,4
TKT-00391,CLI-0229,SecureNet Suite,Access Permission Issue,Low,2023-08-16,,,48,Yes,Open,Nikhil Reddy,Email,
TKT-00738,CLI-0036,DataVault Pro,Data Sync Error,Medium,2024-12-01,2024-12-02,34.1,24,No,Resolved,,Chat,5
TKT-03761,CLI-0201,AnalyticsEdge,Server Downtime,Medium,03/30/2025,,,24,No,Open,Nikhil Mehta,Portal,
TKT-02154,CLI-0131,AnalyticsEdge,Feature Request,Medium,2023-01-26,2023-01-27,41.1,24,No,Resolved,Pooja Gupta,Chat,
TKT-00772,CLI-0286,SecureNet Suite,Billing Query,Low,2024-09-17,,,48,No,Open,Pooja Patel,Phone,
TKT-01447,CLI-0237,AnalyticsEdge,Security Alert,High,2023-07-16,,,8,No,Open,,Phone,
TKT-02475,CLI-0141,CloudShift Platform,Access Permission Issue,Low,2024-01-14,2024-01-16,50.1,48,No,Resolved,Deepika Mishra,Phone,3
TKT-00899,CLI-0267,SecureNet Suite,Security Alert,Medium,2023-11-29,2023-12-01,53.8,24,No,Resolved,Karan Gupta,Portal,4
TKT-03686,CLI-0159,AI Insights Module,Feature Request,Medium,2024-12-18,2024-12-18,12.3,24,Yes,Resolved,Karan Rao,Email,4
TKT-03416,CLI-0209,DevOps Accelerator,Access Permission Issue,Medium,2024-06-12,,,24,No,Escalated,Neha Gupta,Chat,
TKT-02291,CLI-0177,DevOps Accelerator,Login Issue,High,2023-01-13,,,8,No,Escalated,Ananya Joshi,Portal,
TKT-01294,CLI-0297,AnalyticsEdge,Data Sync Error,Low,2023-12-15,,,48,No,Open,Pooja Patel,Chat,
TKT-01326,CLI-0201,DataVault Pro,Access Permission Issue,Critical,2025-02-18,,,4,Yes,Escalated,Pooja Gupta,Portal,
TKT-02873,CLI-0151,CloudShift Platform,Billing Query,High,2023-08-14,,,8,Yes,Escalated,Siddharth Reddy,Chat,
TKT-02317,CLI-0014,SecureNet Suite,Dashboard Bug,Low,2023-12-21,,,48,Yes,In Progress,Manish Nair,Phone,
TKT-00156,CLI-0113,AI Insights Module,Onboarding Support,High,2023-05-14,2023-05-14,13.7,8,No,Resolved,Ananya Joshi,Email,3
TKT-02244,CLI-0297,AI Insights Module,Performance Lag,Low,2025-03-08,2025-03-10,58.7,48,No,Resolved,Ananya Joshi,Email,
TKT-00382,CLI-0189,DataVault Pro,Login Issue,Medium,2023-07-13,,,24,Yes,In Progress,Nikhil Reddy,Email,
TKT-02681,CLI-0026,DataVault Pro,Access Permission Issue,Low,2024-10-01,,,48,Yes,Open,Arjun Mishra,Email,
TKT-02877,CLI-0145,CloudShift Platform,API Integration Failure,Medium,2025-02-26,2025-02-26,16.8,24,Yes,Resolved,Rahul Das,Phone,5
TKT-01579,CLI-0266,SecureNet Suite,Access Permission Issue,Critical,2024-07-17,,,4,No,Open,Manish Nair,Phone,
TKT-03291,CLI-0136,AnalyticsEdge,Onboarding Support,Medium,07/21/2023,,,24,No,Escalated,Priya Patel,Email,
TKT-03669,CLI-0056,DataVault Pro,Billing Query,High,2024-03-21,2024-03-21,5.8,8,Yes,Resolved,Pooja Iyer,Phone,
TKT-02768,CLI-0192,CloudShift Platform,Access Permission Issue,Critical,2024-10-22,2024-10-22,2.5,4,Yes,Resolved,Ananya Joshi,Email,3
TKT-02071,CLI-0036,DataVault Pro,Billing Query,Medium,2023-04-12,2023-04-13,31.5,24,No,Resolved,Deepika Mishra,Chat,3
TKT-00048,CLI-0293,SecureNet Suite,Login Issue,Low,2024-04-25,2024-04-26,43.3,48,Yes,Resolved,Divya Verma,Portal,3
TKT-03046,CLI-0140,AnalyticsEdge,Access Permission Issue,Low,07/13/2024,2024-07-15,71.6,48,No,Resolved,Pooja Iyer,Email,4
TKT-01003,CLI-0104,CloudShift Platform,Dashboard Bug,Medium,2024-06-26,,,24,Yes,Escalated,Kavya Iyer,Phone,
TKT-01602,CLI-0088,AnalyticsEdge,Server Downtime,High,2023-01-22,2023-01-22,16.2,8,No,Resolved,Nikhil Reddy,Phone,
TKT-03595,CLI-0179,DataVault Pro,Report Inaccuracy,Medium,2023-04-29,2023-05-01,56.3,24,No,Resolved,Pooja Patel,Phone,3
TKT-00922,CLI-0203,SecureNet Suite,Login Issue,High,2025-01-08,2025-01-08,14.7,8,No,Resolved,Divya Reddy,Email,4
TKT-01468,CLI-0093,AnalyticsEdge,Login Issue,High,2024-07-08,,,8,Yes,Escalated,Ananya Joshi,Email,
TKT-02293,CLI-0073,AnalyticsEdge,Access Permission Issue,Medium,2023-08-03,,,24,Yes,Open,Karan Rao,Email,
TKT-02021,CLI-0248,CloudShift Platform,Data Sync Error,High,2024-05-25,2024-05-25,16.4,8,No,Resolved,Divya Reddy,Email,4
TKT-00331,CLI-0211,SecureNet Suite,Security Alert,Low,2024-09-29,2024-10-02,73.5,48,No,Resolved,Deepika Mishra,Chat,3
TKT-03198,CLI-0117,AnalyticsEdge,Data Sync Error,Medium,09/22/2023,2023-09-24,57.5,24,No,Resolved,Divya Verma,Chat,1
TKT-00040,CLI-0141,DevOps Accelerator,Onboarding Support,High,2024-03-26,2024-03-26,12.3,8,No,Resolved,Priya Nair,Portal,3
TKT-00900,CLI-0242,CloudShift Platform,Report Inaccuracy,High,2024-10-21,2024-10-21,11.9,8,No,Resolved,Neha Gupta,Chat,5
TKT-01883,CLI-0119,AnalyticsEdge,Performance Lag,Critical,2023-04-08,2023-04-08,3.9,4,Yes,Resolved,Nikhil Reddy,Chat,2
TKT-00457,CLI-0064,CloudShift Platform,Performance Lag,Low,2024-08-09,,,48,No,In Progress,Priya Nair,Portal,
TKT-01424,CLI-0130,AI Insights Module,API Integration Failure,Low,2024-10-12,2024-10-14,60.8,48,No,Resolved,Pooja Gupta,Email,2
TKT-00543,CLI-0222,CloudShift Platform,Server Downtime,High,2025-03-23,,,8,No,Escalated,Nikhil Reddy,Email,
TKT-02644,CLI-0040,DevOps Accelerator,api integration failure,Low,2023-08-26,,,48,Yes,Escalated,Siddharth Reddy,Portal,
TKT-01072,CLI-0097,CloudShift Platform,Feature Request,Medium,2024-04-27,,,24,Yes,Open,,Portal,
TKT-03893,CLI-0229,SecureNet Suite,Server Downtime,High,03/09/2025,,,8,No,In Progress,Karan Gupta,Phone,
TKT-03844,CLI-0013,AnalyticsEdge,Report Inaccuracy,Low,2024-11-07,2024-11-07,2.6,48,Yes,Resolved,Rahul Das,Portal,
TKT-02684,CLI-0210,DataVault Pro,Data Sync Error,High,2023-09-29,29-09-2023,15.2,8,No,Resolved,Nikhil Mehta,Phone,4
TKT-01357,CLI-0265,CloudShift Platform,billing query,Medium,2023-06-01,,,24,No,Open,Ananya Joshi,Email,
TKT-03845,CLI-0258,DevOps Accelerator,Report Inaccuracy,High,2024-08-04,2024-08-04,18.1,8,No,Resolved,,Email,
TKT-02101,CLI-0057,CloudShift Platform,Billing Query,Low,2024-02-07,,,48,Yes,In Progress,Divya Verma,Portal,
TKT-01781,CLI-0234,CloudShift Platform,Dashboard Bug,Medium,2023-02-02,,,24,Yes,Escalated,Manish Nair,Email,
TKT-01808,CLI-0015,DataVault Pro,Feature Request,Low,2024-09-13,,,48,No,Escalated,Kavya Iyer,Phone,
TKT-01203,CLI-0038,CloudShift Platform,Security Alert,High,2024-07-09,,,8,Yes,Escalated,Nikhil Reddy,Chat,
TKT-00776,CLI-0025,DevOps Accelerator,Access Permission Issue,High,2025-01-26,2025-01-26,17.8,8,No,Resolved,Priya Nair,Email,4
TKT-03989,CLI-0221,DataVault Pro,Access Permission Issue,High,2024-03-07,,,8,Yes,In Progress,Priya Patel,Phone,
TKT-03469,CLI-0229,CloudShift Platform,security alert,Medium,2023-07-21,2023-07-21,18.6,24,Yes,Resolved,Divya Reddy,Portal,2
TKT-01107,CLI-0150,DevOps Accelerator,Login Issue,High,2024-04-03,2024-04-03,3.4,8,Yes,Resolved,Manish Nair,Portal,4
TKT-00438,CLI-0041,SecureNet Suite,API Integration Failure,High,2023-09-10,2023-09-10,19.1,8,No,Resolved,Nikhil Reddy,Portal,
TKT-03999,CLI-0029,DevOps Accelerator,Server Downtime,High,2024-02-11,2024-02-11,19.0,8,No,Resolved,Pooja Gupta,Email,5
TKT-01657,CLI-0097,AnalyticsEdge,Billing Query,Low,2023-04-17,2023-04-21,109.8,48,No,Resolved,Arjun Mishra,Portal,5
TKT-01626,CLI-0164,DevOps Accelerator,Report Inaccuracy,Medium,2023-07-03,2023-07-04,28.0,24,No,Resolved,Pooja Patel,Portal,4
TKT-00627,CLI-0211,CloudShift Platform,Feature Request,Medium,2023-10-14,2023-10-16,58.0,24,No,Resolved,Karan Gupta,Phone,2
TKT-02389,CLI-0170,CloudShift Platform,access permission issue,Low,2024-08-29,2024-09-02,96.1,48,No,Resolved,Arjun Mishra,Phone,2
TKT-01483,CLI-0130,AnalyticsEdge,Dashboard Bug,Low,2024-11-04,2024-11-04,8.3,48,Yes,Resolved,Divya Verma,Chat,
TKT-01592,CLI-0285,DataVault Pro,Login Issue,Medium,2023-10-19,2023-10-20,25.5,24,No,Resolved,Priya Patel,Email,5
TKT-02006,CLI-0112,CloudShift Platform,API Integration Failure,High,2023-05-25,,,8,No,Open,Divya Reddy,Email,
TKT-01554,CLI-0215,SecureNet Suite,Security Alert,High,07/20/2023,2023-07-20,1.5,8,Yes,Resolved,,Phone,4
TKT-02981,CLI-0200,CloudShift Platform,Feature Request,High,2024-08-05,2024-08-05,13.3,8,No,Resolved,Nikhil Reddy,Portal,
TKT-01348,CLI-0059,AnalyticsEdge,Dashboard Bug,Medium,2024-11-25,2024-11-26,27.5,24,No,Resolved,Pooja Gupta,Email,5
TKT-01133,CLI-0270,DataVault Pro,Onboarding Support,Low,2023-07-09,2023-07-10,37.6,48,Yes,Resolved,Divya Verma,Portal,3
TKT-03461,CLI-0009,AnalyticsEdge,Feature Request,Low,2024-10-02,,,48,No,Open,Divya Verma,Portal,
TKT-00188,CLI-0225,AnalyticsEdge,Login Issue,High,2025-03-13,,,8,No,Open,Priya Nair,Phone,
TKT-02703,CLI-0286,DevOps Accelerator,Access Permission Issue,Critical,2023-06-07,2023-06-07,5.9,4,No,Resolved,Rahul Das,Portal,2
TKT-00280,CLI-0008,SecureNet Suite,Dashboard  Bug,High,2024-05-04,2024-05-04,19.3,8,No,Resolved,Manish Nair,Phone,4
TKT-00072,CLI-0113,DevOps Accelerator,Performance Lag,Critical,2023-03-01,,,4,No,In Progress,Pooja Patel,Email,
TKT-03435,CLI-0037,DevOps Accelerator,Feature Request,Critical,2023-12-26,,,4,No,In Progress,Pooja Gupta,Email,
TKT-00375,CLI-0107,DataVault Pro,Login Issue,High,2024-02-25,2024-02-25,15.1,8,No,Resolved,Pooja Patel,Chat,5
TKT-00013,CLI-0233,AnalyticsEdge,Login Issue,Critical,2023-03-19,2023-03-19,5.5,4,No,Resolved,Pooja Patel,Phone,5
TKT-00637,CLI-0042,AnalyticsEdge,Onboarding Support,High,2025-02-17,2025-02-17,18.8,8,No,Resolved,,Phone,4
TKT-00791,CLI-0012,DataVault Pro,Feature Request,Low,2023-07-10,,,48,Yes,Open,Kavya Iyer,Phone,
TKT-03316,CLI-0023,CloudShift Platform,Dashboard Bug,Medium,2023-12-03,,,24,Yes,In Progress,Divya Reddy,Portal,
TKT-01428,CLI-0056,CloudShift Platform,Access Permission Issue,High,2023-05-25,2023-05-25,17.0,8,No,Resolved,Karan Gupta,Chat,4
TKT-00717,CLI-0122,AnalyticsEdge,Security Alert,High,2024-09-13,2024-09-13,13.1,8,No,Resolved,Pooja Iyer,Phone,
TKT-03424,CLI-0295,DataVault Pro,Dashboard Bug,Medium,2025-01-11,,,24,No,Escalated,Nikhil Mehta,Chat,
TKT-02657,CLI-0041,SecureNet Suite,Dashboard Bug,Medium,2024-11-04,,,24,No,In Progress,Nikhil Mehta,Portal,
TKT-03121,CLI-0223,AI Insights Module,Report Inaccuracy,Medium,2023-09-21,2023-09-21,3.1,24,Yes,Resolved,Nikhil Mehta,Chat,3
TKT-03954,CLI-0067,AnalyticsEdge,Billing Query,Low,2025-02-17,2025-02-18,29.5,48,Yes,Resolved,Pooja Iyer,Chat,4
TKT-03008,CLI-0017,CloudShift Platform,Data Sync Error,Medium,2023-05-02,2023-05-04,52.7,24,No,Resolved,Divya Reddy,Portal,3
TKT-03603,CLI-0211,DevOps Accelerator,Onboarding Support,High,2024-06-28,,,8,,Open,Deepika Mishra,Chat,
TKT-03629,CLI-0243,DataVault Pro,Feature Request,Low,2023-04-25,2023-04-25,0.5,48,Yes,Resolved,Kavya Iyer,Chat,5
TKT-00017,CLI-0084,AnalyticsEdge,Billing Query,Low,2025-01-02,2025-01-02,22.6,48,Yes,Resolved,Deepika Mishra,Email,
TKT-03153,CLI-0206,AnalyticsEdge,Access Permission Issue,Medium,2024-08-04,2024-08-04,9.8,24,Yes,Resolved,Pooja Iyer,Chat,2
TKT-01712,CLI-0281,DevOps Accelerator,Server Downtime,Medium,2024-10-30,,,24,No,Open,Pooja Iyer,Email,
TKT-01567,CLI-0203,SecureNet Suite,Billing Query,Critical,2023-08-12,2023-08-12,7.7,4,No,Resolved,Pooja Iyer,Email,5
TKT-03549,CLI-0257,SecureNet Suite,Report Inaccuracy,Medium,2024-09-20,2024-09-22,55.0,24,No,Resolved,Pooja Iyer,Portal,1
TKT-03161,CLI-0292,DevOps Accelerator,Report Inaccuracy,High,2024-05-31,,,8,Yes,Open,Karan Gupta,Email,
TKT-03017,CLI-0071,DevOps Accelerator,Data Sync Error,Medium,04/19/2023,2023-04-20,35.0,24,No,Resolved,Rahul Das,Email,5
TKT-01769,CLI-0125,DevOps Accelerator,Onboarding Support,High,2023-08-28,2023-08-28,6.6,8,Yes,Resolved,Arjun Mishra,Chat,3
TKT-00644,CLI-0127,DataVault Pro,Feature Request,Medium,2023-12-21,,,24,Yes,Open,Karan Rao,Portal,
TKT-01164,CLI-0246,SecureNet Suite,API Integration Failure,High,2024-04-10,2024-04-10,4.2,8,Yes,Resolved,Nikhil Mehta,Email,
TKT-01745,CLI-0249,AnalyticsEdge,Data Sync Error,Medium,2024-03-05,2024-03-05,1.1,24,Yes,Resolved,Divya Verma,Chat,
TKT-00609,CLI-0273,CloudShift Platform,Performance Lag,Medium,2023-09-26,2023-09-27,46.4,24,No,Resolved,Ananya Joshi,Phone,3
TKT-03967,CLI-0241,DataVault Pro,Report Inaccuracy,High,2025-03-24,2025-03-24,4.8,8,Yes,Resolved,Kavya Iyer,Phone,5
TKT-02119,CLI-0030,DevOps Accelerator,Data Sync Error,Medium,2024-10-06,2024-10-07,33.2,24,No,Resolved,Priya Nair,Phone,4
TKT-00926,CLI-0145,CloudShift Platform,Access Permission Issue,Low,2024-02-29,2024-03-01,43.6,48,Yes,Resolved,Neha Gupta,Phone,
TKT-03589,CLI-0141,AnalyticsEdge,Performance Lag,Medium,2024-02-09,2024-02-11,50.6,24,No,Resolved,,Chat,3
TKT-02902,CLI-0133,CloudShift Platform,Data Sync Error,Critical,2023-08-29,2023-08-29,5.9,4,No,Resolved,Divya Verma,Chat,
TKT-01861,CLI-0276,CloudShift Platform,Performance Lag,High,2023-07-20,2023-07-20,0.6,8,Yes,Resolved,Divya Reddy,Phone,3
TKT-01616,CLI-0243,DevOps Accelerator,Performance Lag,Low,2023-01-25,,,48,Yes,Escalated,Rahul Das,Chat,
TKT-00943,CLI-0098,DataVault Pro,Onboarding Support,Low,2024-07-29,2024-07-31,52.2,48,No,Resolved,Rahul Das,Phone,5
TKT-03360,CLI-0038,DataVault Pro,Feature Request,Critical,2023-06-16,2023-06-16,8.2,4,No,Resolved,Priya Patel,Email,4
TKT-01810,CLI-0221,CloudShift Platform,API Integration Failure,Medium,2023-07-24,,,24,Yes,In Progress,Divya Verma,Email,
TKT-01377,CLI-0050,SecureNet Suite,Dashboard Bug,High,2023-06-24,2023-06-24,16.5,8,No,Resolved,Nikhil Mehta,Phone,
TKT-00372,CLI-0100,DataVault Pro,Security Alert,Low,03/21/2023,2023-03-21,6.5,48,Yes,Resolved,Manish Nair,Chat,5
TKT-02076,CLI-0135,SecureNet Suite,Report Inaccuracy,Critical,2023-09-11,,,4,No,In Progress,Rahul Das,Phone,
TKT-01563,CLI-0151,AI Insights Module,performance lag,High,2023-01-08,2023-01-08,1.2,8,Yes,Resolved,Rahul Das,Chat,3
TKT-01310,CLI-0163,DevOps Accelerator,Report Inaccuracy,Critical,2024-07-27,2024-07-27,5.1,4,No,Resolved,Karan Rao,Portal,3
TKT-01247,CLI-0084,CloudShift Platform,Dashboard Bug,Low,2023-12-16,2023-12-19,79.8,48,No,Resolved,Pooja Patel,Phone,2
TKT-03336,CLI-0074,DevOps Accelerator,Access Permission Issue,Medium,2025-01-04,2025-01-06,50.8,24,No,Resolved,Pooja Iyer,Chat,4
TKT-00159,CLI-0285,SecureNet Suite,Server Downtime,Critical,2023-08-14,2023-08-14,3.3,4,Yes,Resolved,Deepika Mishra,Phone,5
TKT-01207,CLI-0209,AnalyticsEdge,Onboarding Support,Low,2023-10-07,2023-10-07,7.0,48,Yes,Resolved,Neha Gupta,Portal,5
TKT-03974,CLI-0202,SecureNet Suite,Performance Lag,High,07/08/2024,2024-07-08,15.8,8,No,Resolved,Pooja Iyer,Email,4
TKT-01710,CLI-0248,AnalyticsEdge,Server Downtime,Medium,2023-06-22,2023-06-24,49.8,24,No,Resolved,Divya Verma,Chat,4
TKT-03863,CLI-0043,AnalyticsEdge,Feature  Request,High,2025-03-09,2025-03-09,9.3,8,No,Resolved,Rahul Das,Email,1
TKT-03287,CLI-0066,AnalyticsEdge,Access Permission Issue,Low,2023-02-12,,,48,No,Escalated,Divya Reddy,Email,
TKT-00490,CLI-0286,AI Insights Module,Server Downtime,,2023-09-17,2023-09-19,61.5,48,No,Resolved,,Email,3
TKT-01961,CLI-0097,AnalyticsEdge,Report  Inaccuracy,Medium,2023-11-15,,,24,Yes,Escalated,Karan Rao,Chat,
TKT-01648,CLI-0031,CloudShift Platform,Dashboard Bug,Medium,2023-08-29,2023-08-30,35.0,24,No,Resolved,Siddharth Reddy,Chat,3
TKT-02507,CLI-0010,SecureNet Suite,Performance Lag,Medium,2023-02-21,,,24,No,Open,Nikhil Reddy,Email,
TKT-02804,CLI-0167,DevOps Accelerator,feature  request,High,2024-04-20,,,8,No,In Progress,Priya Patel,Phone,
TKT-03394,CLI-0192,CloudShift Platform,Report Inaccuracy,Critical,2023-09-15,2023-09-15,5.0,4,No,Resolved,Priya Nair,Chat,3
TKT-01734,CLI-0047,AnalyticsEdge,Security Alert,Medium,05/16/2024,,,24,Yes,Open,Kavya Iyer,Email,
TKT-03016,CLI-0152,AI Insights Module,Feature Request,Medium,2024-04-24,2024-04-24,20.3,24,Yes,Resolved,Siddharth Reddy,Chat,4
TKT-02532,CLI-0054,AnalyticsEdge,Security Alert,Medium,2024-06-08,2024-06-10,54.5,24,No,Resolved,Arjun Mishra,Chat,3
TKT-03569,CLI-0097,AI Insights Module,API Integration Failure,High,2024-07-10,2024-07-10,7.4,8,Yes,Resolved,Nikhil Mehta,Chat,4
TKT-00414,CLI-0099,SecureNet Suite,Dashboard Bug,High,2024-09-03,,,8,No,In Progress,Pooja Patel,Email,
TKT-01372,CLI-0073,AnalyticsEdge,Billing Query,Medium,2023-01-12,2023-01-12,19.0,24,Yes,Resolved,Neha Gupta,Email,3
TKT-03289,CLI-0088,DataVault Pro,Billing Query,Low,2023-09-28,2023-09-28,5.4,48,Yes,Resolved,Pooja Gupta,Email,1
TKT-02564,CLI-0134,AI Insights Module,Feature Request,Medium,2024-11-02,2024-11-02,16.9,24,Yes,Resolved,Priya Patel,Chat,4
TKT-00179,CLI-0071,DataVault Pro,API Integration Failure,Critical,2024-10-23,2024-10-23,0.8,4,Yes,Resolved,Divya Verma,Email,
TKT-00444,CLI-0240,AI Insights Module,Security Alert,Low,2024-01-11,2024-01-13,50.9,48,No,Resolved,Pooja Gupta,Email,
TKT-02406,CLI-0290,DevOps Accelerator,Data Sync Error,,2023-04-26,,,24,No,In Progress,Pooja Patel,Chat,
TKT-01681,CLI-0188,AI Insights Module,Billing Query,Medium,2023-05-14,,,24,Yes,Open,Kavya Iyer,Phone,
TKT-03973,CLI-0271,AnalyticsEdge,Report Inaccuracy,Medium,2024-03-15,,,24,No,Open,Karan Gupta,Phone,
TKT-02995,CLI-0199,DataVault Pro,Report Inaccuracy,Low,2024-10-14,2024-10-16,62.7,48,No,Resolved,Karan Rao,Portal,
TKT-00696,CLI-0013,AnalyticsEdge,Onboarding Support,High,2024-07-31,,,8,No,Open,Divya Reddy,Portal,
TKT-00259,CLI-0101,DevOps Accelerator,Feature Request,Medium,2023-07-29,2023-07-30,24.7,24,No,Resolved,Pooja Iyer,Email,5
TKT-03058,CLI-0108,AnalyticsEdge,Server Downtime,Low,2023-05-12,,,48,No,Escalated,Arjun Mishra,Portal,
TKT-01662,CLI-0038,AnalyticsEdge,Login Issue,Medium,2023-12-04,2023-12-05,28.4,24,No,Resolved,Siddharth Reddy,Phone,3
TKT-00304,CLI-0276,CloudShift Platform,Login Issue,Low,2023-04-30,2023-05-03,73.1,48,No,Resolved,Siddharth Reddy,Chat,2
TKT-02952,CLI-0267,CloudShift Platform,Billing Query,Medium,2024-04-23,2024-04-23,12.9,24,Yes,Resolved,Pooja Patel,Phone,2
TKT-02398,CLI-0258,DevOps Accelerator,Security Alert,High,2024-10-29,2024-10-29,13.8,8,No,Resolved,Divya Reddy,Phone,1
TKT-01287,CLI-0106,DevOps Accelerator,Access Permission Issue,Medium,2023-09-28,2023-09-29,44.8,24,No,Resolved,Pooja Gupta,Email,4
TKT-02059,CLI-0137,AI Insights Module,API Integration Failure,Low,2023-10-14,,,48,Yes,Escalated,Nikhil Mehta,Portal,
TKT-02376,CLI-0189,DataVault Pro,Access Permission Issue,Low,2024-10-15,,,48,No,In Progress,Deepika Mishra,Chat,
TKT-03407,CLI-0075,AI Insights Module,Billing Query,Critical,10/03/2023,2023-10-03,7.6,4,No,Resolved,Karan Rao,Chat,
TKT-00758,CLI-0044,CloudShift Platform,Security Alert,Medium,2023-11-05,2023-11-06,29.7,24,No,Resolved,Deepika Mishra,Email,4
TKT-00583,CLI-0097,SecureNet Suite,API Integration Failure,Medium,2023-04-01,,,24,No,In Progress,Pooja Gupta,Portal,
TKT-00822,CLI-0242,SecureNet Suite,Performance Lag,Medium,2025-02-11,2025-02-13,55.1,24,No,Resolved,Divya Reddy,Email,3
TKT-03514,CLI-0218,AnalyticsEdge,Access Permission Issue,Low,2024-08-16,,,48,Yes,Open,Nikhil Reddy,Email,
TKT-03171,CLI-0023,SecureNet Suite,Performance Lag,High,04/03/2024,,,8,Yes,In Progress,Rahul Das,Phone,
TKT-02455,CLI-0108,AI Insights Module,Report Inaccuracy,Medium,2024-03-01,2024-03-03,59.5,24,No,Resolved,,Portal,4
TKT-01529,CLI-0201,AnalyticsEdge,Access Permission Issue,Medium,2023-02-07,09-02-2023,55.5,24,No,Resolved,Nikhil Mehta,Chat,2
TKT-03250,CLI-0200,SecureNet Suite,Login Issue,High,2024-09-07,,,8,Yes,Escalated,Divya Reddy,Email,
TKT-00419,CLI-0297,DataVault Pro,Onboarding Support,High,2024-12-21,2024-12-21,12.6,8,,Resolved,Manish Nair,Phone,4
TKT-03663,CLI-0034,AI Insights Module,Login Issue,Medium,2023-09-10,,,24,Yes,Escalated,Pooja Iyer,Email,
TKT-03556,CLI-0234,DataVault Pro,Login Issue,High,2024-12-22,,,8,No,Open,Pooja Patel,Portal,
TKT-00294,CLI-0029,SecureNet Suite,Onboarding Support,Low,2024-05-06,2024-05-06,23.4,48,Yes,Resolved,Karan Gupta,Portal,4
TKT-03730,CLI-0022,DevOps Accelerator,Dashboard Bug,Critical,2024-05-08,,,4,No,Open,Rahul Das,Portal,
TKT-00344,CLI-0140,SecureNet Suite,Report Inaccuracy,Medium,02/21/2024,2024-02-21,19.6,24,Yes,Resolved,Siddharth Reddy,Chat,3
TKT-03475,CLI-0135,SecureNet Suite,Security Alert,High,2025-02-19,2025-02-19,16.1,8,No,Resolved,Ananya Joshi,Portal,4
TKT-03167,CLI-0173,DevOps Accelerator,API Integration Failure,Medium,2024-10-11,,,24,Yes,Open,Pooja Gupta,Email,
TKT-01787,CLI-0236,AI Insights Module,Dashboard Bug,High,2023-03-04,,,8,No,In Progress,Deepika Mishra,Phone,
TKT-00881,CLI-0064,AI Insights Module,Report Inaccuracy,Medium,2023-08-25,2023-08-26,44.1,24,No,Resolved,Deepika Mishra,Portal,3
TKT-01258,CLI-0170,AnalyticsEdge,Security Alert,Medium,2025-02-08,2025-02-08,19.3,24,Yes,Resolved,Nikhil Mehta,Email,3
TKT-01885,CLI-0207,DevOps Accelerator,Login Issue,Critical,2024-03-02,2024-03-02,3.0,4,Yes,Resolved,Pooja Iyer,Phone,3
TKT-02992,CLI-0120,DataVault Pro,API Integration Failure,High,2023-10-22,,,8,No,In Progress,Manish Nair,Phone,
TKT-00494,CLI-0229,AI Insights Module,Login Issue,Medium,2023-01-28,2023-01-28,8.7,24,Yes,Resolved,Priya Patel,Phone,5
TKT-01067,CLI-0063,AI Insights Module,Access Permission Issue,Medium,2023-09-02,,,24,No,In Progress,Neha Gupta,Email,
TKT-02462,CLI-0225,AnalyticsEdge,Report Inaccuracy,Low,02/25/2023,,,48,No,Open,Ananya Joshi,Email,
TKT-03563,CLI-0020,CloudShift Platform,Dashboard Bug,Medium,2024-04-02,2024-04-03,42.9,24,No,Resolved,Deepika Mishra,Portal,2
TKT-01031,CLI-0258,DataVault Pro,Access Permission Issue,High,2023-02-24,2023-02-24,9.9,8,No,Resolved,Nikhil Reddy,Portal,4
TKT-01617,CLI-0180,AnalyticsEdge,Security Alert,,2023-12-09,,,8,Yes,Open,Karan Rao,Phone,
TKT-00671,CLI-0170,DataVault Pro,Access Permission Issue,Critical,2025-03-23,2025-03-23,9.9,4,No,Resolved,,Portal,4
TKT-01844,CLI-0279,DevOps Accelerator,Performance Lag,High,2024-10-11,2024-10-11,8.5,8,No,Resolved,Priya Patel,Email,3
TKT-02055,CLI-0016,AnalyticsEdge,Dashboard Bug,Medium,2024-11-27,2024-11-28,37.3,24,No,Resolved,Deepika Mishra,Chat,4
TKT-03401,CLI-0125,AI Insights Module,Data Sync Error,High,2023-08-08,,,8,No,In Progress,Karan Gupta,Portal,
TKT-02272,CLI-0016,SecureNet Suite,Dashboard Bug,Medium,2023-10-24,2023-10-26,53.0,24,No,Resolved,Nikhil Reddy,Chat,1
TKT-02912,CLI-0266,SecureNet Suite,Billing Query,Medium,2023-10-20,,,24,No,Escalated,Ananya Joshi,Portal,
TKT-00024,CLI-0060,CloudShift Platform,Security Alert,Critical,2024-11-26,2024-11-26,1.3,4,Yes,Resolved,Manish Nair,Portal,5
TKT-03711,CLI-0134,SecureNet Suite,Billing Query,Critical,2024-07-23,,,4,No,Open,Pooja Patel,Portal,
TKT-02954,CLI-0197,DataVault Pro,Access Permission Issue,Medium,2023-05-25,2023-05-25,2.7,24,Yes,Resolved,Nikhil Reddy,Phone,5
TKT-03144,CLI-0138,AI Insights Module,Server Downtime,Low,2024-10-07,2024-10-10,73.0,48,No,Resolved,Deepika Mishra,Portal,4
TKT-02771,CLI-0031,DataVault Pro,Security Alert,Medium,2023-03-12,,,24,No,Escalated,Karan Rao,Email,
TKT-01371,CLI-0049,DevOps Accelerator,Login Issue,High,2025-01-18,2025-01-18,3.9,8,Yes,Resolved,Kavya Iyer,Chat,
TKT-03154,CLI-0160,SecureNet Suite,Onboarding Support,Medium,2023-09-23,,,24,No,Open,Ananya Joshi,Phone,
TKT-00031,CLI-0189,AI Insights Module,Performance Lag,Medium,2023-08-28,2023-08-29,26.6,24,No,Resolved,Nikhil Reddy,Email,1
TKT-00440,CLI-0266,DevOps Accelerator,Security Alert,Low,2024-06-01,2024-06-03,53.2,48,No,Resolved,Priya Patel,Phone,4
TKT-00757,CLI-0103,AnalyticsEdge,API Integration Failure,Low,2023-07-30,2023-08-02,82.2,48,No,Resolved,Ananya Joshi,Chat,4
TKT-01815,CLI-0066,AnalyticsEdge,Security Alert,Medium,2023-05-08,2023-05-09,25.7,24,No,Resolved,Rahul Das,Portal,
TKT-00503,CLI-0206,DataVault Pro,Performance Lag,High,2023-06-14,2023-06-14,11.2,8,No,Resolved,Nikhil Mehta,Email,5
TKT-01127,CLI-0147,CloudShift Platform,API Integration Failure,Critical,2023-08-05,2023-08-05,10.0,4,No,Resolved,Pooja Gupta,Phone,
TKT-00999,CLI-0270,SecureNet Suite,Dashboard Bug,Low,2023-06-11,,,48,No,Open,Ananya Joshi,Portal,
TKT-03621,CLI-0221,CloudShift Platform,Data Sync Error,Low,2024-04-13,2024-04-15,57.1,48,No,Resolved,Divya Verma,Chat,3
TKT-02531,CLI-0142,AnalyticsEdge,Onboarding Support,Low,2024-06-14,2024-06-17,80.5,48,No,Resolved,Priya Patel,Phone,5
TKT-01552,CLI-0259,AnalyticsEdge,Onboarding Support,Medium,2023-08-09,2023-08-10,41.9,24,No,Resolved,Karan Gupta,Chat,3
TKT-02016,CLI-0190,SecureNet Suite,Onboarding Support,Critical,2023-07-12,2023-07-12,6.9,4,No,Resolved,Nikhil Reddy,Email,
TKT-01259,CLI-0062,DataVault Pro,Access Permission Issue,High,2023-07-08,2023-07-08,6.0,8,Yes,Resolved,Deepika Mishra,Chat,3
TKT-03763,CLI-0046,AI Insights Module,Server Downtime,Low,2023-12-07,,,48,No,Escalated,Siddharth Reddy,Email,
TKT-02092,CLI-0137,AI Insights Module,Dashboard Bug,Critical,2023-06-26,,,4,No,Open,Karan Gupta,Phone,
TKT-03482,CLI-0182,AnalyticsEdge,Onboarding Support,Critical,2023-02-09,,,4,No,Open,Nikhil Mehta,Email,
TKT-03245,CLI-0013,DataVault Pro,Feature Request,Medium,04/08/2023,2023-04-10,58.3,24,No,Resolved,Rahul Das,Chat,4
TKT-02522,CLI-0104,CloudShift Platform,Feature Request,Medium,2024-10-27,2024-10-29,48.2,24,No,Resolved,Karan Rao,Phone,3
TKT-02926,CLI-0006,DevOps Accelerator,Report Inaccuracy,High,2024-02-21,,,8,No,Open,Rahul Das,Chat,
TKT-03648,CLI-0200,AI Insights Module,Report Inaccuracy,Medium,2023-12-09,2023-12-10,36.9,24,No,Resolved,Ananya Joshi,Portal,5
TKT-00852,CLI-0047,CloudShift Platform,Performance Lag,High,2023-04-08,2023-04-08,3.4,8,Yes,Resolved,Pooja Patel,Phone,4
TKT-01284,CLI-0133,DevOps Accelerator,Feature Request,High,2025-01-31,2025-01-31,13.8,8,No,Resolved,Priya Nair,Phone,4
TKT-02090,CLI-0092,SecureNet Suite,Onboarding Support,Medium,2025-03-04,2025-03-05,32.6,24,No,Resolved,Priya Nair,Portal,3
TKT-00868,CLI-0110,DataVault Pro,Feature Request,Low,2023-11-02,2023-11-03,31.4,48,Yes,Resolved,Deepika Mishra,Chat,3
TKT-02946,CLI-0258,CloudShift Platform,Billing Query,Medium,2023-04-15,2023-04-16,45.6,24,No,Resolved,Deepika Mishra,Phone,4
TKT-01488,CLI-0056,SecureNet Suite,Login Issue,Low,2025-02-09,,,48,No,Open,Nikhil Reddy,Email,
TKT-00364,CLI-0106,DataVault Pro,Data Sync Error,Critical,2023-11-01,2023-11-01,9.2,4,No,Resolved,Rahul Das,Phone,1
TKT-00139,CLI-0158,DevOps Accelerator,Dashboard Bug,Medium,2023-08-02,,,24,No,In Progress,,Phone,
TKT-03882,CLI-0168,AnalyticsEdge,Login  Issue,High,2024-04-08,2024-04-08,10.4,8,No,Resolved,Nikhil Mehta,Chat,5
TKT-03043,CLI-0176,AI Insights Module,Data Sync Error,Medium,2024-04-14,2024-04-14,5.0,24,Yes,Resolved,Neha Gupta,Phone,
TKT-01409,CLI-0008,AI Insights Module,API Integration Failure,Low,2024-08-22,2024-08-24,55.0,48,No,Resolved,Nikhil Mehta,Email,5
TKT-00405,CLI-0138,DataVault Pro,Performance Lag,High,2023-09-18,2023-09-18,3.8,8,Yes,Resolved,Pooja Iyer,Phone,3
TKT-00148,CLI-0001,DataVault Pro,Dashboard Bug,Medium,2024-04-10,,,24,Yes,Open,Manish Nair,Phone,
TKT-01619,CLI-0249,CloudShift Platform,Feature Request,High,2023-07-24,24-07-2023,9.4,8,No,Resolved,Priya Patel,Phone,4
TKT-00525,CLI-0246,DataVault Pro,API Integration Failure,Medium,2025-02-12,,,24,Yes,Escalated,Nikhil Mehta,Chat,
TKT-02051,CLI-0171,DataVault Pro,Feature Request,Medium,2023-03-15,,,24,No,Open,Karan Rao,Phone,
TKT-03014,CLI-0144,AnalyticsEdge,Security Alert,Medium,2024-04-12,2024-04-13,26.6,24,No,Resolved,Nikhil Reddy,Portal,5
TKT-00793,CLI-0106,AnalyticsEdge,Billing Query,Critical,2024-02-06,2024-02-06,5.8,4,No,Resolved,Karan Gupta,Email,2
TKT-02215,CLI-0068,AI Insights Module,Report Inaccuracy,Medium,2024-04-09,2024-04-10,37.4,24,No,Resolved,Kavya Iyer,Email,4
TKT-03110,CLI-0289,DevOps Accelerator,Report Inaccuracy,Low,11/24/2024,2024-11-25,46.2,48,Yes,Resolved,Karan Gupta,Portal,4
TKT-03946,CLI-0022,CloudShift Platform,Report Inaccuracy,Medium,03/26/2024,2024-03-26,13.0,24,Yes,Resolved,Pooja Patel,Phone,
TKT-02715,CLI-0065,SecureNet Suite,Access Permission Issue,Medium,2023-06-28,2023-06-29,35.3,24,No,Resolved,Divya Verma,Portal,3
TKT-03564,CLI-0285,DataVault Pro,Server Downtime,High,2024-08-14,2024-08-14,17.2,8,No,Resolved,Neha Gupta,Email,
TKT-02844,CLI-0077,DevOps Accelerator,Login Issue,Critical,2024-11-27,2024-11-27,7.8,4,No,Resolved,Karan Rao,Portal,5
TKT-02870,CLI-0179,AI Insights Module,Onboarding Support,Low,2024-09-06,2024-09-10,104.2,48,No,Resolved,Rahul Das,Chat,
TKT-03221,CLI-0234,AI Insights Module,Login Issue,Medium,2025-01-11,,,24,No,In Progress,Karan Rao,Portal,
TKT-02974,CLI-0258,DevOps Accelerator,Feature Request,Low,2024-12-24,2024-12-26,48.4,48,No,Resolved,Ananya Joshi,Phone,
TKT-02221,CLI-0033,AI Insights Module,Server Downtime,Low,2024-09-15,,,48,No,In Progress,Karan Gupta,Email,
TKT-01230,CLI-0201,AnalyticsEdge,Access Permission Issue,High,2024-07-19,,,8,No,In Progress,Karan Rao,Chat,
TKT-03856,CLI-0174,CloudShift Platform,Onboarding Support,High,2024-05-28,,,8,No,In Progress,Priya Nair,Portal,
TKT-00991,CLI-0288,DataVault Pro,Login Issue,Medium,2025-02-25,2025-02-25,15.0,24,Yes,Resolved,Priya Nair,Chat,4
TKT-02993,CLI-0221,DevOps Accelerator,Feature Request,High,2023-05-04,2023-05-04,19.0,8,No,Resolved,Pooja Patel,Chat,4
TKT-03969,CLI-0013,DevOps Accelerator,Security Alert,Critical,2024-05-02,2024-05-02,6.8,4,No,Resolved,Pooja Patel,Chat,2
TKT-03840,CLI-0130,SecureNet Suite,Performance Lag,Low,2024-04-20,2024-04-20,20.9,48,Yes,Resolved,,Chat,4
TKT-01993,CLI-0115,DataVault Pro,Server Downtime,Critical,2025-02-15,,,4,Yes,In Progress,Rahul Das,Portal,
TKT-01757,CLI-0249,AnalyticsEdge,Login Issue,Medium,2024-02-17,2024-02-17,7.9,24,Yes,Resolved,Pooja Gupta,Phone,4
TKT-02885,CLI-0185,SecureNet Suite,Report Inaccuracy,High,2024-10-17,,,8,No,Open,Nikhil Reddy,Portal,
TKT-01963,CLI-0244,CloudShift Platform,Dashboard Bug,Medium,2024-06-19,2024-06-21,58.4,24,No,Resolved,Nikhil Reddy,Portal,3
TKT-01976,CLI-0278,SecureNet Suite,Dashboard Bug,,03/05/2024,,,24,Yes,Escalated,Priya Nair,Portal,
TKT-01039,CLI-0247,CloudShift Platform,API Integration Failure,High,2024-12-08,,,8,,In Progress,Manish Nair,Portal,
TKT-00041,CLI-0240,CloudShift Platform,Report Inaccuracy,Low,2024-03-28,,,48,No,Open,Nikhil Mehta,Chat,
TKT-00309,CLI-0024,DevOps Accelerator,API Integration Failure,Low,2024-10-14,,,48,Yes,In Progress,Nikhil Mehta,Chat,
TKT-03184,CLI-0106,AI Insights Module,Access Permission Issue,Low,2023-10-05,,,48,,Escalated,Rahul Das,Portal,
TKT-01586,CLI-0036,SecureNet Suite,Server Downtime,Low,2024-03-29,2024-03-30,39.1,48,Yes,Resolved,Neha Gupta,Phone,4
TKT-02373,CLI-0151,CloudShift Platform,Access Permission Issue,High,2025-02-24,2025-02-24,19.9,8,No,Resolved,Manish Nair,Chat,2
TKT-03767,CLI-0161,AI Insights Module,Feature Request,High,02/21/2025,2025-02-21,16.1,8,No,Resolved,Rahul Das,Phone,
TKT-03661,CLI-0104,AI Insights Module,API Integration Failure,Medium,2023-04-17,2023-04-18,47.8,24,No,Resolved,Deepika Mishra,Phone,4
TKT-00781,CLI-0263,DevOps Accelerator,Login Issue,High,2024-01-14,2024-01-14,5.8,8,Yes,Resolved,Arjun Mishra,Chat,3
TKT-01871,CLI-0206,CloudShift Platform,Onboarding Support,Low,2023-08-29,,,48,No,Open,Arjun Mishra,Email,
TKT-01422,CLI-0168,CloudShift Platform,Security Alert,Medium,2023-08-26,2023-08-27,25.2,24,No,Resolved,Priya Nair,Portal,
TKT-03591,CLI-0232,AnalyticsEdge,Server Downtime,Medium,2024-08-27,2024-08-28,35.9,24,No,Resolved,Ananya Joshi,Email,5
TKT-02661,CLI-0296,DevOps Accelerator,Login Issue,Low,2024-08-31,,,48,No,Open,Pooja Iyer,Chat,
TKT-03199,CLI-0051,DataVault Pro,Login Issue,High,2024-10-07,,,8,No,Escalated,Kavya Iyer,Portal,
TKT-01853,CLI-0050,DataVault Pro,Login Issue,Low,2023-04-12,2023-04-14,56.0,48,No,Resolved,Ananya Joshi,Email,5
TKT-01001,CLI-0284,AnalyticsEdge,Performance Lag,Medium,01/16/2024,2024-01-17,39.3,24,No,Resolved,Deepika Mishra,Chat,4
TKT-02546,CLI-0225,AnalyticsEdge,Access Permission Issue,Low,2024-10-09,,,48,No,Open,Arjun Mishra,Email,
TKT-03142,CLI-0110,CloudShift Platform,API Integration Failure,Medium,2023-10-06,2023-10-07,25.1,24,No,Resolved,Kavya Iyer,Chat,5
TKT-01947,CLI-0049,DataVault Pro,Access Permission Issue,High,2023-04-13,2023-04-13,14.9,8,No,Resolved,Deepika Mishra,Chat,3
TKT-04000,CLI-0047,AI Insights Module,Dashboard Bug,Medium,2023-02-16,,,24,No,Escalated,Nikhil Reddy,Email,
TKT-02434,CLI-0143,DevOps Accelerator,Billing Query,Low,2024-11-24,,,48,No,Escalated,Pooja Iyer,Chat,
TKT-02517,CLI-0082,DataVault Pro,Performance Lag,Medium,2024-09-18,2024-09-18,10.5,24,Yes,Resolved,Nikhil Mehta,Phone,4
TKT-01638,CLI-0238,AI Insights Module,Dashboard Bug,Medium,2023-08-19,,,24,Yes,In Progress,Rahul Das,Email,
TKT-01656,CLI-0131,DataVault Pro,Performance Lag,Medium,2024-10-19,,,24,No,In Progress,Deepika Mishra,Phone,
TKT-00155,CLI-0164,AI Insights Module,Billing Query,Medium,2025-01-27,,,24,Yes,Open,Nikhil Mehta,Portal,
TKT-02764,CLI-0084,SecureNet Suite,Server Downtime,Medium,2024-06-29,,,24,Yes,In Progress,Siddharth Reddy,Email,
TKT-02464,CLI-0043,DataVault Pro,Data  Sync  Error,High,2024-11-18,2024-11-18,5.1,8,Yes,Resolved,Priya Nair,Phone,5
TKT-00721,CLI-0268,AnalyticsEdge,Security Alert,High,2023-06-04,2023-06-04,2.7,8,Yes,Resolved,Nikhil Mehta,Email,4
TKT-00814,CLI-0105,AnalyticsEdge,Data Sync Error,Low,2024-12-23,2024-12-24,44.1,48,Yes,Resolved,Nikhil Mehta,Email,3
TKT-00339,CLI-0048,AI Insights Module,API Integration Failure,Low,2024-07-27,,,48,No,Open,Divya Reddy,Phone,
TKT-03509,CLI-0296,AnalyticsEdge,Login Issue,Medium,2023-07-10,2023-07-10,5.5,24,Yes,Resolved,Pooja Patel,Portal,3
TKT-01470,CLI-0235,AnalyticsEdge,Report Inaccuracy,Low,2025-01-16,2025-01-16,17.9,48,Yes,Resolved,Karan Rao,Phone,5
TKT-03329,CLI-0248,AI Insights Module,Access Permission Issue,Low,2023-01-27,,,48,No,In Progress,Rahul Das,Email,
TKT-03039,CLI-0166,SecureNet Suite,Report Inaccuracy,High,2023-12-01,2023-12-01,16.1,8,No,Resolved,Pooja Gupta,Email,3
TKT-00653,CLI-0217,SecureNet Suite,Performance  Lag,High,2023-03-02,,,8,No,Open,Manish Nair,Email,
TKT-02616,CLI-0255,AI Insights Module,Billing Query,Medium,01/24/2023,,,24,No,Escalated,Nikhil Reddy,Phone,
TKT-02705,CLI-0025,AnalyticsEdge,Security Alert,Low,2024-05-02,,,48,No,Escalated,Siddharth Reddy,Email,
TKT-01862,CLI-0190,DevOps Accelerator,Security Alert,High,2023-11-04,04-11-2023,7.7,8,,Resolved,Rahul Das,Chat,5
TKT-01931,CLI-0286,AnalyticsEdge,Data Sync Error,High,2024-02-17,,,8,,In Progress,Priya Patel,Portal,
TKT-01281,CLI-0278,AnalyticsEdge,Login Issue,Low,2024-11-19,2024-11-19,9.9,48,Yes,Resolved,,Portal,
TKT-00423,CLI-0175,DataVault Pro,Server Downtime,Medium,2023-02-27,,,24,No,In Progress,Neha Gupta,Chat,
TKT-00923,CLI-0121,DataVault Pro,Access Permission Issue,Critical,2024-08-09,2024-08-09,3.0,4,Yes,Resolved,Kavya Iyer,Chat,5
TKT-01121,CLI-0044,AnalyticsEdge,Billing Query,High,10/15/2023,,,8,No,In Progress,Nikhil Mehta,Portal,
TKT-01875,CLI-0284,AnalyticsEdge,Performance Lag,High,2024-03-29,2024-03-29,1.3,8,Yes,Resolved,Deepika Mishra,Chat,1
TKT-03699,CLI-0180,SecureNet Suite,API Integration Failure,High,2024-02-25,2024-02-25,7.2,8,Yes,Resolved,Manish Nair,Email,4
TKT-02393,CLI-0293,DevOps Accelerator,Access Permission Issue,Low,01/19/2024,2024-01-20,41.2,48,Yes,Resolved,Priya Nair,Email,
TKT-02089,CLI-0256,DevOps Accelerator,Dashboard Bug,,2023-07-03,2023-07-03,14.1,8,No,Resolved,Rahul Das,Chat,4
TKT-03496,CLI-0275,AnalyticsEdge,Billing Query,Medium,2024-09-21,2024-09-22,40.5,24,No,Resolved,Karan Gupta,Portal,5
TKT-00459,CLI-0288,CloudShift Platform,Server Downtime,Medium,2023-08-30,2023-08-30,5.3,24,Yes,Resolved,Neha Gupta,Portal,4
TKT-02846,CLI-0032,DataVault Pro,Server Downtime,High,2023-05-10,2023-05-10,3.5,8,Yes,Resolved,Nikhil Mehta,Portal,3
TKT-02975,CLI-0217,DataVault Pro,Login Issue,Medium,2023-12-26,2023-12-26,23.4,24,Yes,Resolved,Divya Verma,Portal,4
TKT-01778,CLI-0237,AnalyticsEdge,Billing Query,Low,2024-12-02,,,48,No,Open,Rahul Das,Email,
TKT-03418,CLI-0139,AI Insights Module,Onboarding Support,Low,2024-10-06,2024-10-10,115.2,48,No,Resolved,Kavya Iyer,Phone,3
TKT-01558,CLI-0200,AnalyticsEdge,Server Downtime,Medium,2023-02-10,,,24,No,Escalated,Nikhil Mehta,Phone,
TKT-03099,CLI-0014,CloudShift Platform,Report Inaccuracy,Low,2023-10-02,2023-10-04,59.5,48,No,Resolved,Deepika Mishra,Phone,4
TKT-01255,CLI-0238,AI Insights Module,Data  Sync  Error,High,2023-04-18,2023-04-18,19.3,8,No,Resolved,Nikhil Mehta,Portal,5
TKT-02444,CLI-0057,CloudShift Platform,Performance Lag,Critical,2024-10-11,2024-10-11,7.0,4,No,Resolved,Siddharth Reddy,Phone,3
TKT-03659,CLI-0026,DataVault Pro,Performance Lag,Medium,2023-07-07,2023-07-08,29.9,24,No,Resolved,Divya Verma,Chat,5
TKT-02025,CLI-0209,AnalyticsEdge,api integration failure,Low,2023-10-24,,,48,No,In Progress,Karan Gupta,Portal,
TKT-01239,CLI-0116,SecureNet Suite,Performance Lag,Medium,2023-09-05,2023-09-05,1.8,24,Yes,Resolved,Ananya Joshi,Phone,5
TKT-03281,CLI-0017,DataVault Pro,Feature Request,Critical,2024-07-19,,,4,Yes,Escalated,Neha Gupta,Email,
TKT-02783,CLI-0155,SecureNet Suite,Access Permission Issue,Medium,2024-08-18,,,24,No,Open,Rahul Das,Portal,
TKT-01703,CLI-0186,DataVault Pro,API Integration Failure,High,2024-04-19,2024-04-19,1.1,8,Yes,Resolved,Ananya Joshi,Portal,2
TKT-00094,CLI-0210,CloudShift Platform,Report Inaccuracy,Medium,2024-09-10,,,24,No,Open,Karan Rao,Portal,
TKT-00219,CLI-0138,CloudShift Platform,Login Issue,Medium,2024-04-28,,,24,No,Escalated,Divya Verma,Phone,
TKT-02340,CLI-0122,CloudShift Platform,Billing Query,Medium,2024-05-01,,,24,Yes,Escalated,Neha Gupta,Phone,
TKT-03009,CLI-0192,DataVault Pro,Dashboard Bug,Medium,2024-05-13,,,24,Yes,Open,Kavya Iyer,Phone,
TKT-03677,CLI-0116,DataVault Pro,Feature Request,High,2024-12-02,,,8,No,In Progress,Deepika Mishra,Email,
TKT-00636,CLI-0256,CloudShift Platform,Security Alert,,03/02/2025,,,24,No,Open,Neha Gupta,Chat,
TKT-01077,CLI-0170,CloudShift Platform,API Integration Failure,Critical,2023-04-08,2023-04-08,6.4,4,No,Resolved,Priya Nair,Chat,5
TKT-00162,CLI-0257,CloudShift Platform,Server Downtime,Medium,2024-04-16,,,24,No,Open,Kavya Iyer,Phone,
TKT-02695,CLI-0168,SecureNet Suite,Access Permission Issue,Low,2024-09-16,,,48,No,In Progress,Manish Nair,Portal,
TKT-01697,CLI-0289,AnalyticsEdge,Dashboard Bug,Low,2024-07-05,2024-07-08,87.3,48,No,Resolved,Pooja Gupta,Portal,
TKT-02187,CLI-0073,CloudShift Platform,Access Permission Issue,Critical,2023-05-20,,,4,No,Open,Siddharth Reddy,Chat,
TKT-00848,CLI-0223,AI Insights Module,Report Inaccuracy,Low,01/22/2025,2025-01-26,112.6,48,No,Resolved,Karan Rao,Phone,4
TKT-02948,CLI-0153,AnalyticsEdge,Performance  Lag,Critical,2024-11-09,2024-11-09,8.1,4,No,Resolved,Rahul Das,Portal,5
TKT-02225,CLI-0042,AI Insights Module,Data Sync Error,High,2023-02-16,,,8,No,Escalated,Karan Rao,Portal,
TKT-03383,CLI-0242,DevOps Accelerator,Login Issue,High,2023-07-13,2023-07-13,14.6,8,No,Resolved,Rahul Das,Chat,4
TKT-02545,CLI-0194,AnalyticsEdge,Data Sync Error,Low,2024-06-09,2024-06-12,72.9,48,No,Resolved,Nikhil Mehta,Phone,5
TKT-03162,CLI-0150,AI Insights Module,API Integration Failure,Low,2023-05-16,2023-05-18,61.5,48,No,Resolved,Arjun Mishra,Email,5
TKT-00420,CLI-0112,AnalyticsEdge,Server Downtime,High,2023-12-26,2023-12-26,18.9,8,No,Resolved,Priya Nair,Portal,4
TKT-01849,CLI-0218,DevOps Accelerator,Feature Request,Medium,08/02/2023,,,24,No,Open,Karan Rao,Portal,
TKT-00091,CLI-0087,AI Insights Module,server downtime,Low,2025-03-03,2025-03-03,2.6,48,Yes,Resolved,Pooja Gupta,Phone,3
TKT-02784,CLI-0041,AI Insights Module,Dashboard Bug,Medium,2024-07-13,2024-07-14,29.4,24,No,Resolved,Priya Nair,Chat,4
TKT-00753,CLI-0084,DevOps Accelerator,Server Downtime,Critical,2023-04-18,2023-04-18,7.8,4,No,Resolved,Nikhil Reddy,Portal,
TKT-02496,CLI-0217,CloudShift Platform,Access Permission Issue,Low,2023-09-28,29-09-2023,46.0,48,Yes,Resolved,Neha Gupta,Phone,1
TKT-00287,CLI-0118,DataVault Pro,Feature Request,Low,2024-12-07,,,48,No,Open,Manish Nair,Email,
TKT-03194,CLI-0263,AnalyticsEdge,Feature Request,High,2024-11-17,,,8,Yes,Open,Nikhil Reddy,Phone,
TKT-02949,CLI-0200,DataVault Pro,Data Sync Error,Medium,2025-03-29,,,24,Yes,In Progress,Divya Reddy,Phone,
TKT-00060,CLI-0047,AI Insights Module,Dashboard Bug,Medium,2024-06-07,,,24,Yes,In Progress,Nikhil Reddy,Portal,
TKT-03779,CLI-0163,DevOps Accelerator,Performance Lag,Low,2024-06-15,2024-06-17,55.4,48,No,Resolved,Divya Reddy,Phone,
TKT-02074,CLI-0122,AI Insights Module,Login Issue,Medium,2024-05-19,,,24,No,In Progress,Nikhil Reddy,Phone,
TKT-02236,CLI-0227,DevOps Accelerator,Login Issue,Low,2024-09-10,2024-09-11,30.3,48,Yes,Resolved,,Email,4
TKT-01886,CLI-0121,CloudShift Platform,Access Permission Issue,Low,2024-06-19,2024-06-23,110.4,48,No,Resolved,Pooja Gupta,Phone,4
TKT-00365,CLI-0118,DevOps Accelerator,Dashboard Bug,High,2024-01-17,,,8,Yes,Escalated,Nikhil Reddy,Phone,
TKT-03149,CLI-0140,DevOps Accelerator,feature request,High,2024-11-11,,,8,No,Escalated,Siddharth Reddy,Email,
TKT-03288,CLI-0167,AnalyticsEdge,Performance Lag,High,2023-04-01,,,8,No,Escalated,Rahul Das,Chat,
TKT-00963,CLI-0076,DataVault Pro,Report Inaccuracy,Medium,2023-12-08,2023-12-09,32.8,24,No,Resolved,Rahul Das,Portal,
TKT-01117,CLI-0296,AnalyticsEdge,data sync error,Low,2024-11-22,2024-11-23,25.4,48,Yes,Resolved,Rahul Das,Phone,4
TKT-01807,CLI-0185,DataVault Pro,Login Issue,High,06/30/2023,2023-06-30,8.7,8,No,Resolved,Karan Rao,Phone,3
TKT-03834,CLI-0090,AnalyticsEdge,Dashboard Bug,High,2024-10-19,2024-10-19,10.2,8,No,Resolved,Karan Gupta,Portal,3
TKT-00080,CLI-0221,DataVault Pro,Report Inaccuracy,High,2025-01-03,2025-01-03,17.1,8,No,Resolved,Karan Gupta,Phone,
TKT-01097,CLI-0185,AI Insights Module,Report Inaccuracy,Low,2024-03-16,,,48,No,In Progress,Divya Reddy,Portal,
TKT-01406,CLI-0165,AI Insights Module,Feature Request,Low,2024-01-07,2024-01-08,46.0,48,Yes,Resolved,Priya Nair,Phone,4
TKT-03588,CLI-0072,DevOps Accelerator,access permission issue,Low,2023-06-01,2023-06-04,79.4,48,No,Resolved,Siddharth Reddy,Email,1
TKT-00883,CLI-0233,DevOps Accelerator,Feature Request,Medium,2024-06-21,2024-06-21,1.0,24,Yes,Resolved,Pooja Gupta,Email,
TKT-01150,CLI-0173,SecureNet Suite,Server Downtime,High,2023-09-28,2023-09-28,7.8,8,Yes,Resolved,Rahul Das,Email,4
TKT-02114,CLI-0247,DevOps Accelerator,Server Downtime,Critical,2025-02-11,2025-02-11,1.6,4,Yes,Resolved,Pooja Gupta,Phone,3
TKT-00895,CLI-0114,SecureNet Suite,Feature Request,Low,2023-04-03,,,48,Yes,Open,Arjun Mishra,Phone,
TKT-00130,CLI-0107,AI Insights Module,Dashboard Bug,Medium,2024-04-06,2024-04-08,52.1,24,No,Resolved,Priya Patel,Phone,3
TKT-00548,CLI-0256,AnalyticsEdge,Report Inaccuracy,High,10/25/2023,,,8,No,In Progress,Priya Patel,Portal,
TKT-00784,CLI-0166,SecureNet Suite,Report Inaccuracy,Medium,2023-02-10,2023-02-11,28.3,24,No,Resolved,Neha Gupta,Email,4
TKT-00011,CLI-0101,DevOps Accelerator,Feature Request,Critical,2024-04-04,,,4,No,Open,Rahul Das,Portal,
TKT-03964,CLI-0176,CloudShift Platform,Report Inaccuracy,Low,10/29/2024,2024-10-29,21.5,48,Yes,Resolved,Divya Verma,Portal,3
TKT-01520,CLI-0272,DataVault Pro,server downtime,Medium,2024-06-13,2024-06-14,38.3,24,No,Resolved,Siddharth Reddy,Email,
TKT-00558,CLI-0120,AI Insights Module,Report Inaccuracy,Medium,2023-11-17,2023-11-18,42.8,24,No,Resolved,Priya Nair,Chat,4
TKT-01784,CLI-0075,CloudShift Platform,Report Inaccuracy,Medium,07/02/2024,2024-07-03,27.2,24,No,Resolved,Neha Gupta,Portal,3
TKT-01220,CLI-0293,CloudShift Platform,Performance Lag,High,2024-12-09,2024-12-09,19.6,8,No,Resolved,Divya Verma,Email,4
TKT-03252,CLI-0197,AnalyticsEdge,Performance Lag,Medium,2023-02-05,,,24,No,Open,Pooja Iyer,Phone,
TKT-03898,CLI-0026,AI Insights Module,Security Alert,Critical,2025-02-15,,,4,No,Escalated,Karan Rao,Phone,
TKT-02366,CLI-0209,AI Insights Module,Security Alert,High,2024-02-19,2024-02-19,15.8,8,No,Resolved,Karan Rao,Portal,4
TKT-03160,CLI-0199,AI Insights Module,API Integration Failure,High,2025-01-07,,,8,Yes,Escalated,Deepika Mishra,Chat,
TKT-03150,CLI-0082,SecureNet Suite,Feature Request,Medium,2024-12-13,,,24,No,In Progress,Nikhil Reddy,Portal,
TKT-00234,CLI-0142,AnalyticsEdge,Feature Request,Medium,2024-08-03,2024-08-03,6.3,24,Yes,Resolved,Priya Nair,Portal,2
TKT-03026,CLI-0128,CloudShift Platform,Onboarding Support,High,2023-06-18,,,8,No,Escalated,Pooja Gupta,Email,
TKT-01463,CLI-0017,DataVault Pro,Data Sync Error,Critical,2023-02-28,,,4,No,In Progress,Rahul Das,Phone,
TKT-00866,CLI-0141,DevOps Accelerator,Access Permission Issue,Low,2024-04-14,2024-04-15,43.1,48,Yes,Resolved,Nikhil Mehta,Phone,3
TKT-03608,CLI-0116,CloudShift Platform,Onboarding Support,Medium,2023-07-18,2023-07-19,27.9,24,No,Resolved,Arjun Mishra,Portal,3
TKT-01605,CLI-0102,AnalyticsEdge,Dashboard Bug,Medium,2025-03-27,,,24,No,Open,Pooja Iyer,Phone,
TKT-00468,CLI-0074,CloudShift Platform,Security Alert,Critical,2024-07-22,,,4,Yes,Open,Nikhil Reddy,Email,
TKT-01283,CLI-0102,CloudShift Platform,Performance Lag,Medium,2024-11-06,,,24,No,Open,Rahul Das,Email,
TKT-02563,CLI-0023,DevOps Accelerator,Feature Request,High,2023-10-02,,,8,No,In Progress,Divya Verma,Phone,
TKT-02964,CLI-0163,DevOps Accelerator,server downtime,Medium,2023-01-14,2023-01-14,13.9,24,Yes,Resolved,Nikhil Reddy,Phone,2
TKT-01955,CLI-0282,DevOps Accelerator,access permission issue,Medium,2023-08-23,24-08-2023,34.4,24,No,Resolved,Pooja Gupta,Portal,3
TKT-03859,CLI-0118,AnalyticsEdge,Report Inaccuracy,High,2024-08-04,,,8,No,In Progress,Priya Nair,Email,
TKT-02544,CLI-0097,DataVault Pro,Report Inaccuracy,Critical,2023-08-29,2023-08-29,6.5,4,No,Resolved,Pooja Iyer,Chat,4
TKT-02756,CLI-0115,SecureNet Suite,Server Downtime,Low,2024-08-31,2024-09-03,81.9,48,No,Resolved,Priya Patel,Email,5
TKT-01242,CLI-0299,AnalyticsEdge,Security Alert,Medium,2024-12-05,,,24,No,Open,Ananya Joshi,Portal,
TKT-01503,CLI-0066,SecureNet Suite,Performance Lag,Low,2023-05-21,2023-05-22,43.0,48,Yes,Resolved,Pooja Gupta,Phone,5
TKT-03455,CLI-0211,DevOps Accelerator,Security Alert,Medium,2023-10-05,2023-10-05,5.1,24,Yes,Resolved,Neha Gupta,Email,3
TKT-01905,CLI-0299,CloudShift Platform,Report Inaccuracy,Low,2024-01-01,03-01-2024,70.9,48,No,Resolved,Kavya Iyer,Phone,
TKT-00604,CLI-0122,SecureNet Suite,Server Downtime,Low,2024-09-10,12-09-2024,61.2,48,No,Resolved,Priya Patel,Chat,3
TKT-00826,CLI-0254,SecureNet Suite,Server Downtime,Low,2023-03-24,,,48,Yes,Open,Karan Rao,Phone,
TKT-01645,CLI-0298,SecureNet Suite,Security Alert,Medium,2023-06-30,,,24,,Escalated,Divya Reddy,Phone,
TKT-00496,CLI-0250,SecureNet Suite,Feature Request,Medium,2025-02-25,2025-02-26,47.8,24,No,Resolved,Manish Nair,Phone,4
TKT-02965,CLI-0296,SecureNet Suite,Server Downtime,Low,2023-12-10,2023-12-11,26.7,48,Yes,Resolved,Rahul Das,Phone,4
TKT-03888,CLI-0018,DevOps Accelerator,Billing Query,Medium,2023-09-27,2023-09-28,25.6,24,No,Resolved,Ananya Joshi,Email,2
TKT-01504,CLI-0255,DataVault Pro,Access Permission Issue,Medium,2023-04-13,2023-04-13,16.9,24,Yes,Resolved,Siddharth Reddy,Phone,4
TKT-02869,CLI-0130,SecureNet Suite,Login Issue,Medium,2024-11-28,2024-11-30,52.8,24,No,Resolved,Deepika Mishra,Chat,4
TKT-03092,CLI-0203,CloudShift Platform,Onboarding Support,Critical,2024-05-29,,,4,No,Open,Karan Gupta,Email,
TKT-02060,CLI-0159,AI Insights Module,onboarding support,High,2023-05-04,2023-05-04,12.8,8,No,Resolved,Divya Verma,Email,4
TKT-01746,CLI-0176,AI Insights Module,Feature Request,Low,2023-05-15,2023-05-16,37.8,48,Yes,Resolved,Pooja Iyer,Phone,5
TKT-00328,CLI-0106,DevOps Accelerator,API Integration Failure,Medium,2023-02-25,,,24,Yes,In Progress,Divya Verma,Phone,
TKT-00827,CLI-0123,AI Insights Module,Security Alert,Medium,08/05/2024,2024-08-06,44.0,24,No,Resolved,Neha Gupta,Email,3
TKT-00796,CLI-0271,SecureNet Suite,Access Permission Issue,High,2023-11-21,,,8,No,In Progress,Nikhil Reddy,Phone,
TKT-03061,CLI-0274,AnalyticsEdge,Onboarding Support,Medium,2024-08-26,,,24,No,Escalated,Nikhil Mehta,Phone,
TKT-03499,CLI-0028,SecureNet Suite,report inaccuracy,High,2023-12-03,2023-12-03,17.6,8,No,Resolved,Karan Rao,Chat,2
TKT-00902,CLI-0267,DataVault Pro,Onboarding Support,Medium,2023-01-29,,,24,Yes,In Progress,Siddharth Reddy,Chat,
TKT-02752,CLI-0168,DataVault Pro,Security Alert,High,2024-07-25,,,8,Yes,Open,Pooja Gupta,Phone,
TKT-02984,CLI-0089,AnalyticsEdge,Onboarding Support,Low,2024-07-19,2024-07-22,86.6,48,No,Resolved,Rahul Das,Phone,
TKT-01975,CLI-0260,AI Insights Module,Dashboard Bug,Critical,2024-11-05,2024-11-05,2.3,4,Yes,Resolved,Arjun Mishra,Email,2
TKT-00455,CLI-0197,CloudShift Platform,Report Inaccuracy,Low,2024-10-18,2024-10-20,69.4,48,No,Resolved,Manish Nair,Email,5
TKT-00465,CLI-0163,AI Insights Module,Login Issue,Medium,2023-07-31,2023-08-01,28.5,24,No,Resolved,Priya Patel,Portal,4
TKT-01655,CLI-0298,SecureNet Suite,Billing Query,Medium,2024-01-12,2024-01-14,55.4,24,No,Resolved,Karan Gupta,Chat,2
TKT-00603,CLI-0283,SecureNet Suite,Server Downtime,Medium,2024-05-08,2024-05-10,55.0,24,No,Resolved,Priya Nair,Phone,5
TKT-01764,CLI-0174,SecureNet Suite,API Integration Failure,Critical,2023-08-11,,,4,No,In Progress,Priya Patel,Phone,
TKT-02631,CLI-0106,SecureNet Suite,Billing Query,Medium,2023-12-19,,,24,Yes,Escalated,Nikhil Reddy,Portal,
TKT-00269,CLI-0058,DevOps Accelerator,Data Sync Error,Critical,2024-01-07,,,4,Yes,Escalated,Pooja Iyer,Portal,
TKT-02714,CLI-0156,DevOps Accelerator,Access Permission Issue,Medium,2023-07-26,2023-07-26,6.5,24,Yes,Resolved,Nikhil Reddy,Phone,5
TKT-00341,CLI-0001,CloudShift Platform,Onboarding Support,Critical,2024-07-15,,,4,Yes,Open,Karan Rao,Email,
TKT-03782,CLI-0299,AI Insights Module,API Integration Failure,High,2024-03-07,2024-03-07,5.0,8,Yes,Resolved,Neha Gupta,Phone,5
TKT-02138,CLI-0284,AI Insights Module,Feature Request,Medium,11/15/2023,,,24,No,In Progress,Nikhil Reddy,Phone,
TKT-00535,CLI-0098,DevOps Accelerator,Login Issue,High,2025-03-04,,,8,No,Open,Pooja Gupta,Portal,
TKT-03701,CLI-0155,DevOps Accelerator,Access Permission Issue,Low,2024-10-07,2024-10-09,67.8,48,No,Resolved,Divya Reddy,Email,4
TKT-01880,CLI-0259,AnalyticsEdge,Server Downtime,Low,2023-08-18,2023-08-18,16.7,48,Yes,Resolved,Rahul Das,Chat,4
TKT-00231,CLI-0235,DataVault Pro,Feature Request,High,2023-01-04,2023-01-04,17.1,8,No,Resolved,Karan Gupta,Chat,3
TKT-00469,CLI-0211,AI Insights Module,Billing Query,High,2024-04-15,2024-04-15,13.3,8,No,Resolved,Rahul Das,Phone,4
TKT-01123,CLI-0064,DataVault Pro,Billing Query,Low,2025-01-01,2025-01-01,11.6,48,Yes,Resolved,Neha Gupta,Phone,4
TKT-02285,CLI-0115,CloudShift Platform,Billing Query,Medium,2024-02-19,,,24,No,In Progress,Ananya Joshi,Chat,
TKT-01478,CLI-0041,DevOps Accelerator,Billing Query,Low,2024-01-20,2024-01-24,108.2,48,No,Resolved,Neha Gupta,Portal,4
TKT-01717,CLI-0176,CloudShift Platform,Feature Request,High,2024-02-13,2024-02-13,17.4,8,No,Resolved,,Phone,3
TKT-00790,CLI-0297,DevOps Accelerator,Dashboard Bug,Low,2024-04-27,,,48,No,Escalated,Ananya Joshi,Phone,
TKT-00065,CLI-0215,AI Insights Module,Security Alert,High,2023-12-05,,,8,No,In Progress,Nikhil Mehta,Portal,
TKT-03766,CLI-0026,CloudShift Platform,data sync error,Low,2023-12-27,2023-12-27,9.1,48,Yes,Resolved,Karan Gupta,Email,
TKT-02412,CLI-0063,SecureNet Suite,Login Issue,Medium,2023-12-01,,,24,No,Escalated,Manish Nair,Email,
TKT-00400,CLI-0007,AI Insights Module,Billing Query,High,2023-09-15,2023-09-15,13.2,8,No,Resolved,Ananya Joshi,Chat,3
TKT-03319,CLI-0198,CloudShift Platform,Onboarding Support,Low,2023-10-23,2023-10-26,77.7,48,No,Resolved,Kavya Iyer,Portal,5
TKT-03164,CLI-0242,DevOps Accelerator,API Integration Failure,Medium,2023-07-16,2023-07-16,6.8,24,Yes,Resolved,Siddharth Reddy,Chat,
TKT-03886,CLI-0165,DataVault Pro,Security Alert,High,2024-06-18,,,8,No,In Progress,Pooja Iyer,Chat,
TKT-01511,CLI-0230,CloudShift Platform,Report Inaccuracy,Low,2023-05-15,,,48,No,In Progress,Siddharth Reddy,Phone,
TKT-00824,CLI-0025,DevOps Accelerator,Billing Query,High,2023-10-14,,,8,No,Open,Priya Nair,Phone,
TKT-01519,CLI-0278,SecureNet Suite,Data Sync Error,High,2025-02-27,,,8,No,In Progress,Pooja Iyer,Email,
TKT-03899,CLI-0198,DevOps Accelerator,API Integration Failure,Medium,2024-10-29,2024-10-31,58.4,24,No,Resolved,Pooja Patel,Chat,5
TKT-02401,CLI-0237,SecureNet Suite,Performance Lag,Medium,2024-05-16,,,24,Yes,In Progress,Siddharth Reddy,Portal,
TKT-03568,CLI-0012,AI Insights Module,Login Issue,Low,2024-09-08,,,48,No,Open,Karan Rao,Email,
TKT-03390,CLI-0033,AI Insights Module,Data Sync Error,Low,2025-02-05,2025-02-08,94.7,48,No,Resolved,Nikhil Reddy,Phone,3
TKT-02440,CLI-0270,AI Insights Module,Feature Request,Low,2024-05-28,,,48,No,Escalated,Nikhil Reddy,Portal,
TKT-03041,CLI-0032,DataVault Pro,Report Inaccuracy,Low,2024-09-01,2024-09-05,96.4,48,No,Resolved,Pooja Gupta,Email,5
TKT-00987,CLI-0045,AI Insights Module,Access Permission Issue,Low,2024-11-05,,,48,No,In Progress,Kavya Iyer,Email,
TKT-00831,CLI-0135,AI Insights Module,Access Permission Issue,Low,2024-04-21,,,48,No,In Progress,Neha Gupta,Portal,
TKT-02587,CLI-0190,AnalyticsEdge,Billing Query,Low,2024-04-06,2024-04-08,60.9,48,No,Resolved,Rahul Das,Chat,5
TKT-00762,CLI-0275,AnalyticsEdge,Billing Query,Medium,2024-02-24,2024-02-25,41.8,24,No,Resolved,Rahul Das,Email,4
TKT-02384,CLI-0154,DevOps Accelerator,Data Sync Error,High,2023-06-19,,,8,No,Open,Manish Nair,Chat,
TKT-02032,CLI-0266,DataVault Pro,Report Inaccuracy,Low,2023-03-02,2023-03-06,104.5,48,No,Resolved,Deepika Mishra,Chat,
TKT-00458,CLI-0232,DataVault Pro,Onboarding Support,High,2024-10-19,2024-10-19,12.4,8,No,Resolved,Neha Gupta,Email,4
TKT-01855,CLI-0029,AnalyticsEdge,Billing Query,Medium,2023-05-31,,,24,Yes,Escalated,Ananya Joshi,Phone,
TKT-00421,CLI-0003,SecureNet Suite,Onboarding Support,Low,2023-02-02,,,48,Yes,Escalated,Ananya Joshi,Email,
TKT-03176,CLI-0114,CloudShift Platform,Feature Request,High,2023-07-26,2023-07-26,1.1,8,Yes,Resolved,Pooja Patel,Email,4
TKT-01142,CLI-0013,SecureNet Suite,Access Permission Issue,High,2023-05-21,2023-05-21,11.9,8,No,Resolved,Neha Gupta,Chat,4
TKT-00291,CLI-0135,AnalyticsEdge,Feature Request,Medium,2024-12-12,2024-12-13,40.0,24,No,Resolved,Pooja Iyer,Chat,5
TKT-03306,CLI-0195,SecureNet Suite,Dashboard Bug,Critical,2024-03-16,,,4,No,In Progress,Pooja Iyer,Email,
TKT-01254,CLI-0282,SecureNet Suite,Report Inaccuracy,Low,2024-06-02,2024-06-05,80.6,48,No,Resolved,Karan Rao,Email,4
TKT-00682,CLI-0130,DataVault Pro,Security Alert,High,2023-05-14,2023-05-14,12.2,8,No,Resolved,Pooja Iyer,Phone,3
TKT-02960,CLI-0147,SecureNet Suite,Login Issue,High,2024-07-25,2024-07-25,15.5,8,No,Resolved,Karan Gupta,Phone,3
TKT-03320,CLI-0189,AI Insights Module,API Integration Failure,Critical,2024-11-11,2024-11-11,10.0,4,No,Resolved,Pooja Gupta,Portal,3
TKT-01012,CLI-0187,SecureNet Suite,billing query,High,2023-02-27,,,8,Yes,Open,Karan Gupta,Phone,
TKT-00667,CLI-0213,AnalyticsEdge,Report Inaccuracy,Medium,2023-06-17,2023-06-18,33.8,24,No,Resolved,Ananya Joshi,Portal,2
TKT-03011,CLI-0217,SecureNet Suite,Server Downtime,Medium,2024-09-26,,,24,Yes,Escalated,Pooja Patel,Portal,
TKT-00393,CLI-0273,AI Insights Module,Dashboard Bug,High,2023-06-23,23-06-2023,10.1,8,No,Resolved,Priya Nair,Portal,
TKT-00267,CLI-0113,DevOps Accelerator,Security Alert,Medium,2023-02-12,2023-02-13,24.1,24,No,Resolved,Siddharth Reddy,Chat,
TKT-00625,CLI-0056,SecureNet Suite,Dashboard Bug,Low,2024-04-13,,,48,No,Open,Manish Nair,Chat,
TKT-00789,CLI-0049,DevOps Accelerator,Data Sync Error,Medium,2024-08-01,2024-08-01,6.1,24,,Resolved,Rahul Das,Email,1
TKT-00633,CLI-0274,AI Insights Module,Performance Lag,Low,2023-07-16,,,48,No,In Progress,Pooja Gupta,Portal,
TKT-03428,CLI-0058,CloudShift Platform,Data Sync Error,Medium,2024-08-04,2024-08-06,56.5,24,No,Resolved,Nikhil Reddy,Phone,
TKT-02633,CLI-0286,DataVault Pro,Dashboard Bug,High,2024-11-18,2024-11-18,10.2,8,No,Resolved,Karan Rao,Portal,5
TKT-01609,CLI-0197,SecureNet Suite,Billing Query,High,2024-12-06,2024-12-06,15.0,8,No,Resolved,Karan Gupta,Chat,4
TKT-00066,CLI-0188,DevOps Accelerator,Onboarding Support,Low,2024-07-13,,,48,No,In Progress,Rahul Das,Chat,
TKT-00039,CLI-0261,CloudShift Platform,Dashboard Bug,Medium,2023-06-18,,,24,Yes,Open,Divya Verma,Chat,
TKT-02570,CLI-0272,DataVault Pro,API Integration Failure,Critical,2025-03-12,2025-03-12,5.6,4,No,Resolved,Rahul Das,Email,5
TKT-00501,CLI-0054,AnalyticsEdge,API Integration Failure,Medium,2023-08-29,,,24,No,Open,Priya Nair,Portal,
TKT-00911,CLI-0180,DataVault Pro,API Integration Failure,High,05/21/2024,2024-05-21,19.7,8,No,Resolved,Manish Nair,Chat,3
TKT-03520,CLI-0282,AnalyticsEdge,Data Sync Error,Low,2025-02-18,2025-02-18,16.0,48,Yes,Resolved,Priya Nair,Email,3
TKT-00554,CLI-0189,SecureNet Suite,Feature Request,Low,2024-02-28,2024-03-03,112.2,48,No,Resolved,Priya Nair,Chat,3
TKT-00785,CLI-0064,DevOps Accelerator,Data Sync Error,High,2024-04-15,,,8,Yes,Open,Nikhil Reddy,Portal,
TKT-00928,CLI-0063,SecureNet Suite,Performance Lag,High,2023-09-07,2023-09-07,1.5,8,Yes,Resolved,Deepika Mishra,Phone,3
TKT-01055,CLI-0200,AnalyticsEdge,Login Issue,Medium,2025-01-09,2025-01-10,30.4,24,No,Resolved,Nikhil Mehta,Phone,3
TKT-02377,CLI-0229,SecureNet Suite,Server Downtime,Critical,2023-09-15,2023-09-15,2.8,4,Yes,Resolved,Ananya Joshi,Phone,1
TKT-03873,CLI-0160,DataVault Pro,Security Alert,Low,2023-05-15,,,48,Yes,In Progress,Priya Patel,Email,
TKT-01928,CLI-0151,CloudShift Platform,Data Sync Error,High,2024-04-22,2024-04-22,19.3,8,No,Resolved,Priya Patel,Chat,
TKT-01700,CLI-0129,SecureNet Suite,Access Permission Issue,Critical,2024-01-21,,,4,Yes,In Progress,Pooja Iyer,Portal,
TKT-00044,CLI-0229,AnalyticsEdge,Security Alert,Medium,2025-02-23,2025-02-24,33.0,24,No,Resolved,Karan Gupta,Portal,3
TKT-00434,CLI-0290,DataVault Pro,Report Inaccuracy,Low,2023-05-05,,,48,No,Open,Karan Rao,Portal,
TKT-01276,CLI-0097,AnalyticsEdge,Onboarding Support,Medium,2023-03-03,04-03-2023,47.7,24,No,Resolved,Ananya Joshi,Phone,3
TKT-00451,CLI-0236,SecureNet Suite,Server Downtime,High,2023-02-20,,,8,No,Escalated,Neha Gupta,Phone,
TKT-03522,CLI-0206,AI Insights Module,Performance Lag,High,06/18/2023,2023-06-18,19.6,8,No,Resolved,Siddharth Reddy,Phone,4
TKT-01165,CLI-0025,AI Insights Module,Data Sync Error,Medium,2024-07-16,,,24,No,In Progress,Priya Nair,Phone,
TKT-03299,CLI-0262,AnalyticsEdge,Login Issue,High,2024-02-08,2024-02-08,10.3,8,No,Resolved,Divya Reddy,Portal,2
TKT-01453,CLI-0193,AI Insights Module,Onboarding Support,Medium,2023-07-19,2023-07-20,37.1,24,No,Resolved,Rahul Das,Phone,1
TKT-03493,CLI-0159,DevOps Accelerator,Server Downtime,High,2023-10-07,2023-10-07,3.9,8,,Resolved,,Phone,3
TKT-00090,CLI-0230,AI Insights Module,Dashboard Bug,High,2025-01-04,2025-01-04,12.0,8,No,Resolved,Nikhil Mehta,Phone,4
TKT-03218,CLI-0043,AnalyticsEdge,Access Permission Issue,,2023-12-15,,,24,No,Escalated,Divya Verma,Email,
TKT-00197,CLI-0223,SecureNet Suite,api  integration  failure,Low,2023-07-07,,,48,No,Open,Rahul Das,Phone,
TKT-03921,CLI-0202,AI Insights Module,Access Permission Issue,Low,2023-05-30,2023-05-31,28.0,48,Yes,Resolved,Pooja Patel,Portal,4
TKT-00019,CLI-0013,AnalyticsEdge,Billing Query,Medium,2024-11-01,2024-11-01,5.3,24,Yes,Resolved,Deepika Mishra,Email,4
TKT-01168,CLI-0227,DataVault Pro,Billing Query,High,2024-10-28,,,8,No,Open,Manish Nair,Email,
TKT-03998,CLI-0163,CloudShift Platform,Onboarding Support,High,2023-02-05,,,8,No,In Progress,Divya Reddy,Chat,
TKT-02488,CLI-0282,AnalyticsEdge,Access Permission Issue,High,2024-02-23,2024-02-23,7.2,8,Yes,Resolved,Deepika Mishra,Phone,5
TKT-02694,CLI-0222,AI Insights Module,Onboarding Support,Low,2024-01-03,,,48,Yes,In Progress,Rahul Das,Email,
TKT-03720,CLI-0056,AI Insights Module,Billing Query,Critical,2024-10-31,2024-10-31,6.9,4,No,Resolved,Rahul Das,Phone,4
TKT-01904,CLI-0189,AnalyticsEdge,Onboarding Support,High,2023-12-06,2023-12-06,7.5,8,Yes,Resolved,Neha Gupta,Chat,3
TKT-03236,CLI-0068,AI Insights Module,Login Issue,Critical,2024-10-13,,,4,Yes,Escalated,Divya Reddy,Email,
TKT-00047,CLI-0182,DevOps Accelerator,Security  Alert,Low,2023-09-02,2023-09-04,54.1,48,No,Resolved,Pooja Gupta,Email,3
TKT-01166,CLI-0069,AnalyticsEdge,Report Inaccuracy,Medium,2024-02-22,,,24,Yes,Escalated,Divya Verma,Chat,
TKT-03036,CLI-0237,CloudShift Platform,API Integration Failure,Critical,2024-12-15,,,4,,Open,Rahul Das,Email,
TKT-01921,CLI-0224,AI Insights Module,API  Integration  Failure,High,2024-04-17,2024-04-17,8.3,8,No,Resolved,Siddharth Reddy,Portal,4
TKT-01521,CLI-0282,SecureNet Suite,Report Inaccuracy,Medium,2024-07-05,,,24,No,In Progress,Nikhil Mehta,Email,
TKT-01670,CLI-0069,AI Insights Module,Server Downtime,High,2024-02-05,2024-02-05,17.2,8,No,Resolved,Manish Nair,Phone,5
TKT-02770,CLI-0015,DevOps Accelerator,Data Sync Error,Medium,2024-11-04,2024-11-06,50.0,24,,Resolved,Manish Nair,Portal,3
TKT-01702,CLI-0180,DevOps Accelerator,Server Downtime,Low,2023-02-23,2023-02-23,10.4,48,Yes,Resolved,Siddharth Reddy,Portal,3
TKT-00670,CLI-0221,SecureNet Suite,Onboarding Support,High,2023-04-01,,,8,Yes,In Progress,Nikhil Mehta,Email,
TKT-01671,CLI-0058,AI Insights Module,Performance Lag,Critical,2024-08-04,2024-08-04,4.4,4,No,Resolved,Rahul Das,Chat,5
TKT-02991,CLI-0283,AI Insights Module,Onboarding  Support,Critical,2023-09-03,,,4,Yes,In Progress,Priya Patel,Phone,
TKT-01329,CLI-0055,SecureNet Suite,Report Inaccuracy,High,2025-03-19,,,8,No,Escalated,Rahul Das,Email,
TKT-01027,CLI-0002,AnalyticsEdge,Dashboard Bug,Critical,2023-08-17,2023-08-17,4.6,4,No,Resolved,Pooja Patel,Phone,4
TKT-00958,CLI-0137,DataVault Pro,Performance Lag,High,2024-03-05,,,8,Yes,Escalated,Kavya Iyer,Phone,
TKT-03813,CLI-0256,AnalyticsEdge,Onboarding Support,Critical,2024-09-17,2024-09-17,2.5,4,Yes,Resolved,Pooja Gupta,Chat,5
TKT-03274,CLI-0132,DataVault Pro,Report Inaccuracy,Low,2024-10-23,24-10-2024,30.6,48,Yes,Resolved,Manish Nair,Phone,5
TKT-01233,CLI-0127,DataVault Pro,API Integration Failure,Medium,2024-03-25,2024-03-26,37.8,24,No,Resolved,Nikhil Reddy,Chat,1
TKT-03312,CLI-0271,DevOps Accelerator,Security Alert,Medium,2024-10-17,,,24,No,In Progress,Deepika Mishra,Email,
TKT-01177,CLI-0025,AI Insights Module,Report Inaccuracy,Low,2023-05-28,,,48,Yes,Escalated,Rahul Das,Email,
TKT-02762,CLI-0018,SecureNet Suite,Billing Query,Medium,2025-03-18,2025-03-18,19.0,24,Yes,Resolved,Priya Nair,Chat,3
TKT-00730,CLI-0003,CloudShift Platform,Feature Request,Low,2023-07-07,2023-07-10,88.7,48,No,Resolved,Nikhil Reddy,Portal,3
TKT-03045,CLI-0034,AI Insights Module,Billing Query,High,2023-02-24,2023-02-24,12.9,8,No,Resolved,Neha Gupta,Phone,3
TKT-03951,CLI-0094,AI Insights Module,Login Issue,Medium,2025-03-15,,,24,Yes,In Progress,Rahul Das,Portal,
TKT-03947,CLI-0135,CloudShift Platform,Dashboard Bug,Low,2024-12-27,2024-12-31,114.1,48,No,Resolved,Rahul Das,Chat,3
TKT-00891,CLI-0087,SecureNet Suite,Data Sync Error,High,2023-08-30,,,8,Yes,Open,Nikhil Reddy,Phone,
TKT-03784,CLI-0151,AI Insights Module,Access Permission Issue,,2023-01-24,2023-01-24,5.1,8,Yes,Resolved,Rahul Das,Portal,
TKT-01433,CLI-0155,DevOps Accelerator,Feature Request,Critical,01/07/2024,2024-01-07,8.8,4,No,Resolved,Karan Gupta,Phone,4
TKT-02682,CLI-0021,AI Insights Module,Data Sync Error,High,2023-11-12,,,8,No,In Progress,Pooja Iyer,Email,
TKT-02034,CLI-0143,DevOps Accelerator,Data Sync Error,Medium,2024-03-29,,,24,No,In Progress,Karan Rao,Portal,
TKT-01981,CLI-0075,AI Insights Module,Server Downtime,Medium,2024-03-09,2024-03-09,9.6,24,Yes,Resolved,Nikhil Reddy,Chat,3
TKT-01366,CLI-0190,SecureNet Suite,Server Downtime,Critical,2024-03-29,,,4,Yes,Escalated,Deepika Mishra,Portal,
TKT-00588,CLI-0265,SecureNet Suite,Report Inaccuracy,Medium,2023-08-11,11-08-2023,1.1,24,Yes,Resolved,Pooja Gupta,Email,5
TKT-03626,CLI-0021,DevOps Accelerator,Server Downtime,High,2025-01-27,2025-01-27,4.0,8,Yes,Resolved,Priya Nair,Portal,3
TKT-03294,CLI-0265,AI Insights Module,Onboarding Support,Low,2023-12-16,2023-12-18,55.7,48,No,Resolved,Manish Nair,Chat,3
TKT-03590,CLI-0263,AnalyticsEdge,Dashboard Bug,Low,2025-03-18,2025-03-21,88.2,48,No,Resolved,Nikhil Mehta,Email,4
TKT-01267,CLI-0155,CloudShift Platform,Security Alert,,2025-03-30,2025-03-30,5.5,4,No,Resolved,Pooja Patel,Phone,3
TKT-00277,CLI-0220,AnalyticsEdge,API Integration Failure,Medium,2023-06-22,2023-06-22,14.6,24,Yes,Resolved,Neha Gupta,Email,3
TKT-02320,CLI-0156,DevOps Accelerator,Feature Request,Critical,2024-05-26,2024-05-26,8.3,4,No,Resolved,Rahul Das,Email,3
TKT-02522,CLI-0104,CloudShift Platform,Feature Request,Medium,2024-10-27,2024-10-29,48.2,24,No,Resolved,Karan Rao,Phone,3
TKT-02626,CLI-0232,SecureNet Suite,API Integration Failure,High,2024-07-12,2024-07-12,6.5,8,Yes,Resolved,Divya Verma,Email,5
TKT-01089,CLI-0127,SecureNet Suite,Dashboard Bug,Critical,2023-03-23,2023-03-23,5.0,4,No,Resolved,Deepika Mishra,Portal,5
TKT-03677,CLI-0116,DataVault Pro,Feature Request,High,2024-12-02,,,8,No,In Progress,Deepika Mishra,Email,
TKT-00969,CLI-0115,CloudShift Platform,Data Sync Error,Low,2025-03-25,2025-03-28,92.7,48,No,Resolved,Kavya Iyer,Phone,5
TKT-01539,CLI-0288,SecureNet Suite,Login Issue,Medium,2024-08-21,2024-08-22,39.9,24,No,Resolved,Rahul Das,Chat,2
TKT-03275,CLI-0041,AI Insights Module,Dashboard Bug,Low,08/26/2023,,,48,No,Open,Priya Patel,Phone,
TKT-00136,CLI-0158,CloudShift Platform,Feature Request,Critical,2024-02-20,,,4,No,Escalated,Rahul Das,Chat,
TKT-02431,CLI-0011,DataVault Pro,Server Downtime,High,2025-02-12,,,8,No,In Progress,,Email,
TKT-03231,CLI-0203,CloudShift Platform,Onboarding Support,High,2025-01-23,2025-01-23,19.0,8,No,Resolved,Arjun Mishra,Phone,4
TKT-02782,CLI-0202,CloudShift Platform,API Integration Failure,High,2023-08-09,2023-08-09,16.1,8,No,Resolved,Priya Patel,Phone,3
TKT-00288,CLI-0206,AnalyticsEdge,Access Permission Issue,Low,2023-07-12,2023-07-15,93.4,48,No,Resolved,Kavya Iyer,Chat,3
TKT-00286,CLI-0099,SecureNet Suite,Billing Query,Critical,2023-08-01,,,4,Yes,Open,Pooja Iyer,Chat,
TKT-01852,CLI-0283,DataVault Pro,Feature Request,Critical,2024-06-20,,,4,No,Open,Priya Patel,Chat,
TKT-00939,CLI-0105,DataVault Pro,Server  Downtime,Low,2024-03-13,2024-03-16,88.0,48,No,Resolved,Rahul Das,Portal,3
TKT-02276,CLI-0263,AnalyticsEdge,Report Inaccuracy,Medium,10/02/2023,,,24,No,Open,Divya Reddy,Chat,
TKT-01152,CLI-0009,AnalyticsEdge,Billing Query,High,2023-02-08,,,8,Yes,Open,Nikhil Reddy,Phone,
TKT-00201,CLI-0109,AnalyticsEdge,Dashboard Bug,Low,2024-10-14,,,48,No,In Progress,Rahul Das,Portal,
TKT-01375,CLI-0260,SecureNet Suite,Login Issue,Low,2025-01-12,2025-01-13,32.7,48,Yes,Resolved,Divya Verma,Portal,5
TKT-02643,CLI-0233,CloudShift Platform,server downtime,Medium,2024-08-06,07-08-2024,40.7,24,No,Resolved,Karan Rao,Phone,5
TKT-03814,CLI-0190,AI Insights Module,Server Downtime,Medium,2023-05-18,,,24,No,Open,Rahul Das,Email,
TKT-03945,CLI-0109,AnalyticsEdge,Server Downtime,Critical,2024-08-19,19-08-2024,1.8,4,Yes,Resolved,Siddharth Reddy,Portal,
TKT-02084,CLI-0206,AI Insights Module,Billing Query,High,2023-08-15,2023-08-15,15.4,8,No,Resolved,,Chat,5
TKT-03204,CLI-0223,AnalyticsEdge,Performance Lag,Medium,2023-05-26,,,24,Yes,In Progress,Rahul Das,Portal,
TKT-01894,CLI-0066,CloudShift Platform,Security Alert,High,2023-09-06,2023-09-06,17.0,8,No,Resolved,Pooja Patel,Phone,
TKT-03759,CLI-0266,CloudShift Platform,Security Alert,Low,2023-01-05,2023-01-08,86.9,48,No,Resolved,Kavya Iyer,Email,2
TKT-03636,CLI-0024,DevOps Accelerator,Login Issue,Critical,2024-03-09,2024-03-09,0.9,4,Yes,Resolved,Priya Nair,Portal,
TKT-02685,CLI-0288,AI Insights Module,Report Inaccuracy,Low,2024-10-15,2024-10-17,51.3,48,No,Resolved,Divya Reddy,Phone,5
TKT-01974,CLI-0282,AI Insights Module,Report Inaccuracy,Low,2024-09-08,2024-09-12,118.4,48,,Resolved,Priya Nair,Phone,3
TKT-00113,CLI-0085,AnalyticsEdge,Dashboard Bug,Medium,2024-06-09,,,24,Yes,In Progress,Priya Patel,Chat,
TKT-03378,CLI-0002,AnalyticsEdge,Security Alert,Low,2023-03-07,,,48,No,Escalated,Siddharth Reddy,Phone,
TKT-03090,CLI-0108,DevOps Accelerator,Dashboard Bug,Medium,2023-11-18,2023-11-19,36.6,24,No,Resolved,Rahul Das,Chat,3
TKT-03249,CLI-0228,AI Insights Module,Login Issue,Low,2024-04-24,,,48,No,Escalated,Manish Nair,Chat,
TKT-03606,CLI-0175,CloudShift Platform,Security Alert,Low,2023-02-28,2023-03-02,66.1,48,No,Resolved,Deepika Mishra,Email,2
TKT-03846,CLI-0202,DevOps Accelerator,report inaccuracy,Low,2024-12-14,2024-12-14,3.7,48,Yes,Resolved,Pooja Patel,Phone,4
TKT-00109,CLI-0203,AI Insights Module,Security Alert,High,2024-07-04,2024-07-04,15.5,8,No,Resolved,Divya Reddy,Portal,3
TKT-00782,CLI-0282,DataVault Pro,Performance Lag,Low,2024-07-08,2024-07-10,60.1,48,No,Resolved,Manish Nair,Portal,3
TKT-02509,CLI-0241,AnalyticsEdge,Report Inaccuracy,High,03/22/2024,,,8,Yes,Escalated,Arjun Mishra,Portal,
TKT-02589,CLI-0086,AI Insights Module,Data Sync Error,High,2023-04-02,,,8,No,Open,Nikhil Mehta,Portal,
TKT-01297,CLI-0273,AnalyticsEdge,Feature Request,Medium,2023-01-29,2023-01-29,22.7,24,Yes,Resolved,,Phone,4
TKT-01451,CLI-0045,AnalyticsEdge,Billing Query,High,2023-09-15,,,8,Yes,Open,Siddharth Reddy,Portal,
TKT-03983,CLI-0183,SecureNet Suite,Report Inaccuracy,,2025-01-31,,,48,Yes,In Progress,Pooja Gupta,Chat,
TKT-03744,CLI-0298,AI Insights Module,Billing Query,High,2023-10-21,,,8,No,In Progress,Divya Verma,Chat,
TKT-01714,CLI-0165,AnalyticsEdge,API  Integration  Failure,Medium,2024-10-13,15-10-2024,54.8,24,No,Resolved,Arjun Mishra,Portal,2
TKT-02666,CLI-0266,SecureNet Suite,Onboarding Support,,12/31/2023,2023-12-31,21.3,24,Yes,Resolved,Priya Nair,Phone,
TKT-01378,CLI-0267,DataVault Pro,Login Issue,Critical,2025-03-24,2025-03-24,7.5,4,No,Resolved,Arjun Mishra,Phone,4
TKT-03781,CLI-0096,AnalyticsEdge,Performance Lag,High,2024-01-28,,,8,Yes,In Progress,Manish Nair,Portal,
TKT-03143,CLI-0198,AnalyticsEdge,server downtime,High,2024-05-30,,,8,Yes,Open,Manish Nair,Phone,
TKT-02939,CLI-0253,CloudShift Platform,Report Inaccuracy,High,2024-05-24,,,8,No,Open,Siddharth Reddy,Chat,
TKT-00840,CLI-0270,AnalyticsEdge,Onboarding Support,High,02/03/2025,,,8,Yes,Escalated,Rahul Das,Portal,
TKT-01644,CLI-0186,AnalyticsEdge,Onboarding Support,Medium,2025-03-01,2025-03-02,35.7,24,No,Resolved,Karan Gupta,Email,4
TKT-02226,CLI-0079,CloudShift Platform,Feature Request,Medium,2023-07-15,,,24,No,In Progress,Neha Gupta,Email,
TKT-00994,CLI-0060,CloudShift Platform,Feature Request,High,2024-01-19,2024-01-19,16.6,8,No,Resolved,Priya Nair,Phone,4
TKT-02048,CLI-0128,DataVault Pro,Billing Query,Medium,2024-03-04,,,24,No,Open,Ananya Joshi,Portal,
TKT-03491,CLI-0079,CloudShift Platform,API Integration Failure,Medium,2023-11-01,2023-11-02,37.0,24,No,Resolved,Priya Patel,Phone,4
TKT-02709,CLI-0032,SecureNet Suite,API Integration Failure,Medium,2023-08-11,,,24,No,Escalated,Ananya Joshi,Chat,
TKT-03768,CLI-0092,AnalyticsEdge,Feature Request,High,2024-02-13,2024-02-13,8.5,8,No,Resolved,Karan Rao,Chat,2
TKT-01730,CLI-0153,SecureNet Suite,Performance Lag,Medium,2023-01-16,16-01-2023,14.7,24,Yes,Resolved,Divya Reddy,Phone,5
TKT-01041,CLI-0099,AI Insights Module,Security Alert,Medium,2024-10-28,,,24,No,In Progress,Pooja Patel,Email,
TKT-00876,CLI-0225,SecureNet Suite,Login Issue,Low,2023-11-26,2023-11-27,33.8,48,Yes,Resolved,Nikhil Reddy,Chat,4
TKT-03123,CLI-0254,AI Insights Module,Onboarding Support,Medium,2023-09-09,,,24,Yes,Open,Nikhil Mehta,Email,
TKT-01650,CLI-0123,DataVault Pro,Dashboard Bug,Medium,2024-09-18,,,24,Yes,Open,Pooja Patel,Chat,
TKT-03297,CLI-0067,SecureNet Suite,Dashboard Bug,Medium,2024-06-18,2024-06-18,5.7,24,Yes,Resolved,Nikhil Reddy,Phone,3
TKT-03828,CLI-0034,DataVault Pro,API Integration Failure,Medium,2023-05-13,2023-05-13,21.8,24,Yes,Resolved,Karan Gupta,Portal,5
TKT-00673,CLI-0267,AnalyticsEdge,Dashboard Bug,Medium,2023-04-12,2023-04-14,49.4,24,No,Resolved,Neha Gupta,Chat,2
TKT-03988,CLI-0085,AnalyticsEdge,Report Inaccuracy,Low,2023-09-03,2023-09-05,61.0,48,No,Resolved,Pooja Gupta,Portal,4
TKT-01188,CLI-0136,AnalyticsEdge,Data Sync Error,Medium,2025-01-06,,,24,No,In Progress,Arjun Mishra,Email,
TKT-00068,CLI-0023,AI Insights Module,Login Issue,Medium,2023-03-14,2023-03-15,33.9,24,No,Resolved,Nikhil Reddy,Email,4
TKT-01688,CLI-0038,DevOps Accelerator,Onboarding Support,Low,2023-11-04,,,48,No,Open,Pooja Gupta,Chat,
TKT-03692,CLI-0213,AI Insights Module,Access Permission Issue,Medium,2023-10-25,2023-10-26,38.9,24,No,Resolved,Pooja Gupta,Chat,2
TKT-00170,CLI-0211,DevOps Accelerator,Server Downtime,Medium,2023-11-22,2023-11-23,46.1,24,No,Resolved,Karan Gupta,Phone,
TKT-03642,CLI-0275,DevOps Accelerator,Feature Request,Low,2023-07-21,,,48,No,Escalated,Kavya Iyer,Phone,
TKT-01813,CLI-0162,CloudShift Platform,Access Permission Issue,Low,2024-02-06,2024-02-06,15.0,48,Yes,Resolved,Pooja Patel,Chat,5
TKT-02803,CLI-0207,AnalyticsEdge,Onboarding Support,Low,2023-08-27,2023-08-27,21.5,48,Yes,Resolved,Divya Reddy,Phone,5
TKT-00034,CLI-0055,CloudShift Platform,Security Alert,High,2023-06-02,,,8,No,Escalated,Pooja Patel,Chat,
TKT-02838,CLI-0218,CloudShift Platform,Dashboard Bug,Medium,2024-10-30,2024-11-01,51.2,24,No,Resolved,Ananya Joshi,Email,3
TKT-03251,CLI-0276,DevOps Accelerator,Feature Request,Low,2023-09-29,2023-10-01,59.5,48,No,Resolved,Pooja Patel,Phone,4
TKT-01867,CLI-0255,AnalyticsEdge,Access Permission Issue,Medium,2024-11-30,,,24,No,In Progress,Nikhil Reddy,Portal,
TKT-00615,CLI-0036,DataVault Pro,Server Downtime,High,2024-02-04,,,8,No,Open,Neha Gupta,Chat,
TKT-00995,CLI-0184,AnalyticsEdge,Billing Query,Medium,2024-09-12,2024-09-12,23.9,24,Yes,Resolved,Ananya Joshi,Email,4
TKT-02967,CLI-0026,DevOps Accelerator,access permission issue,Medium,05/18/2023,,,24,No,Open,Priya Nair,Email,
TKT-02227,CLI-0033,DevOps Accelerator,Feature Request,High,2023-03-26,2023-03-26,9.6,8,No,Resolved,Ananya Joshi,Portal,3
TKT-00871,CLI-0057,SecureNet Suite,Server Downtime,Critical,2023-04-27,,,4,Yes,Open,Divya Reddy,Email,
TKT-03127,CLI-0075,SecureNet Suite,Feature Request,Critical,2023-01-13,2023-01-13,8.8,4,No,Resolved,Deepika Mishra,Portal,3
TKT-02888,CLI-0046,CloudShift Platform,Performance Lag,Medium,10/23/2023,,,24,No,In Progress,Nikhil Mehta,Phone,
TKT-02149,CLI-0298,AI Insights Module,Security Alert,Medium,2023-10-02,2023-10-03,45.7,24,No,Resolved,Neha Gupta,Portal,4
TKT-00482,CLI-0104,CloudShift Platform,Server  Downtime,Critical,2024-03-21,,,4,No,In Progress,Arjun Mishra,Portal,
TKT-02023,CLI-0249,SecureNet Suite,Login Issue,Low,2023-08-20,2023-08-20,21.9,48,Yes,Resolved,Karan Rao,Phone,5
TKT-03172,CLI-0046,CloudShift Platform,API Integration Failure,Medium,2024-03-21,2024-03-23,59.6,24,No,Resolved,Deepika Mishra,Email,5
TKT-00926,CLI-0145,CloudShift Platform,Access Permission Issue,Low,2024-02-29,2024-03-01,43.6,48,Yes,Resolved,Neha Gupta,Phone,
TKT-02858,CLI-0100,DataVault Pro,API Integration Failure,Medium,2023-02-21,,,24,No,In Progress,Pooja Patel,Portal,
TKT-00111,CLI-0289,DataVault Pro,Performance Lag,Medium,2023-01-28,,,24,Yes,Escalated,Divya Reddy,Email,
TKT-00967,CLI-0242,DevOps Accelerator,Security Alert,Medium,2023-11-10,,,24,Yes,In Progress,Pooja Patel,Chat,
TKT-01574,CLI-0264,SecureNet Suite,Report Inaccuracy,Critical,2023-06-27,2023-06-27,5.1,4,No,Resolved,Manish Nair,Portal,5
TKT-03084,CLI-0227,DataVault Pro,Report Inaccuracy,Medium,2024-02-10,2024-02-11,24.6,24,No,Resolved,Pooja Gupta,Email,4
TKT-03078,CLI-0066,DataVault Pro,Security Alert,Low,2023-11-06,2023-11-07,43.0,48,Yes,Resolved,Rahul Das,Portal,4
TKT-01953,CLI-0028,CloudShift Platform,Access Permission Issue,Low,2023-08-20,,,48,Yes,In Progress,Neha Gupta,Email,
TKT-01866,CLI-0221,DevOps Accelerator,Dashboard Bug,Medium,2023-08-18,,,24,No,Open,Neha Gupta,Portal,
TKT-03265,CLI-0063,DataVault Pro,Data Sync Error,Medium,2023-09-20,2023-09-20,14.0,24,Yes,Resolved,Kavya Iyer,Phone,5
TKT-02243,CLI-0275,CloudShift Platform,Performance Lag,Medium,2024-08-03,,,24,No,Escalated,Arjun Mishra,Portal,
TKT-01557,CLI-0036,SecureNet Suite,API Integration Failure,Medium,2024-12-18,2024-12-18,13.1,24,Yes,Resolved,Pooja Gupta,Portal,5
TKT-00980,CLI-0275,AI Insights Module,Server Downtime,Low,2023-08-07,2023-08-11,113.9,48,No,Resolved,Manish Nair,Email,4
TKT-00244,CLI-0051,AI Insights Module,Data Sync Error,,2023-01-24,2023-01-27,90.1,48,No,Resolved,Deepika Mishra,Email,
TKT-03941,CLI-0091,SecureNet Suite,Server Downtime,High,2023-09-14,,,8,No,In Progress,Divya Reddy,Portal,
TKT-03439,CLI-0242,AnalyticsEdge,Dashboard Bug,High,2025-01-05,2025-01-05,12.6,8,No,Resolved,Siddharth Reddy,Phone,5
TKT-00845,CLI-0298,CloudShift Platform,Security Alert,Critical,2025-01-03,,,4,Yes,In Progress,Nikhil Mehta,Portal,
TKT-01766,CLI-0068,DevOps Accelerator,Report Inaccuracy,High,2025-03-29,2025-03-29,9.3,8,No,Resolved,Nikhil Mehta,Email,3
TKT-03365,CLI-0221,AnalyticsEdge,Server Downtime,Low,2024-03-17,,,48,No,In Progress,Divya Reddy,Email,
TKT-02505,CLI-0103,DevOps Accelerator,Access Permission Issue,Medium,2024-04-10,2024-04-12,53.8,24,No,Resolved,Karan Gupta,Email,5
TKT-03081,CLI-0246,DataVault Pro,Report Inaccuracy,Medium,2024-08-11,2024-08-11,11.5,24,Yes,Resolved,Kavya Iyer,Portal,5
TKT-00215,CLI-0189,AnalyticsEdge,Access Permission Issue,Medium,2024-06-19,,,24,No,Open,Pooja Gupta,Phone,
TKT-01497,CLI-0111,DevOps Accelerator,Access  Permission  Issue,High,2024-09-08,,,8,No,Escalated,Karan Gupta,Email,
TKT-03869,CLI-0247,DataVault Pro,Security Alert,Low,03/30/2023,2023-04-01,70.2,48,No,Resolved,Deepika Mishra,Phone,5
TKT-03273,CLI-0027,AnalyticsEdge,Billing Query,High,2024-05-15,,,8,No,In Progress,Priya Nair,Email,
TKT-00634,CLI-0168,SecureNet Suite,Data Sync Error,Medium,2023-07-21,2023-07-21,7.7,24,Yes,Resolved,Priya Patel,Email,3
TKT-00908,CLI-0019,DataVault Pro,Onboarding Support,High,2024-08-31,2024-08-31,7.7,8,Yes,Resolved,Siddharth Reddy,Chat,3
TKT-01078,CLI-0067,CloudShift Platform,Onboarding Support,Critical,2023-09-21,,,4,No,Open,,Email,
TKT-01386,CLI-0207,DataVault Pro,Feature Request,High,2024-11-20,,,8,Yes,Escalated,Pooja Iyer,Portal,
TKT-03655,CLI-0020,AI Insights Module,Billing Query,Low,2023-10-12,2023-10-13,46.9,48,Yes,Resolved,Neha Gupta,Portal,2
TKT-03513,CLI-0166,AI Insights Module,Access Permission Issue,High,2023-06-22,2023-06-22,1.3,8,Yes,Resolved,Arjun Mishra,Phone,3
TKT-02653,CLI-0253,AI Insights Module,Billing Query,Critical,2023-10-22,2023-10-22,8.6,4,No,Resolved,Pooja Gupta,Phone,
TKT-01525,CLI-0090,CloudShift Platform,access permission issue,Medium,2024-03-03,,,24,Yes,Escalated,Arjun Mishra,Portal,
TKT-00200,CLI-0200,AnalyticsEdge,Login Issue,,2024-09-01,,,48,Yes,Open,Rahul Das,Portal,
TKT-01250,CLI-0170,CloudShift Platform,Performance Lag,Medium,2024-04-27,,,24,No,Open,Divya Verma,Chat,
TKT-02904,CLI-0218,SecureNet Suite,Access Permission Issue,Medium,2023-06-25,2023-06-26,44.7,24,No,Resolved,Ananya Joshi,Portal,4
TKT-00506,CLI-0201,DevOps Accelerator,Server Downtime,High,2023-08-09,,,8,No,In Progress,Pooja Patel,Portal,
TKT-00022,CLI-0126,DataVault Pro,Onboarding Support,Critical,2024-08-24,2024-08-24,1.3,4,Yes,Resolved,Pooja Iyer,Chat,4
TKT-01126,CLI-0287,DevOps Accelerator,Security Alert,Medium,2024-09-26,,,24,No,In Progress,Rahul Das,Phone,
TKT-03259,CLI-0182,AI Insights Module,Security Alert,Medium,2024-07-15,,,24,No,In Progress,Pooja Iyer,Portal,
TKT-03115,CLI-0092,AI Insights Module,Report Inaccuracy,Critical,2024-10-08,2024-10-08,4.2,4,No,Resolved,Priya Nair,Phone,
TKT-01036,CLI-0104,AnalyticsEdge,Security Alert,High,2024-02-11,2024-02-11,14.1,8,No,Resolved,Siddharth Reddy,Portal,
TKT-01427,CLI-0138,CloudShift Platform,Access Permission Issue,Medium,2025-03-01,2025-03-02,45.4,24,No,Resolved,Divya Reddy,Email,4
TKT-02679,CLI-0171,AnalyticsEdge,API Integration Failure,Low,2024-04-11,2024-04-14,83.6,48,No,Resolved,Nikhil Reddy,Phone,1
TKT-01903,CLI-0199,SecureNet Suite,Performance Lag,Medium,2024-08-13,2024-08-13,2.0,24,Yes,Resolved,Divya Reddy,Chat,3
TKT-03395,CLI-0075,DevOps Accelerator,API Integration Failure,High,2023-11-17,2023-11-17,4.2,8,Yes,Resolved,Deepika Mishra,Phone,3
TKT-02934,CLI-0276,DataVault Pro,API Integration Failure,Medium,2023-02-26,,,24,No,Open,,Chat,
TKT-00800,CLI-0274,DevOps Accelerator,Report Inaccuracy,High,2023-12-01,2023-12-01,1.8,8,Yes,Resolved,Pooja Gupta,Chat,5
TKT-02867,CLI-0039,DataVault Pro,API Integration Failure,Critical,2024-12-11,2024-12-11,4.3,4,No,Resolved,Nikhil Reddy,Email,
TKT-03795,CLI-0189,SecureNet Suite,Feature Request,,2024-08-18,2024-08-20,58.6,24,No,Resolved,Karan Gupta,Phone,4
TKT-03613,CLI-0220,AI Insights Module,Performance Lag,Medium,2024-09-03,,,24,No,Open,,Phone,
TKT-03083,CLI-0087,AnalyticsEdge,Onboarding Support,High,2023-01-28,,,8,No,Open,Deepika Mishra,Portal,
TKT-02282,CLI-0098,SecureNet Suite,Billing Query,Medium,2023-02-01,2023-02-01,13.5,24,Yes,Resolved,Deepika Mishra,Email,5
TKT-01716,CLI-0295,AnalyticsEdge,API Integration Failure,High,2023-07-22,,,8,Yes,Open,Rahul Das,Chat,
TKT-00363,CLI-0064,DevOps Accelerator,Onboarding Support,High,2024-01-06,2024-01-06,5.4,8,Yes,Resolved,Karan Gupta,Phone,3
TKT-01759,CLI-0090,SecureNet Suite,Billing Query,Medium,2023-07-17,,,24,No,In Progress,Rahul Das,Portal,
TKT-01368,CLI-0261,AnalyticsEdge,Access Permission Issue,,2023-02-18,,,48,Yes,In Progress,Manish Nair,Portal,
TKT-03077,CLI-0010,SecureNet Suite,Performance Lag,Low,2023-09-07,,,48,Yes,In Progress,Rahul Das,Chat,
TKT-01811,CLI-0064,AnalyticsEdge,Server Downtime,High,2025-01-17,2025-01-17,2.6,8,Yes,Resolved,Siddharth Reddy,Portal,5
TKT-00956,CLI-0199,AI Insights Module,Billing Query,Low,2023-07-30,,,48,No,Escalated,Rahul Das,Portal,
TKT-01957,CLI-0188,DataVault Pro,Server Downtime,Medium,2024-11-28,2024-11-30,55.9,24,No,Resolved,Priya Patel,Phone,5
TKT-03560,CLI-0163,CloudShift Platform,Login Issue,High,2024-05-30,2024-05-30,11.4,8,No,Resolved,Arjun Mishra,Phone,3
TKT-01751,CLI-0005,CloudShift Platform,Performance Lag,Low,07/26/2023,2023-07-30,109.9,48,No,Resolved,Rahul Das,Email,5
TKT-03579,CLI-0300,SecureNet Suite,Server Downtime,Medium,2023-10-10,2023-10-11,29.4,24,No,Resolved,Priya Patel,Phone,5
TKT-02106,CLI-0123,AI Insights Module,Login Issue,Low,2023-03-01,,,48,Yes,Escalated,Deepika Mishra,Chat,
TKT-03825,CLI-0006,SecureNet Suite,Onboarding Support,High,2024-03-11,,,8,Yes,In Progress,Divya Verma,Chat,
TKT-02828,CLI-0278,DevOps Accelerator,Performance Lag,Medium,2023-10-07,,,24,Yes,Open,Nikhil Reddy,Phone,
TKT-02554,CLI-0074,CloudShift Platform,Security Alert,Low,2024-10-23,,,48,Yes,In Progress,Karan Rao,Chat,
TKT-00302,CLI-0040,CloudShift Platform,Feature Request,Low,2023-06-28,,,48,Yes,In Progress,Divya Verma,Portal,
TKT-00063,CLI-0113,AI Insights Module,Feature  Request,High,2024-07-01,2024-07-01,5.8,8,Yes,Resolved,Arjun Mishra,Chat,3
TKT-00081,CLI-0180,AnalyticsEdge,Login Issue,Critical,2023-06-07,,,4,No,In Progress,Nikhil Mehta,Chat,
TKT-01452,CLI-0215,DataVault Pro,API Integration Failure,High,2025-03-06,2025-03-06,3.8,8,Yes,Resolved,,Phone,5
TKT-03093,CLI-0195,AnalyticsEdge,Dashboard Bug,Medium,2023-05-20,2023-05-21,34.3,24,No,Resolved,,Email,2
TKT-03708,CLI-0169,SecureNet Suite,Access Permission Issue,Medium,2024-05-11,2024-05-12,26.9,24,No,Resolved,Nikhil Reddy,Phone,4
TKT-03965,CLI-0091,DataVault Pro,Data Sync Error,High,2025-03-10,,,8,No,In Progress,Pooja Iyer,Phone,
TKT-00628,CLI-0154,DevOps Accelerator,Server Downtime,High,2024-04-29,,,8,Yes,In Progress,Pooja Patel,Phone,
TKT-03531,CLI-0255,AI Insights Module,Login Issue,High,2023-11-12,2023-11-12,2.8,8,Yes,Resolved,Divya Verma,Portal,2
TKT-01327,CLI-0225,DataVault Pro,Performance Lag,Medium,2023-04-18,,,24,No,Open,Nikhil Mehta,Email,
TKT-03380,CLI-0014,CloudShift Platform,feature request,Low,2023-09-26,2023-09-27,26.0,48,Yes,Resolved,Pooja Gupta,Chat,3
TKT-02255,CLI-0181,DevOps Accelerator,Server Downtime,Medium,2024-02-02,2024-02-02,3.6,24,Yes,Resolved,Priya Patel,Chat,5
TKT-03302,CLI-0125,DataVault Pro,Data Sync Error,High,2023-11-21,2023-11-21,16.6,8,No,Resolved,Rahul Das,Email,1
TKT-03640,CLI-0010,AI Insights Module,Access Permission Issue,Medium,2023-01-23,2023-01-23,12.0,24,Yes,Resolved,Rahul Das,Chat,5
TKT-00832,CLI-0145,SecureNet Suite,Report Inaccuracy,Medium,2024-08-12,,,24,No,Open,Siddharth Reddy,Phone,
TKT-00387,CLI-0192,DevOps Accelerator,Dashboard Bug,Low,2025-02-20,2025-02-21,38.4,48,Yes,Resolved,Priya Nair,Chat,1
TKT-00335,CLI-0009,SecureNet Suite,Access Permission Issue,High,2023-12-06,2023-12-06,8.6,8,No,Resolved,Divya Verma,Email,3
TKT-00362,CLI-0006,DevOps Accelerator,Performance Lag,High,2024-03-23,,,8,No,Open,Pooja Patel,Phone,
TKT-03837,CLI-0190,SecureNet Suite,Login Issue,Medium,2024-03-07,2024-03-07,22.6,24,Yes,Resolved,Kavya Iyer,Email,
TKT-03774,CLI-0279,DevOps Accelerator,Security Alert,High,03/24/2024,,,8,No,In Progress,Rahul Das,Chat,
TKT-01860,CLI-0238,DataVault Pro,Server Downtime,Low,2024-03-08,2024-03-09,44.2,48,Yes,Resolved,Siddharth Reddy,Email,5
TKT-01631,CLI-0255,AnalyticsEdge,Performance Lag,Critical,2024-12-25,,,4,No,Escalated,Divya Verma,Email,
TKT-02348,CLI-0084,CloudShift Platform,Data Sync Error,Medium,2023-03-25,2023-03-26,31.0,24,No,Resolved,Karan Rao,Email,4
TKT-02652,CLI-0269,DevOps Accelerator,Feature Request,High,2023-08-07,2023-08-07,8.7,8,No,Resolved,Kavya Iyer,Chat,1
TKT-01153,CLI-0205,AI Insights Module,Security Alert,Medium,2023-09-12,,,24,No,Open,Rahul Das,Portal,
TKT-00546,CLI-0143,DevOps Accelerator,Feature Request,Medium,2024-04-30,2024-04-30,0.6,24,Yes,Resolved,Pooja Patel,Portal,4
TKT-01435,CLI-0279,DevOps Accelerator,Report Inaccuracy,Medium,06/18/2024,2024-06-20,55.3,24,,Resolved,Kavya Iyer,Portal,4
TKT-02235,CLI-0274,AnalyticsEdge,Onboarding Support,Low,2023-05-12,16-05-2023,107.2,48,No,Resolved,Pooja Patel,Email,3
TKT-03490,CLI-0206,AnalyticsEdge,Server Downtime,Critical,2023-07-19,2023-07-19,3.3,4,Yes,Resolved,Deepika Mishra,Chat,4
TKT-02399,CLI-0262,DataVault Pro,Dashboard Bug,Low,2024-09-17,2024-09-20,83.8,48,No,Resolved,Nikhil Mehta,Chat,3
TKT-00578,CLI-0242,AnalyticsEdge,Feature Request,Critical,2025-03-05,2025-03-05,4.2,4,No,Resolved,Priya Nair,Chat,5
TKT-03038,CLI-0128,AI Insights Module,Onboarding Support,High,2024-10-05,2024-10-05,12.3,8,No,Resolved,Kavya Iyer,Email,4
TKT-03391,CLI-0264,SecureNet Suite,Security Alert,Medium,2025-02-18,2025-02-18,18.2,24,Yes,Resolved,Rahul Das,Portal,2
TKT-00811,CLI-0230,CloudShift Platform,API Integration Failure,Low,2024-06-01,2024-06-05,97.8,48,No,Resolved,Divya Reddy,Portal,4
TKT-01629,CLI-0017,DevOps Accelerator,API Integration Failure,Medium,2023-11-27,,,24,No,In Progress,,Phone,
TKT-02186,CLI-0226,DataVault Pro,Server Downtime,Low,2023-06-16,2023-06-20,99.2,48,No,Resolved,Manish Nair,Email,
TKT-00015,CLI-0198,AI Insights Module,Server Downtime,Critical,2024-02-10,2024-02-10,5.4,4,No,Resolved,,Chat,4
TKT-01959,CLI-0185,SecureNet Suite,Access Permission Issue,Medium,2025-01-25,,,24,Yes,In Progress,Kavya Iyer,Portal,
TKT-01014,CLI-0229,AnalyticsEdge,Data Sync Error,High,2024-03-20,20-03-2024,9.9,8,No,Resolved,Rahul Das,Chat,3
TKT-03732,CLI-0071,AnalyticsEdge,Feature Request,Low,2023-10-31,2023-11-01,24.8,48,Yes,Resolved,Priya Nair,Email,
TKT-03815,CLI-0151,SecureNet Suite,Feature Request,,2023-08-11,2023-08-12,25.8,24,No,Resolved,Arjun Mishra,Email,
TKT-00867,CLI-0207,AnalyticsEdge,Data Sync Error,High,2023-08-07,2023-08-07,17.0,8,No,Resolved,Karan Rao,Chat,1
TKT-03696,CLI-0277,AI Insights Module,Security Alert,,2024-07-01,,,8,No,Open,Neha Gupta,Portal,
TKT-02277,CLI-0137,DevOps Accelerator,Performance Lag,Medium,2024-01-15,2024-01-17,53.4,24,No,Resolved,Deepika Mishra,Chat,1
TKT-03755,CLI-0267,AnalyticsEdge,Onboarding Support,Low,2024-01-04,,,48,No,In Progress,Ananya Joshi,Portal,
TKT-01929,CLI-0224,SecureNet Suite,API Integration Failure,High,2023-08-03,,,8,No,Escalated,Neha Gupta,Portal,
TKT-03920,CLI-0026,SecureNet Suite,Feature Request,Low,2024-04-17,2024-04-20,90.9,48,No,Resolved,Ananya Joshi,Portal,
TKT-02851,CLI-0222,AI Insights Module,API Integration Failure,Medium,2023-07-27,2023-07-28,33.5,24,No,Resolved,Nikhil Reddy,Email,5
TKT-03087,CLI-0110,AI Insights Module,Performance Lag,Critical,2025-03-24,,,4,Yes,In Progress,Divya Reddy,Portal,
TKT-03917,CLI-0005,SecureNet Suite,Security Alert,Medium,2024-02-10,,,24,No,Escalated,Manish Nair,Phone,
TKT-00736,CLI-0272,AI Insights Module,API Integration Failure,Medium,2025-03-07,2025-03-07,7.2,24,Yes,Resolved,Pooja Iyer,Phone,5
TKT-02592,CLI-0033,AnalyticsEdge,Access Permission Issue,High,2024-06-30,2024-06-30,5.8,8,Yes,Resolved,Pooja Iyer,Portal,3
TKT-03977,CLI-0148,DevOps Accelerator,API Integration Failure,High,2024-09-12,2024-09-12,17.1,8,No,Resolved,Arjun Mishra,Portal,4
TKT-03949,CLI-0223,AI Insights Module,Billing Query,Medium,2024-11-04,,,24,No,Open,Neha Gupta,Phone,
TKT-00972,CLI-0022,AnalyticsEdge,onboarding support,Low,2023-11-30,2023-12-01,36.5,48,Yes,Resolved,Arjun Mishra,Email,3
TKT-00396,CLI-0065,SecureNet Suite,performance lag,Low,2024-07-13,,,48,No,Open,Karan Rao,Email,
TKT-01025,CLI-0181,SecureNet Suite,Data Sync Error,High,2023-12-12,2023-12-12,13.9,8,No,Resolved,Pooja Patel,Portal,5
TKT-01087,CLI-0218,DevOps Accelerator,API Integration Failure,High,2023-06-19,,,8,No,Escalated,Nikhil Reddy,Chat,
TKT-00606,CLI-0281,AI Insights Module,Performance Lag,Critical,2024-04-23,2024-04-23,5.1,4,No,Resolved,Divya Reddy,Portal,3
TKT-00961,CLI-0080,DataVault Pro,Report Inaccuracy,Low,2025-02-10,2025-02-12,69.7,48,No,Resolved,Arjun Mishra,Phone,
TKT-03992,CLI-0257,AI Insights Module,Onboarding Support,Medium,2023-06-03,2023-06-03,6.0,24,Yes,Resolved,Priya Patel,Email,5
TKT-02551,CLI-0240,CloudShift Platform,API Integration Failure,High,2024-07-01,,,8,No,Open,Nikhil Reddy,Chat,
TKT-00416,CLI-0056,SecureNet Suite,Dashboard Bug,High,2025-01-11,2025-01-11,3.1,8,Yes,Resolved,Rahul Das,Portal,3
TKT-02942,CLI-0127,DataVault Pro,Security Alert,Medium,2024-11-30,2024-12-01,46.3,24,No,Resolved,Manish Nair,Portal,2
TKT-00613,CLI-0180,CloudShift Platform,Onboarding Support,High,2023-08-08,2023-08-08,13.2,8,No,Resolved,Neha Gupta,Email,
TKT-00056,CLI-0061,AnalyticsEdge,Security Alert,Critical,2025-01-04,2025-01-04,6.9,4,No,Resolved,Nikhil Mehta,Chat,4
TKT-01498,CLI-0223,DataVault Pro,data sync error,Medium,2023-12-15,2023-12-16,44.1,24,No,Resolved,Pooja Iyer,Phone,1
TKT-03406,CLI-0024,DataVault Pro,Security Alert,Medium,2025-01-25,25-01-2025,6.0,24,Yes,Resolved,Nikhil Mehta,Chat,5
TKT-03237,CLI-0234,AI Insights Module,Performance Lag,High,2025-02-27,2025-02-27,14.1,8,No,Resolved,Rahul Das,Phone,5
TKT-00996,CLI-0008,DevOps Accelerator,Onboarding Support,High,2024-01-29,,,8,No,Open,Kavya Iyer,Phone,
TKT-03212,CLI-0038,DataVault Pro,Dashboard Bug,High,2024-04-03,2024-04-03,6.5,8,Yes,Resolved,Divya Reddy,Email,4
TKT-02745,CLI-0041,DevOps Accelerator,Security Alert,High,2024-04-01,,,8,Yes,Escalated,Karan Rao,Chat,
TKT-01379,CLI-0278,AnalyticsEdge,Server Downtime,Medium,2024-05-17,,,24,Yes,Open,Rahul Das,Chat,
TKT-01084,CLI-0227,DevOps Accelerator,Server Downtime,Medium,2024-08-03,2024-08-04,36.2,24,No,Resolved,Arjun Mishra,Chat,4
TKT-00970,CLI-0275,AI Insights Module,Login Issue,High,2024-07-31,2024-07-31,10.1,8,No,Resolved,Arjun Mishra,Portal,4
TKT-00775,CLI-0072,SecureNet Suite,Feature Request,Medium,2024-05-25,26-05-2024,46.1,24,No,Resolved,Karan Rao,Email,4
TKT-02739,CLI-0285,DevOps Accelerator,Feature Request,Low,2025-01-05,,,48,No,Escalated,Karan Rao,Chat,
TKT-00599,CLI-0184,AnalyticsEdge,Login Issue,High,2023-12-26,,,8,No,Escalated,Siddharth Reddy,Phone,
TKT-01101,CLI-0053,AnalyticsEdge,Report Inaccuracy,High,2024-10-31,2024-10-31,15.7,8,No,Resolved,Divya Verma,Email,5
TKT-00321,CLI-0055,DevOps Accelerator,Performance Lag,Medium,2024-11-08,2024-11-10,48.4,24,No,Resolved,Rahul Das,Phone,3
TKT-03772,CLI-0140,AnalyticsEdge,Server Downtime,Low,2024-03-17,2024-03-17,2.0,48,Yes,Resolved,Kavya Iyer,Phone,4
TKT-00805,CLI-0234,AI Insights Module,Login Issue,Medium,2024-08-15,,,24,No,Escalated,Pooja Iyer,Phone,
TKT-00374,CLI-0080,AI Insights Module,Performance Lag,Low,2023-02-19,2023-02-19,6.8,48,Yes,Resolved,Priya Nair,Phone,4
TKT-02855,CLI-0077,AI Insights Module,Onboarding Support,Medium,2023-03-06,2023-03-07,31.6,24,No,Resolved,Siddharth Reddy,Email,4
TKT-03948,CLI-0117,DataVault Pro,Data Sync Error,Medium,2024-02-20,2024-02-22,53.7,24,No,Resolved,Manish Nair,Email,4
TKT-00160,CLI-0131,AI Insights Module,Server Downtime,Low,2024-02-26,,,48,No,Open,Karan Gupta,Chat,
TKT-00920,CLI-0162,CloudShift Platform,API Integration Failure,High,2023-05-26,2023-05-26,10.9,8,No,Resolved,Divya Reddy,Phone,5
TKT-02052,CLI-0114,CloudShift Platform,Security Alert,High,2023-06-02,,,8,No,Escalated,Rahul Das,Email,
TKT-01251,CLI-0205,DevOps Accelerator,Onboarding Support,Low,2023-05-24,2023-05-27,90.7,48,No,Resolved,Divya Verma,Phone,3
TKT-03746,CLI-0141,AI Insights Module,Login Issue,Medium,2023-08-01,,,24,Yes,Open,Nikhil Reddy,Portal,
TKT-00089,CLI-0249,CloudShift Platform,Onboarding Support,Medium,2023-03-05,,,24,No,In Progress,Kavya Iyer,Portal,
TKT-03713,CLI-0211,CloudShift Platform,API Integration Failure,Low,2025-01-20,2025-01-20,4.7,48,Yes,Resolved,Deepika Mishra,Portal,5
TKT-01743,CLI-0272,DataVault Pro,API Integration Failure,Low,2023-09-19,2023-09-23,114.9,48,No,Resolved,Priya Patel,Chat,3
TKT-01625,CLI-0256,DataVault Pro,Onboarding Support,Medium,2023-12-19,,,24,Yes,Open,Deepika Mishra,Chat,
TKT-03910,CLI-0050,DataVault Pro,Security Alert,Low,2023-11-15,2023-11-15,9.4,48,Yes,Resolved,Priya Patel,Portal,
TKT-02134,CLI-0268,AI Insights Module,Access Permission Issue,Critical,2025-01-03,2025-01-03,1.5,4,Yes,Resolved,Divya Reddy,Chat,2
TKT-03963,CLI-0135,DevOps Accelerator,Performance  Lag,Medium,05/26/2023,2023-05-26,14.2,24,Yes,Resolved,Karan Rao,Portal,3
TKT-00375,CLI-0107,DataVault Pro,Login Issue,High,2024-02-25,2024-02-25,15.1,8,No,Resolved,Pooja Patel,Chat,5
TKT-01252,CLI-0265,SecureNet Suite,Billing Query,Low,2023-05-15,2023-05-15,22.5,48,Yes,Resolved,Nikhil Reddy,Phone,3
TKT-03616,CLI-0141,CloudShift Platform,Billing Query,Low,2024-03-25,2024-03-27,60.7,48,No,Resolved,Divya Reddy,Phone,
TKT-02591,CLI-0202,CloudShift Platform,Server Downtime,Medium,2023-07-09,2023-07-10,46.8,24,No,Resolved,Siddharth Reddy,Chat,3
TKT-00545,CLI-0289,AnalyticsEdge,Server Downtime,High,2023-04-14,,,8,No,Open,Divya Verma,Chat,
TKT-01847,CLI-0117,DataVault Pro,Server Downtime,Medium,2023-12-08,,,24,Yes,Escalated,Priya Patel,Phone,
TKT-02713,CLI-0042,AnalyticsEdge,Login Issue,Medium,2023-09-16,2023-09-17,33.3,24,No,Resolved,Priya Patel,Chat,3
TKT-01591,CLI-0168,SecureNet Suite,Report  Inaccuracy,Medium,2024-05-27,2024-05-27,20.4,24,Yes,Resolved,Karan Rao,Email,5
TKT-01900,CLI-0008,DataVault Pro,API Integration Failure,Low,2024-02-21,,,48,No,In Progress,Priya Nair,Portal,
TKT-01227,CLI-0182,AI Insights Module,api integration failure,Medium,2023-07-17,,,24,No,In Progress,Arjun Mishra,Chat,
TKT-03598,CLI-0213,AnalyticsEdge,API Integration Failure,Medium,2024-04-30,,,24,No,In Progress,Pooja Iyer,Email,
TKT-01822,CLI-0007,CloudShift Platform,Performance Lag,Low,2024-01-20,2024-01-24,112.7,48,No,Resolved,Manish Nair,Portal,5
TKT-02999,CLI-0208,SecureNet Suite,Performance Lag,Medium,2024-09-16,2024-09-16,7.1,24,Yes,Resolved,Karan Gupta,Phone,2
TKT-03001,CLI-0025,AI Insights Module,Billing Query,Low,2024-08-29,,,48,No,In Progress,Rahul Das,Email,
TKT-00194,CLI-0088,CloudShift Platform,Dashboard Bug,Medium,2023-01-05,,,24,No,Escalated,Pooja Gupta,Portal,
TKT-02375,CLI-0293,AnalyticsEdge,Login Issue,Medium,2024-08-19,2024-08-19,18.9,24,Yes,Resolved,Kavya Iyer,Chat,2
TKT-01782,CLI-0282,AI Insights Module,Server Downtime,Medium,2024-09-06,2024-09-08,55.8,24,No,Resolved,Karan Gupta,Chat,4
TKT-01318,CLI-0003,DataVault Pro,Dashboard Bug,Critical,2023-11-23,2023-11-23,3.2,4,Yes,Resolved,Siddharth Reddy,Chat,3
TKT-03232,CLI-0080,DevOps Accelerator,Performance Lag,Medium,2024-09-13,2024-09-13,12.7,24,Yes,Resolved,Kavya Iyer,Phone,4
TKT-00129,CLI-0207,SecureNet Suite,Billing Query,Low,2024-09-28,,,48,Yes,In Progress,Pooja Iyer,Chat,
TKT-00768,CLI-0034,DataVault Pro,Data Sync Error,Low,2023-05-04,2023-05-04,15.8,48,Yes,Resolved,Siddharth Reddy,Phone,
TKT-00261,CLI-0258,SecureNet Suite,Report Inaccuracy,High,2024-03-01,,,8,No,In Progress,Ananya Joshi,Chat,
TKT-01613,CLI-0030,AnalyticsEdge,Server Downtime,Low,2023-03-30,2023-03-31,42.0,48,Yes,Resolved,Divya Verma,Email,5
TKT-00661,CLI-0084,AI Insights Module,Onboarding Support,Critical,2024-11-11,2024-11-11,7.3,4,No,Resolved,Rahul Das,Chat,3
TKT-03611,CLI-0097,CloudShift Platform,Server Downtime,Low,2024-09-16,2024-09-20,115.0,48,No,Resolved,Priya Patel,Email,
TKT-03997,CLI-0265,CloudShift Platform,Data Sync Error,Medium,01/17/2025,2025-01-17,1.3,24,Yes,Resolved,Deepika Mishra,Phone,4
TKT-02728,CLI-0185,DataVault Pro,Report Inaccuracy,Medium,2023-04-13,2023-04-13,0.7,24,Yes,Resolved,Arjun Mishra,Portal,3
TKT-02900,CLI-0286,CloudShift Platform,Billing Query,Critical,2024-05-19,,,4,No,Open,Kavya Iyer,Phone,
TKT-00675,CLI-0255,AnalyticsEdge,API Integration Failure,Critical,2023-07-29,29-07-2023,1.9,4,Yes,Resolved,Ananya Joshi,Chat,4
TKT-00869,CLI-0098,AI Insights Module,Feature Request,Low,2024-10-16,19-10-2024,78.4,48,No,Resolved,Kavya Iyer,Portal,2
TKT-01325,CLI-0050,CloudShift Platform,Report Inaccuracy,Low,2023-10-29,,,48,No,In Progress,Divya Verma,Chat,
TKT-03206,CLI-0277,AI Insights Module,billing query,Critical,2024-09-26,2024-09-26,8.6,4,No,Resolved,Pooja Gupta,Chat,3
TKT-01980,CLI-0056,DataVault Pro,Billing Query,Low,2023-09-12,2023-09-13,41.6,48,Yes,Resolved,Nikhil Reddy,Portal,5
TKT-00666,CLI-0190,AnalyticsEdge,Security Alert,Medium,2025-03-17,,,24,No,In Progress,Divya Verma,Phone,
TKT-03788,CLI-0163,CloudShift Platform,Billing Query,High,2023-11-25,,,8,No,Escalated,Karan Rao,Phone,
TKT-03929,CLI-0251,SecureNet Suite,Report Inaccuracy,Low,2023-04-12,,,48,Yes,In Progress,Kavya Iyer,Phone,
TKT-02727,CLI-0043,CloudShift Platform,Report Inaccuracy,Low,01/16/2025,2025-01-20,109.2,48,No,Resolved,Neha Gupta,Portal,4
TKT-02943,CLI-0166,CloudShift Platform,Billing Query,Medium,2024-06-04,2024-06-04,3.7,24,Yes,Resolved,Siddharth Reddy,Chat,3
TKT-02284,CLI-0004,AI Insights Module,Feature Request,Medium,2023-05-09,2023-05-11,57.6,24,No,Resolved,Siddharth Reddy,Portal,2
TKT-02638,CLI-0181,DevOps Accelerator,Server Downtime,High,2025-03-31,,,8,No,Escalated,Siddharth Reddy,Email,
TKT-03376,CLI-0002,DataVault Pro,Billing Query,High,2023-12-10,2023-12-10,4.1,8,Yes,Resolved,Arjun Mishra,Chat,3
TKT-00593,CLI-0214,SecureNet Suite,Dashboard Bug,Critical,2023-02-09,,,4,No,In Progress,Pooja Patel,Email,
TKT-01739,CLI-0100,AnalyticsEdge,Onboarding Support,Medium,2023-04-23,,,24,,Escalated,Nikhil Reddy,Phone,
TKT-03159,CLI-0097,AI Insights Module,Server Downtime,Medium,2023-05-28,29-05-2023,33.4,24,No,Resolved,,Email,4
TKT-00557,CLI-0178,DevOps Accelerator,API Integration Failure,High,2025-01-22,2025-01-22,9.5,8,No,Resolved,Deepika Mishra,Chat,1
TKT-02839,CLI-0190,DataVault Pro,Security Alert,High,2024-10-04,2024-10-04,7.0,8,Yes,Resolved,Priya Patel,Phone,
TKT-01890,CLI-0223,AnalyticsEdge,Performance Lag,Low,2024-03-03,,,48,Yes,Open,Pooja Patel,Portal,
TKT-00836,CLI-0174,CloudShift Platform,Performance Lag,Low,2023-05-04,2023-05-07,83.2,48,,Resolved,Rahul Das,Phone,1
TKT-02467,CLI-0017,AI Insights Module,API Integration Failure,Medium,2024-11-12,2024-11-14,49.3,24,No,Resolved,Karan Gupta,Chat,4
TKT-01180,CLI-0024,CloudShift Platform,Data Sync Error,Medium,2024-11-19,2024-11-21,53.9,24,No,Resolved,Manish Nair,Chat,3
TKT-00725,CLI-0153,DevOps Accelerator,Login  Issue,High,2024-01-11,2024-01-11,14.0,8,No,Resolved,Siddharth Reddy,Phone,5
TKT-00007,CLI-0180,AnalyticsEdge,Security Alert,Medium,2024-12-13,2024-12-14,41.5,24,No,Resolved,Karan Gupta,Email,
TKT-02664,CLI-0220,AnalyticsEdge,Security Alert,Medium,2023-07-25,2023-07-26,41.9,24,No,Resolved,Divya Verma,Chat,2
TKT-01005,CLI-0239,CloudShift Platform,API Integration Failure,Medium,2024-02-23,,,24,Yes,In Progress,Ananya Joshi,Portal,
TKT-00476,CLI-0210,DataVault Pro,Login Issue,Medium,2024-01-09,2024-01-11,58.3,24,No,Resolved,Nikhil Mehta,Portal,4
TKT-01263,CLI-0051,DataVault Pro,Billing Query,High,2025-03-09,2025-03-09,8.9,8,No,Resolved,Arjun Mishra,Portal,5
TKT-03088,CLI-0034,AI Insights Module,Feature Request,High,2023-04-18,2023-04-18,13.0,8,No,Resolved,Divya Reddy,Phone,3
TKT-03262,CLI-0164,DataVault Pro,billing query,Low,2023-05-04,,,48,No,Open,Manish Nair,Phone,
TKT-02369,CLI-0264,AnalyticsEdge,API Integration Failure,Medium,2023-03-05,,,24,No,In Progress,,Phone,
TKT-02936,CLI-0107,AnalyticsEdge,Data Sync Error,Medium,2023-07-01,2023-07-02,43.8,24,No,Resolved,Rahul Das,Email,
TKT-02797,CLI-0082,AI Insights Module,Feature Request,High,2024-12-21,,,8,Yes,Open,Pooja Patel,Chat,
TKT-01174,CLI-0087,AnalyticsEdge,Onboarding Support,Medium,2023-03-22,2023-03-24,50.5,24,No,Resolved,Rahul Das,Phone,4
TKT-02345,CLI-0033,SecureNet Suite,Dashboard Bug,High,2024-06-13,2024-06-13,7.1,8,Yes,Resolved,Manish Nair,Chat,4
TKT-03925,CLI-0014,CloudShift Platform,Dashboard Bug,Low,2023-05-28,2023-05-29,24.4,48,Yes,Resolved,Nikhil Reddy,Chat,4
TKT-00974,CLI-0077,SecureNet Suite,Billing Query,Critical,2024-10-12,,,4,Yes,Open,,Email,
TKT-01775,CLI-0041,SecureNet Suite,Dashboard Bug,Low,2023-07-25,,,48,No,Open,Kavya Iyer,Chat,
TKT-00298,CLI-0272,SecureNet Suite,Login Issue,Medium,2024-07-06,,,24,Yes,Escalated,Karan Rao,Chat,
TKT-00392,CLI-0020,AI Insights Module,Onboarding Support,Medium,2024-09-25,2024-09-26,27.9,24,No,Resolved,Pooja Iyer,Phone,2
TKT-01611,CLI-0204,DataVault Pro,Dashboard Bug,Low,2024-03-28,2024-04-01,100.2,48,,Resolved,Priya Nair,Portal,4
TKT-00058,CLI-0099,AnalyticsEdge,Feature Request,Low,2024-07-08,,,48,Yes,Escalated,Pooja Iyer,Chat,
TKT-00485,CLI-0298,CloudShift Platform,Security Alert,Medium,2024-08-24,2024-08-26,54.8,24,No,Resolved,Divya Verma,Email,5
TKT-01381,CLI-0280,AI Insights Module,Billing Query,Low,2023-06-02,2023-06-04,60.4,48,No,Resolved,Priya Nair,Phone,3
TKT-01467,CLI-0115,DevOps Accelerator,Access Permission Issue,Low,2025-02-11,2025-02-11,18.9,48,Yes,Resolved,Karan Rao,Chat,5
TKT-01356,CLI-0235,CloudShift Platform,API Integration Failure,Medium,2023-04-17,2023-04-18,43.9,24,No,Resolved,,Portal,4
TKT-03168,CLI-0136,AI Insights Module,Feature Request,,2023-01-25,,,4,No,In Progress,Priya Nair,Phone,
TKT-01752,CLI-0149,DevOps Accelerator,API Integration Failure,High,2024-06-25,2024-06-25,15.9,8,No,Resolved,Karan Gupta,Portal,4
TKT-02840,CLI-0038,CloudShift Platform,data sync error,Medium,2023-01-27,2023-01-28,29.3,24,No,Resolved,Deepika Mishra,Portal,2
TKT-02690,CLI-0215,AnalyticsEdge,Dashboard Bug,Low,2024-11-14,2024-11-15,42.3,48,Yes,Resolved,Manish Nair,Phone,5
TKT-03752,CLI-0053,AI Insights Module,Data Sync Error,High,2024-02-29,2024-02-29,15.3,8,No,Resolved,Karan Rao,Phone,3
TKT-02306,CLI-0110,AnalyticsEdge,Data Sync Error,Medium,02/10/2023,2023-02-10,6.0,24,Yes,Resolved,Priya Nair,Chat,3
TKT-00909,CLI-0032,CloudShift Platform,Onboarding Support,High,2025-01-16,,,8,No,Escalated,Rahul Das,Portal,
TKT-01303,CLI-0005,DataVault Pro,Billing Query,Low,2024-10-22,2024-10-23,25.9,48,Yes,Resolved,Deepika Mishra,Portal,2
TKT-03624,CLI-0237,DevOps Accelerator,Dashboard Bug,High,2023-03-07,,,8,No,In Progress,Karan Rao,Chat,
TKT-01221,CLI-0076,AnalyticsEdge,Onboarding Support,High,2023-12-30,,,8,,In Progress,Manish Nair,Phone,
TKT-03079,CLI-0125,AnalyticsEdge,Performance Lag,High,2023-05-14,2023-05-14,3.8,8,Yes,Resolved,Siddharth Reddy,Chat,
TKT-02675,CLI-0243,DevOps Accelerator,Login Issue,Medium,2024-12-11,2024-12-12,29.4,24,No,Resolved,Deepika Mishra,Chat,1
TKT-03423,CLI-0002,CloudShift Platform,Performance Lag,Medium,2023-11-06,,,24,,Open,Siddharth Reddy,Email,
TKT-03076,CLI-0196,AnalyticsEdge,Onboarding Support,High,2024-08-05,2024-08-05,9.3,8,No,Resolved,Pooja Iyer,Phone,
TKT-01476,CLI-0286,SecureNet Suite,Performance Lag,Medium,2025-03-25,2025-03-26,31.5,24,No,Resolved,Karan Rao,Email,4
TKT-00807,CLI-0234,SecureNet Suite,Performance Lag,Low,2023-10-05,,,48,No,In Progress,Divya Reddy,Portal,
TKT-02041,CLI-0049,DataVault Pro,API Integration Failure,Low,2024-01-07,2024-01-07,8.9,48,Yes,Resolved,Rahul Das,Portal,5
TKT-01506,CLI-0016,AI Insights Module,Performance Lag,Low,2025-03-22,,,48,No,Escalated,Manish Nair,Phone,
TKT-02238,CLI-0279,AnalyticsEdge,Server Downtime,Low,2023-02-25,,,48,No,In Progress,Karan Rao,Email,
TKT-01011,CLI-0263,AnalyticsEdge,Security Alert,Medium,2025-03-30,2025-03-30,20.5,24,Yes,Resolved,,Chat,
TKT-03222,CLI-0222,SecureNet Suite,Onboarding Support,High,2024-06-01,2024-06-01,17.0,8,No,Resolved,Deepika Mishra,Chat,5
TKT-03100,CLI-0298,SecureNet Suite,Data Sync Error,Medium,2025-02-09,2025-02-09,5.3,24,Yes,Resolved,Arjun Mishra,Phone,3
TKT-02550,CLI-0138,SecureNet Suite,Dashboard Bug,High,2024-04-13,2024-04-13,6.0,8,Yes,Resolved,Pooja Patel,Phone,5
TKT-01816,CLI-0166,SecureNet Suite,Performance Lag,Medium,2024-01-29,2024-01-31,59.5,24,No,Resolved,Nikhil Reddy,Chat,4
TKT-03471,CLI-0012,CloudShift Platform,Login Issue,Critical,2023-01-02,2023-01-02,9.7,4,No,Resolved,Pooja Iyer,Chat,5
TKT-00176,CLI-0053,AI Insights Module,Performance Lag,Low,2024-02-01,2024-02-04,77.3,48,No,Resolved,Siddharth Reddy,Phone,3
TKT-00708,CLI-0072,DevOps Accelerator,billing query,Low,2023-09-09,2023-09-10,31.1,48,Yes,Resolved,Pooja Gupta,Email,5
TKT-02486,CLI-0101,DataVault Pro,Report Inaccuracy,High,2024-09-24,,,8,Yes,Open,Nikhil Mehta,Phone,
TKT-00750,CLI-0223,CloudShift Platform,Onboarding Support,High,2023-11-18,2023-11-18,3.9,8,Yes,Resolved,Neha Gupta,Portal,
TKT-02577,CLI-0273,SecureNet Suite,Data  Sync  Error,Low,2024-05-08,,,48,No,Open,Rahul Das,Portal,
TKT-02659,CLI-0048,SecureNet Suite,performance lag,Low,2024-04-14,,,48,,In Progress,Pooja Patel,Chat,
TKT-02625,CLI-0143,SecureNet Suite,Access Permission Issue,High,2024-06-28,2024-06-28,18.0,8,,Resolved,Deepika Mishra,Phone,4
TKT-00681,CLI-0025,DevOps Accelerator,Billing Query,Low,2024-11-12,,,48,No,In Progress,Pooja Gupta,Phone,
TKT-02391,CLI-0013,CloudShift Platform,Security Alert,Low,2024-12-11,,,48,,Escalated,Rahul Das,Email,
TKT-03169,CLI-0200,DataVault Pro,Server Downtime,Critical,2024-10-08,2024-10-08,9.4,4,No,Resolved,Kavya Iyer,Email,
TKT-01222,CLI-0271,DataVault Pro,Billing Query,Low,12/11/2023,2023-12-15,110.1,48,No,Resolved,Priya Nair,Phone,
TKT-03703,CLI-0029,CloudShift Platform,Data Sync Error,Medium,2023-12-19,2023-12-20,32.4,24,,Resolved,Neha Gupta,Phone,3
TKT-01898,CLI-0299,AI Insights Module,Server Downtime,Low,2023-09-07,,,48,No,In Progress,Manish Nair,Phone,
TKT-01450,CLI-0214,SecureNet Suite,Billing Query,Low,2023-07-07,2023-07-09,57.2,48,No,Resolved,Manish Nair,Phone,5
TKT-01054,CLI-0043,AI Insights Module,Feature  Request,,2024-10-29,2024-10-29,3.9,8,Yes,Resolved,Ananya Joshi,Email,
TKT-00711,CLI-0227,SecureNet Suite,Billing Query,High,2023-09-27,2023-09-27,8.1,8,No,Resolved,Arjun Mishra,Portal,2
TKT-02498,CLI-0164,AI Insights Module,Dashboard Bug,Low,2024-01-25,2024-01-29,110.3,48,No,Resolved,Divya Verma,Phone,2
TKT-00915,CLI-0241,DataVault Pro,Onboarding Support,Medium,2023-01-06,,,24,No,In Progress,Deepika Mishra,Email,
TKT-00532,CLI-0290,CloudShift Platform,api integration failure,Medium,2023-01-23,25-01-2023,59.3,24,No,Resolved,Pooja Gupta,Chat,4
TKT-03501,CLI-0064,DevOps Accelerator,billing query,High,2023-06-29,2023-06-29,19.8,8,No,Resolved,Pooja Iyer,Portal,5
TKT-00355,CLI-0079,SecureNet Suite,Dashboard Bug,High,2023-09-09,2023-09-09,18.5,8,No,Resolved,Rahul Das,Phone,5
TKT-02135,CLI-0151,DevOps Accelerator,Dashboard Bug,Low,2025-03-29,01-04-2025,75.5,48,No,Resolved,Pooja Patel,Phone,3
TKT-03477,CLI-0047,DataVault Pro,Data Sync Error,Medium,2024-09-05,2024-09-05,10.4,24,Yes,Resolved,Pooja Gupta,Phone,1
TKT-01624,CLI-0082,DataVault Pro,Report Inaccuracy,High,2023-04-19,2023-04-19,16.3,8,No,Resolved,Nikhil Mehta,Phone,1
TKT-03330,CLI-0279,CloudShift Platform,Login Issue,Medium,10/22/2023,,,24,Yes,Open,Divya Verma,Chat,
TKT-03359,CLI-0164,DataVault Pro,Access Permission Issue,Low,2024-10-16,16-10-2024,10.1,48,Yes,Resolved,Ananya Joshi,Phone,5
TKT-00763,CLI-0016,DevOps Accelerator,Login Issue,Medium,2024-12-16,2024-12-16,10.9,24,Yes,Resolved,Ananya Joshi,Portal,3
TKT-02868,CLI-0146,AI Insights Module,Billing Query,Low,2023-02-26,2023-03-02,98.3,48,No,Resolved,Deepika Mishra,Phone,4
TKT-00371,CLI-0125,CloudShift Platform,Data Sync Error,High,2024-05-06,,,8,No,In Progress,Karan Gupta,Phone,
TKT-03760,CLI-0219,DataVault Pro,Report Inaccuracy,Low,2023-11-12,2023-11-12,8.1,48,Yes,Resolved,Manish Nair,Email,4
TKT-00431,CLI-0080,AnalyticsEdge,Dashboard Bug,Low,2023-07-11,,,48,,In Progress,Karan Gupta,Portal,
TKT-02814,CLI-0010,AI Insights Module,login issue,Low,2023-06-30,,,48,Yes,Open,Siddharth Reddy,Portal,
TKT-01556,CLI-0229,AnalyticsEdge,Access Permission Issue,Medium,06/30/2023,2023-07-02,50.4,24,No,Resolved,Divya Reddy,Phone,3
TKT-00313,CLI-0105,AnalyticsEdge,Login Issue,Low,2025-03-19,,,48,No,In Progress,Karan Rao,Chat,
TKT-03593,CLI-0260,DataVault Pro,Billing Query,Low,2024-06-07,2024-06-11,105.3,48,No,Resolved,Nikhil Mehta,Chat,4
TKT-03987,CLI-0181,AI Insights Module,Feature Request,Medium,2023-10-25,2023-10-27,54.7,24,No,Resolved,Priya Nair,Email,
TKT-03031,CLI-0114,AI Insights Module,Security  Alert,High,2024-09-07,2024-09-07,17.3,8,No,Resolved,Pooja Gupta,Email,4
TKT-00591,CLI-0256,DevOps Accelerator,Performance Lag,Medium,2023-07-18,2023-07-18,23.6,24,Yes,Resolved,Pooja Iyer,Portal,4
TKT-02469,CLI-0147,AnalyticsEdge,Server Downtime,Critical,2024-11-28,,,4,No,Open,Rahul Das,Phone,
TKT-01398,CLI-0076,DevOps Accelerator,Feature Request,Medium,2023-05-08,,,24,No,In Progress,Karan Gupta,Portal,
TKT-00927,CLI-0196,DataVault Pro,Access Permission Issue,Medium,2024-09-10,2024-09-10,9.4,24,Yes,Resolved,Pooja Patel,Portal,5
TKT-02099,CLI-0222,AnalyticsEdge,Billing Query,Medium,2025-01-25,2025-01-26,32.4,24,No,Resolved,Siddharth Reddy,Phone,1
TKT-00327,CLI-0089,AI Insights Module,billing query,Low,2024-07-17,2024-07-21,102.0,48,No,Resolved,Ananya Joshi,Portal,2
TKT-00623,CLI-0080,AnalyticsEdge,Onboarding Support,Medium,2023-12-18,2023-12-19,32.5,24,No,Resolved,Divya Verma,Phone,5
TKT-01682,CLI-0147,AI Insights Module,Billing Query,Medium,2024-10-17,,,24,No,In Progress,Karan Rao,Portal,
TKT-02596,CLI-0190,AnalyticsEdge,Report Inaccuracy,Critical,2023-07-28,2023-07-28,2.4,4,Yes,Resolved,Pooja Iyer,Portal,4
TKT-02755,CLI-0025,DataVault Pro,Dashboard Bug,High,2023-06-23,2023-06-23,7.6,8,Yes,Resolved,Deepika Mishra,Portal,3
TKT-02327,CLI-0057,AnalyticsEdge,API Integration Failure,Medium,2024-04-06,2024-04-07,40.1,24,No,Resolved,Nikhil Reddy,Phone,4
TKT-03660,CLI-0159,DevOps Accelerator,Report  Inaccuracy,High,2024-04-27,2024-04-27,5.9,8,Yes,Resolved,Rahul Das,Phone,5
TKT-02524,CLI-0257,DataVault Pro,Data Sync Error,Critical,2024-07-27,,,4,No,Open,Arjun Mishra,Portal,
TKT-01404,CLI-0299,DevOps Accelerator,dashboard bug,Medium,2023-09-25,2023-09-26,32.1,24,No,Resolved,Deepika Mishra,Email,1
TKT-01780,CLI-0073,CloudShift Platform,Data Sync Error,Low,2023-01-23,2023-01-26,95.0,48,,Resolved,Karan Gupta,Portal,4
TKT-00365,CLI-0118,DevOps Accelerator,Dashboard Bug,High,2024-01-17,,,8,Yes,Escalated,Nikhil Reddy,Phone,
TKT-03806,CLI-0195,DevOps Accelerator,Feature Request,High,2023-05-31,,,8,Yes,Open,Arjun Mishra,Email,
TKT-00777,CLI-0091,CloudShift Platform,API Integration Failure,Medium,2024-04-05,,,24,No,In Progress,Pooja Iyer,Portal,
TKT-01219,CLI-0253,DevOps Accelerator,Billing Query,High,2024-09-02,2024-09-02,5.6,8,Yes,Resolved,Nikhil Reddy,Phone,
TKT-03420,CLI-0200,SecureNet Suite,Dashboard  Bug,Low,2024-11-04,2024-11-06,54.7,48,No,Resolved,Rahul Das,Phone,2
TKT-01879,CLI-0082,CloudShift Platform,Login Issue,Medium,2023-05-26,2023-05-28,50.9,24,No,Resolved,Rahul Das,Email,4
TKT-00530,CLI-0147,AI Insights Module,Billing Query,High,06/29/2023,2023-06-29,14.3,8,No,Resolved,Rahul Das,Portal,4
TKT-03452,CLI-0106,AI Insights Module,API Integration Failure,Medium,2023-11-29,2023-11-29,13.6,24,Yes,Resolved,Priya Nair,Email,4
TKT-03919,CLI-0268,AI Insights Module,Dashboard  Bug,High,2024-02-06,2024-02-06,10.5,8,No,Resolved,Manish Nair,Email,3
TKT-02649,CLI-0211,AnalyticsEdge,Report Inaccuracy,Medium,2023-12-01,2023-12-02,26.4,24,No,Resolved,Siddharth Reddy,Phone,
TKT-00968,CLI-0113,SecureNet Suite,Security Alert,Critical,2025-03-18,,,4,No,In Progress,Rahul Das,Chat,
TKT-01839,CLI-0094,SecureNet Suite,Security Alert,Medium,2024-09-15,2024-09-15,14.2,24,Yes,Resolved,Deepika Mishra,Email,2
TKT-03285,CLI-0196,AI Insights Module,Onboarding Support,Low,2024-06-22,2024-06-24,48.2,48,No,Resolved,Nikhil Mehta,Email,5
TKT-01641,CLI-0185,DataVault Pro,Access Permission Issue,Critical,2023-07-27,27-07-2023,3.2,4,Yes,Resolved,Nikhil Mehta,Email,1
TKT-01328,CLI-0223,AI Insights Module,Dashboard Bug,Medium,2024-01-08,2024-01-09,39.6,24,No,Resolved,Priya Patel,Email,
TKT-03794,CLI-0212,DevOps Accelerator,Login Issue,Low,2023-05-18,2023-05-22,98.1,48,No,Resolved,Pooja Gupta,Email,4
TKT-00360,CLI-0274,CloudShift Platform,Billing Query,High,2023-11-09,,,8,No,In Progress,Pooja Patel,Chat,
TKT-00388,CLI-0215,AnalyticsEdge,Billing Query,Medium,2023-03-14,,,24,No,Open,Divya Verma,Chat,
TKT-01985,CLI-0292,SecureNet Suite,API  Integration  Failure,High,2023-01-15,2023-01-15,12.5,8,No,Resolved,Karan Rao,Chat,4
TKT-02203,CLI-0129,DevOps Accelerator,Performance Lag,Medium,2023-03-21,2023-03-21,19.3,24,Yes,Resolved,Pooja Patel,Chat,3
TKT-01194,CLI-0180,DevOps Accelerator,Billing Query,Low,2023-07-27,2023-07-28,46.5,48,Yes,Resolved,Priya Nair,Email,5
TKT-03668,CLI-0250,CloudShift Platform,Data Sync Error,Low,2023-01-05,,,48,No,Open,Pooja Patel,Phone,
TKT-01651,CLI-0003,DataVault Pro,Data  Sync  Error,Low,2023-04-10,,,48,Yes,Escalated,Rahul Das,Chat,
TKT-03930,CLI-0036,DevOps Accelerator,Access Permission Issue,High,2024-04-05,,,8,No,In Progress,Neha Gupta,Chat,
TKT-03002,CLI-0108,SecureNet Suite,Security Alert,Medium,05/15/2023,2023-05-15,5.1,24,Yes,Resolved,Divya Reddy,Portal,
TKT-03933,CLI-0011,DataVault Pro,Report Inaccuracy,Critical,2024-12-03,2024-12-03,1.5,4,Yes,Resolved,Nikhil Reddy,Email,5
TKT-03666,CLI-0166,CloudShift Platform,Data Sync Error,Medium,2023-10-20,2023-10-20,3.8,24,Yes,Resolved,Pooja Iyer,Portal,4
TKT-00296,CLI-0232,AnalyticsEdge,Feature Request,Critical,2024-03-26,,,4,No,Open,Kavya Iyer,Phone,
TKT-02322,CLI-0241,SecureNet Suite,Security Alert,Medium,2023-04-08,,,24,No,Open,Pooja Iyer,Chat,
TKT-01843,CLI-0147,DataVault Pro,Security Alert,Medium,2024-07-24,2024-07-24,7.2,24,Yes,Resolved,Pooja Patel,Email,1
TKT-00281,CLI-0084,DevOps Accelerator,Login Issue,Medium,2025-01-20,2025-01-22,48.9,24,,Resolved,Nikhil Mehta,Phone,4
TKT-03230,CLI-0142,CloudShift Platform,Onboarding Support,High,2024-02-09,,,8,No,Open,Arjun Mishra,Email,
TKT-02332,CLI-0134,AI Insights Module,Login Issue,Critical,2024-04-24,,,4,No,In Progress,Arjun Mishra,Chat,
TKT-02405,CLI-0201,DevOps Accelerator,Onboarding Support,Low,2023-12-04,2023-12-06,55.8,48,No,Resolved,Kavya Iyer,Phone,4
TKT-02671,CLI-0007,AI Insights Module,Feature Request,,2023-09-29,,,24,Yes,In Progress,Nikhil Reddy,Chat,
TKT-02576,CLI-0020,DataVault Pro,Onboarding Support,High,2023-10-14,,,8,No,Open,Manish Nair,Chat,
TKT-03241,CLI-0260,DataVault Pro,Report Inaccuracy,High,2023-02-19,2023-02-19,5.7,8,Yes,Resolved,Priya Patel,Portal,4
TKT-01649,CLI-0185,DataVault Pro,Report Inaccuracy,High,2024-11-28,2024-11-28,16.6,8,No,Resolved,,Phone,
TKT-02313,CLI-0036,AnalyticsEdge,Onboarding Support,Medium,2023-04-26,,,24,No,Escalated,,Email,
TKT-01994,CLI-0093,DataVault Pro,Access Permission Issue,High,07/17/2024,,,8,No,In Progress,Nikhil Reddy,Portal,
TKT-01666,CLI-0091,CloudShift Platform,Dashboard Bug,Low,2023-03-28,2023-04-01,110.2,48,No,Resolved,Priya Nair,Chat,
TKT-03374,CLI-0254,AnalyticsEdge,Report Inaccuracy,Medium,2024-02-07,,,24,No,Open,Siddharth Reddy,Phone,
TKT-00531,CLI-0071,DevOps Accelerator,Dashboard Bug,Critical,04/10/2024,2024-04-10,2.8,4,Yes,Resolved,Arjun Mishra,Portal,3
TKT-00523,CLI-0258,SecureNet Suite,Dashboard Bug,Medium,2023-08-04,,,24,No,Open,Neha Gupta,Chat,
TKT-03867,CLI-0114,SecureNet Suite,Onboarding Support,High,2023-04-01,2023-04-01,19.5,8,No,Resolved,Rahul Das,Portal,4
TKT-01507,CLI-0031,AnalyticsEdge,API Integration Failure,High,04/06/2023,2023-04-06,1.0,8,Yes,Resolved,Nikhil Reddy,Phone,5
TKT-03684,CLI-0054,DataVault Pro,Server Downtime,Medium,2023-12-31,2023-12-31,4.2,24,Yes,Resolved,Nikhil Mehta,Email,4
TKT-03434,CLI-0038,AI Insights Module,Security Alert,Medium,2025-02-07,2025-02-07,6.1,24,Yes,Resolved,Siddharth Reddy,Phone,4
TKT-01765,CLI-0111,DataVault Pro,Login Issue,Low,2024-12-11,2024-12-13,64.2,48,No,Resolved,Divya Reddy,Chat,3
TKT-01527,CLI-0220,AnalyticsEdge,Billing Query,Critical,2023-12-26,2023-12-26,2.7,4,Yes,Resolved,Karan Gupta,Phone,4
TKT-01540,CLI-0051,DataVault Pro,Server Downtime,Critical,2024-01-11,,,4,No,Open,Rahul Das,Phone,
TKT-03521,CLI-0226,AnalyticsEdge,Feature Request,Critical,2023-05-10,2023-05-10,5.0,4,No,Resolved,Karan Rao,Portal,3
TKT-02998,CLI-0125,CloudShift Platform,Report Inaccuracy,High,2024-09-04,2024-09-04,13.0,8,No,Resolved,Divya Verma,Chat,4
TKT-00407,CLI-0150,DataVault Pro,Data Sync Error,Medium,2023-11-04,2023-11-04,14.4,24,Yes,Resolved,Nikhil Mehta,Phone,4
TKT-00981,CLI-0255,CloudShift Platform,Server Downtime,Medium,2023-10-23,2023-10-24,24.5,24,No,Resolved,Neha Gupta,Chat,5
TKT-00570,CLI-0131,DataVault Pro,Access Permission Issue,High,2025-01-05,2025-01-05,6.9,8,Yes,Resolved,Kavya Iyer,Chat,4
TKT-01588,CLI-0246,CloudShift Platform,Billing Query,Medium,2023-06-28,2023-06-29,34.4,24,No,Resolved,Nikhil Reddy,Portal,
TKT-01292,CLI-0055,CloudShift Platform,Dashboard Bug,Medium,2024-06-17,,,24,No,Open,Neha Gupta,Chat,
TKT-02193,CLI-0094,SecureNet Suite,Dashboard Bug,Medium,2024-11-30,,,24,Yes,In Progress,Divya Reddy,Chat,
TKT-02433,CLI-0130,AI Insights Module,login issue,Medium,2023-07-26,2023-07-28,50.9,24,No,Resolved,Ananya Joshi,Email,3
TKT-00629,CLI-0074,AnalyticsEdge,Data Sync Error,Low,2024-06-12,2024-06-16,114.5,48,,Resolved,Priya Patel,Email,4
TKT-00404,CLI-0235,AI Insights Module,Performance Lag,Low,2023-11-01,2023-11-05,98.7,48,No,Resolved,Nikhil Reddy,Chat,5
TKT-02217,CLI-0192,CloudShift Platform,Data Sync Error,Low,2024-03-12,2024-03-13,27.1,48,Yes,Resolved,Siddharth Reddy,Chat,5
TKT-03625,CLI-0153,DevOps Accelerator,Security Alert,High,2024-09-04,,,8,Yes,Open,Deepika Mishra,Chat,
TKT-00802,CLI-0098,DataVault Pro,Data Sync Error,High,2023-12-14,,,8,No,Open,Siddharth Reddy,Chat,
TKT-02246,CLI-0168,AnalyticsEdge,Report Inaccuracy,Low,2023-10-29,,,48,Yes,Escalated,Pooja Iyer,Portal,
TKT-00744,CLI-0069,AI Insights Module,Dashboard Bug,High,2024-12-01,,,8,No,Open,Divya Verma,Portal,
TKT-02456,CLI-0134,DevOps Accelerator,Onboarding Support,,2023-09-26,2023-09-27,43.5,24,No,Resolved,Neha Gupta,Phone,5
TKT-02083,CLI-0014,DevOps Accelerator,Server Downtime,Low,2024-08-29,2024-08-31,68.4,48,No,Resolved,Siddharth Reddy,Email,3
TKT-03427,CLI-0223,AI Insights Module,Performance Lag,Low,2024-07-23,,,48,No,Escalated,Arjun Mishra,Chat,
TKT-02586,CLI-0015,CloudShift Platform,dashboard bug,High,2023-05-13,2023-05-13,13.5,8,No,Resolved,Siddharth Reddy,Email,4
TKT-01858,CLI-0075,DataVault Pro,Security Alert,High,2023-10-04,2023-10-04,16.8,8,No,Resolved,Pooja Gupta,Portal,4
TKT-01864,CLI-0206,SecureNet Suite,Report Inaccuracy,High,2025-03-20,,,8,Yes,Escalated,Arjun Mishra,Chat,
TKT-03107,CLI-0104,DevOps Accelerator,Security  Alert,High,2024-05-15,2024-05-15,19.0,8,No,Resolved,Neha Gupta,Chat,3
TKT-00536,CLI-0300,DevOps Accelerator,Performance Lag,Critical,2023-06-15,2023-06-15,9.2,4,No,Resolved,Kavya Iyer,Chat,5
TKT-01704,CLI-0211,SecureNet Suite,Access Permission Issue,Low,2023-12-04,,,48,Yes,Open,Divya Reddy,Chat,
TKT-00137,CLI-0191,AI Insights Module,Feature Request,High,2024-06-02,,,8,No,In Progress,Pooja Gupta,Phone,
TKT-03353,CLI-0241,SecureNet Suite,Dashboard Bug,Medium,2023-04-26,,,24,Yes,Escalated,Manish Nair,Chat,
TKT-00783,CLI-0185,DataVault Pro,Report Inaccuracy,Medium,2024-08-14,2024-08-14,6.1,24,Yes,Resolved,Pooja Iyer,Email,4
TKT-01541,CLI-0220,AI Insights Module,Login Issue,Medium,2025-02-10,2025-02-10,14.4,24,Yes,Resolved,Divya Verma,Portal,3
TKT-02835,CLI-0026,AI Insights Module,Server Downtime,Medium,2024-05-04,,,24,No,In Progress,Kavya Iyer,Chat,
TKT-00859,CLI-0052,AnalyticsEdge,Server Downtime,Medium,2023-07-17,2023-07-17,14.2,24,Yes,Resolved,Karan Gupta,Portal,4
TKT-00739,CLI-0044,AnalyticsEdge,API Integration Failure,Critical,2023-03-30,2023-03-30,3.0,4,Yes,Resolved,Pooja Gupta,Portal,5
TKT-02265,CLI-0044,DataVault Pro,Security Alert,Medium,2024-12-29,,,24,No,Open,Karan Rao,Portal,
TKT-02861,CLI-0081,SecureNet Suite,API Integration Failure,Medium,2024-12-30,2025-01-01,52.8,24,No,Resolved,,Chat,5
TKT-03685,CLI-0293,DataVault Pro,Onboarding Support,Critical,2023-04-16,,,4,Yes,Escalated,Rahul Das,Phone,
TKT-01722,CLI-0266,SecureNet Suite,Data Sync Error,Low,2023-10-26,,,48,Yes,Open,Ananya Joshi,Phone,
TKT-02788,CLI-0222,SecureNet Suite,billing query,Low,2023-12-03,,,48,Yes,In Progress,Divya Reddy,Chat,
TKT-03725,CLI-0232,DataVault Pro,Onboarding Support,Medium,2023-07-10,,,24,No,Open,Divya Verma,Chat,
TKT-03317,CLI-0220,SecureNet Suite,Access Permission Issue,Low,2024-05-17,2024-05-19,53.7,48,No,Resolved,Divya Reddy,Email,5
TKT-03386,CLI-0283,DataVault Pro,Access Permission Issue,High,2024-09-14,2024-09-14,8.0,8,Yes,Resolved,Pooja Iyer,Phone,5
TKT-01321,CLI-0091,DataVault Pro,Feature Request,High,2024-02-11,,,8,No,Open,Nikhil Mehta,Chat,
TKT-03858,CLI-0185,AnalyticsEdge,Server Downtime,Medium,2023-11-02,,,24,No,Escalated,Pooja Patel,Email,
TKT-01826,CLI-0103,AnalyticsEdge,Billing Query,Medium,2024-06-14,2024-06-16,56.9,24,No,Resolved,Kavya Iyer,Chat,3
TKT-02098,CLI-0132,SecureNet Suite,Login Issue,Medium,2025-03-03,2025-03-04,33.8,24,No,Resolved,Priya Patel,Portal,2
TKT-02683,CLI-0169,AI Insights Module,Security Alert,,2024-02-25,,,24,Yes,In Progress,Karan Gupta,Phone,
TKT-03903,CLI-0230,DataVault Pro,Security Alert,Medium,2023-05-07,2023-05-09,52.9,24,No,Resolved,Pooja Iyer,Email,4
TKT-00574,CLI-0160,AI Insights Module,Data Sync Error,Medium,2024-02-11,2024-02-12,33.9,24,No,Resolved,Pooja Iyer,Portal,4
TKT-03311,CLI-0049,AI Insights Module,Data Sync Error,Critical,2024-04-06,2024-04-06,7.5,4,No,Resolved,Pooja Iyer,Email,4
TKT-02116,CLI-0300,AnalyticsEdge,Billing Query,High,2024-02-03,2024-02-03,1.7,8,Yes,Resolved,Divya Verma,Email,4
TKT-02004,CLI-0047,DataVault Pro,Access Permission Issue,Medium,2023-11-20,2023-11-20,7.5,24,Yes,Resolved,Nikhil Mehta,Email,5
TKT-02131,CLI-0019,DataVault Pro,Dashboard Bug,Medium,04/17/2023,17-04-2023,15.3,24,Yes,Resolved,Divya Reddy,Chat,1
TKT-01106,CLI-0068,DevOps Accelerator,Login Issue,High,2024-08-15,2024-08-15,13.9,8,No,Resolved,Divya Verma,Email,
TKT-01680,CLI-0129,SecureNet Suite,API Integration Failure,Low,2024-04-06,2024-04-10,99.8,48,No,Resolved,Rahul Das,Portal,2
TKT-01028,CLI-0116,AI Insights Module,Performance Lag,Low,2023-03-13,2023-03-16,87.6,48,No,Resolved,Manish Nair,Email,4
TKT-03758,CLI-0022,DevOps Accelerator,Security Alert,Low,2023-07-01,2023-07-02,43.0,48,Yes,Resolved,Divya Verma,Email,4
TKT-01794,CLI-0032,AnalyticsEdge,API Integration Failure,Medium,2024-04-20,,,24,No,In Progress,Manish Nair,Phone,
TKT-00573,CLI-0189,DataVault Pro,Report Inaccuracy,High,2024-08-29,,,8,Yes,In Progress,Rahul Das,Phone,
TKT-01559,CLI-0036,DataVault Pro,Report Inaccuracy,Medium,2024-09-02,2024-09-02,3.6,24,Yes,Resolved,Rahul Das,Email,4
TKT-03139,CLI-0108,DataVault Pro,Performance Lag,High,2024-05-08,2024-05-08,9.2,8,No,Resolved,Karan Gupta,Phone,3
TKT-03151,CLI-0099,DevOps Accelerator,Billing Query,High,2024-05-08,,,8,Yes,Open,Rahul Das,Portal,
TKT-03489,CLI-0264,AnalyticsEdge,Billing Query,Low,2025-01-07,,,48,Yes,Open,Divya Reddy,Portal,
TKT-02511,CLI-0129,DevOps Accelerator,API Integration Failure,Low,2023-06-22,2023-06-25,94.4,48,No,Resolved,,Phone,5
TKT-01893,CLI-0285,SecureNet Suite,Data Sync Error,Medium,2024-09-27,2024-09-29,52.0,24,No,Resolved,Nikhil Reddy,Email,
TKT-00843,CLI-0229,DataVault Pro,Access Permission Issue,Medium,2023-03-11,,,24,Yes,Open,Divya Reddy,Email,
TKT-01214,CLI-0186,AnalyticsEdge,Feature Request,High,2025-03-04,,,8,Yes,In Progress,Rahul Das,Phone,
TKT-02529,CLI-0006,AI Insights Module,Security Alert,High,2024-03-01,2024-03-01,1.1,8,Yes,Resolved,Priya Patel,Email,
TKT-01610,CLI-0144,AnalyticsEdge,Security Alert,Medium,2025-03-19,2025-03-19,9.7,24,Yes,Resolved,Karan Rao,Portal,5
TKT-00237,CLI-0286,DevOps Accelerator,API Integration Failure,Low,2025-03-20,2025-03-22,66.8,48,No,Resolved,Rahul Das,Portal,3
TKT-00336,CLI-0111,CloudShift Platform,Onboarding Support,Low,02/04/2024,,,48,Yes,Open,Manish Nair,Chat,
TKT-00564,CLI-0285,SecureNet Suite,api integration failure,High,2023-09-19,,,8,No,In Progress,Priya Nair,Phone,
TKT-00562,CLI-0114,CloudShift Platform,Data Sync Error,High,2024-08-13,,,8,No,Open,Kavya Iyer,Phone,
TKT-00395,CLI-0274,DevOps Accelerator,Login Issue,Low,2025-02-07,,,48,Yes,Open,Manish Nair,Phone,
TKT-01571,CLI-0059,DevOps Accelerator,Feature Request,Critical,2024-03-01,01-03-2024,2.8,4,Yes,Resolved,Priya Patel,Email,4
TKT-00685,CLI-0112,CloudShift Platform,Billing  Query,High,2023-10-03,,,8,No,In Progress,Neha Gupta,Chat,
TKT-02439,CLI-0010,AI Insights Module,Onboarding Support,Low,2024-08-30,2024-09-03,99.6,48,No,Resolved,Priya Nair,Chat,
TKT-00760,CLI-0057,DevOps Accelerator,Billing Query,Medium,2023-04-06,,,24,No,Open,Karan Rao,Chat,
TKT-01549,CLI-0011,SecureNet Suite,Onboarding Support,Low,2024-05-23,2024-05-23,7.7,48,,Resolved,Manish Nair,Chat,5
TKT-01534,CLI-0003,CloudShift Platform,Report Inaccuracy,High,2024-02-06,2024-02-06,3.2,8,Yes,Resolved,,Chat,4
TKT-01035,CLI-0132,AI Insights Module,API Integration Failure,Low,2023-03-07,2023-03-07,1.6,48,Yes,Resolved,Karan Gupta,Portal,4
TKT-01678,CLI-0189,SecureNet Suite,Server Downtime,High,2023-11-19,,,8,No,Open,Rahul Das,Portal,
TKT-02574,CLI-0266,DevOps Accelerator,Onboarding Support,Critical,2024-12-28,,,4,Yes,Open,Divya Reddy,Phone,
TKT-00620,CLI-0292,DataVault Pro,Server  Downtime,Medium,2023-12-29,2023-12-29,5.2,24,Yes,Resolved,Priya Nair,Phone,5
TKT-02035,CLI-0084,SecureNet Suite,Performance Lag,Low,2024-07-12,,,48,No,Open,Kavya Iyer,Portal,
TKT-00152,CLI-0259,CloudShift Platform,Feature Request,Medium,2024-04-02,,,24,No,Escalated,Nikhil Mehta,Email,
TKT-00429,CLI-0101,AnalyticsEdge,Feature Request,Critical,2024-04-20,,,4,No,In Progress,Pooja Iyer,Chat,
TKT-01863,CLI-0206,CloudShift Platform,Security Alert,Low,11/05/2023,,,48,Yes,In Progress,Kavya Iyer,Portal,
TKT-00213,CLI-0106,AnalyticsEdge,Feature Request,Medium,2024-07-03,,,24,Yes,In Progress,Ananya Joshi,Phone,
TKT-03797,CLI-0207,DevOps Accelerator,Dashboard Bug,Low,2024-03-08,,,48,No,Escalated,Karan Rao,Email,
TKT-03000,CLI-0151,CloudShift Platform,Access Permission Issue,Medium,2023-07-03,,,24,Yes,In Progress,Siddharth Reddy,Phone,
TKT-03908,CLI-0096,DevOps Accelerator,Access Permission Issue,Critical,2025-01-02,2025-01-02,3.9,4,Yes,Resolved,Priya Patel,Portal,2
TKT-03534,CLI-0154,AI Insights Module,Performance Lag,,2023-06-02,,,48,No,Open,Neha Gupta,Phone,
TKT-03653,CLI-0059,DataVault Pro,Security Alert,Medium,2024-04-03,2024-04-03,10.1,24,Yes,Resolved,Pooja Iyer,Phone,4
TKT-02521,CLI-0101,DevOps Accelerator,Billing Query,High,2023-03-07,2023-03-07,18.5,8,No,Resolved,Karan Rao,Email,5
TKT-03922,CLI-0120,DataVault Pro,Report Inaccuracy,High,2023-07-11,,,8,No,Open,Ananya Joshi,Phone,
TKT-01421,CLI-0074,CloudShift Platform,Access Permission Issue,Medium,06/05/2023,2023-06-06,25.3,24,No,Resolved,Priya Patel,Chat,3
TKT-00924,CLI-0010,DataVault Pro,Feature Request,High,2023-09-24,,,8,No,In Progress,Rahul Das,Chat,
TKT-00749,CLI-0207,AI Insights Module,Server Downtime,Low,2025-01-18,2025-01-21,85.5,48,No,Resolved,Karan Gupta,Chat,1
TKT-00885,CLI-0279,CloudShift Platform,Login Issue,Low,2025-02-12,2025-02-12,22.4,48,Yes,Resolved,Divya Reddy,Chat,5
TKT-03362,CLI-0097,DataVault Pro,Login Issue,Low,2025-02-15,,,48,No,Escalated,Nikhil Reddy,Portal,
TKT-00930,CLI-0128,SecureNet Suite,Login Issue,Medium,2023-11-02,,,24,Yes,Escalated,Nikhil Reddy,Email,
TKT-03789,CLI-0182,DataVault Pro,Report Inaccuracy,High,2025-02-21,,,8,No,Open,Nikhil Mehta,Portal,
TKT-01817,CLI-0132,DataVault Pro,Report Inaccuracy,Medium,2023-12-29,2023-12-29,13.7,24,Yes,Resolved,Manish Nair,Portal,3
TKT-01162,CLI-0110,DevOps Accelerator,Dashboard  Bug,Low,2025-02-24,,,48,Yes,In Progress,Karan Gupta,Email,
TKT-00976,CLI-0296,DataVault Pro,Dashboard Bug,High,2023-10-28,,,8,No,Open,Nikhil Reddy,Portal,
TKT-02910,CLI-0140,SecureNet Suite,Billing Query,Medium,2023-08-13,2023-08-14,42.3,24,No,Resolved,Neha Gupta,Portal,1
TKT-00942,CLI-0144,DataVault Pro,Login Issue,Low,2024-07-19,2024-07-22,77.1,48,No,Resolved,Manish Nair,Chat,
TKT-03883,CLI-0086,DevOps Accelerator,Login Issue,High,2025-02-07,,,8,No,Open,Nikhil Mehta,Email,
TKT-03798,CLI-0270,SecureNet Suite,Dashboard Bug,Critical,05/05/2023,,,4,Yes,Open,Kavya Iyer,Phone,
TKT-01365,CLI-0131,AnalyticsEdge,Data Sync Error,High,2024-04-11,2024-04-11,2.8,8,Yes,Resolved,Pooja Gupta,Chat,5
TKT-02008,CLI-0283,SecureNet Suite,Onboarding Support,High,2023-01-03,2023-01-03,3.8,8,Yes,Resolved,,Portal,5
TKT-03122,CLI-0231,CloudShift Platform,Dashboard Bug,Low,2024-03-01,2024-03-01,21.1,48,Yes,Resolved,Divya Verma,Portal,5
TKT-03333,CLI-0090,DevOps Accelerator,Server Downtime,Medium,2023-08-21,2023-08-21,20.8,24,Yes,Resolved,Divya Reddy,Portal,2
TKT-03944,CLI-0053,AI Insights Module,Login Issue,Critical,2023-08-06,,,4,Yes,Open,Nikhil Mehta,Portal,
TKT-02343,CLI-0192,DevOps Accelerator,data  sync  error,Medium,2024-07-30,2024-07-31,39.8,24,No,Resolved,Arjun Mishra,Email,3
TKT-02402,CLI-0190,CloudShift Platform,Security Alert,Critical,2023-08-10,2023-08-10,3.3,4,,Resolved,Pooja Patel,Chat,5
TKT-00446,CLI-0080,DevOps Accelerator,Login Issue,High,2023-10-09,,,8,Yes,Open,Siddharth Reddy,Phone,
TKT-00342,CLI-0142,AnalyticsEdge,Report Inaccuracy,Medium,2023-04-09,2023-04-11,55.8,24,,Resolved,Siddharth Reddy,Email,5
TKT-01137,CLI-0220,AI Insights Module,Login Issue,Medium,2024-09-02,,,24,Yes,In Progress,Karan Rao,Chat,
TKT-02064,CLI-0241,SecureNet Suite,Billing Query,Low,2025-03-28,,,48,Yes,In Progress,Priya Nair,Phone,
TKT-03820,CLI-0199,AnalyticsEdge,Data Sync Error,High,2024-06-27,2024-06-27,12.9,8,,Resolved,Pooja Patel,Chat,3
TKT-01479,CLI-0117,SecureNet Suite,Login Issue,Medium,2024-01-21,,,24,Yes,Open,Pooja Gupta,Email,
TKT-03565,CLI-0255,CloudShift Platform,Server Downtime,Medium,2023-07-15,2023-07-16,43.6,24,No,Resolved,,Portal,
TKT-01999,CLI-0265,DataVault Pro,Login Issue,Medium,2024-07-26,,,24,No,Open,Priya Patel,Portal,
TKT-02599,CLI-0175,AnalyticsEdge,Performance Lag,Low,05/22/2024,2024-05-26,101.3,48,No,Resolved,Divya Reddy,Phone,4
TKT-03641,CLI-0127,AnalyticsEdge,Billing Query,Medium,2023-12-02,2023-12-04,57.5,24,No,Resolved,,Phone,4
TKT-02067,CLI-0155,CloudShift Platform,Login Issue,Low,2023-01-24,,,48,,Open,Rahul Das,Email,
TKT-01244,CLI-0070,DevOps Accelerator,Security Alert,Medium,2024-07-15,,,24,No,Escalated,Pooja Gupta,Phone,
TKT-00285,CLI-0075,AI Insights Module,Access Permission Issue,Low,2024-09-18,,,48,No,Open,Pooja Gupta,Email,
TKT-00169,CLI-0186,AI Insights Module,Dashboard Bug,Low,2023-07-11,2023-07-11,17.9,48,Yes,Resolved,Priya Patel,Phone,
TKT-03582,CLI-0143,CloudShift Platform,Feature Request,Medium,2024-02-01,,,24,No,In Progress,Divya Verma,Chat,
TKT-02319,CLI-0167,AnalyticsEdge,Access Permission Issue,Critical,2025-01-28,,,4,Yes,In Progress,Nikhil Mehta,Portal,
TKT-00256,CLI-0243,SecureNet Suite,Performance Lag,,2024-05-20,2024-05-20,11.1,8,No,Resolved,Deepika Mishra,Chat,
TKT-02311,CLI-0190,DataVault Pro,Report Inaccuracy,Low,2025-01-23,2025-01-23,17.0,48,Yes,Resolved,Karan Gupta,Email,5
TKT-01677,CLI-0084,AI Insights Module,API Integration Failure,High,2023-02-03,2023-02-03,13.6,8,No,Resolved,Arjun Mishra,Email,3
TKT-00565,CLI-0208,CloudShift Platform,server  downtime,High,2024-08-02,2024-08-02,12.5,8,No,Resolved,Karan Rao,Phone,2
TKT-02726,CLI-0253,SecureNet Suite,Onboarding Support,Low,2025-03-03,,,48,Yes,Escalated,Neha Gupta,Email,
TKT-03816,CLI-0267,CloudShift Platform,billing query,Medium,2023-07-19,2023-07-19,16.2,24,Yes,Resolved,Neha Gupta,Chat,1
TKT-03609,CLI-0119,CloudShift Platform,Dashboard Bug,Low,2023-04-22,2023-04-24,50.6,48,No,Resolved,Priya Patel,Phone,4
TKT-01930,CLI-0026,AI Insights Module,Dashboard Bug,Critical,2024-03-16,2024-03-16,5.8,4,No,Resolved,Rahul Das,Portal,4
TKT-02189,CLI-0277,AI Insights Module,Data Sync Error,,2023-01-28,2023-01-28,7.7,8,Yes,Resolved,Karan Gupta,Email,
TKT-03673,CLI-0291,AnalyticsEdge,Server Downtime,High,08/07/2024,,,8,No,Open,Priya Nair,Phone,
TKT-01564,CLI-0003,AI Insights Module,Dashboard Bug,High,2024-11-08,2024-11-08,9.3,8,No,Resolved,Rahul Das,Phone,4
TKT-03690,CLI-0222,DevOps Accelerator,Billing Query,Medium,2025-03-28,2025-03-28,18.8,24,Yes,Resolved,Rahul Das,Email,5
TKT-00103,CLI-0084,DataVault Pro,Billing Query,Medium,2023-09-16,2023-09-16,1.3,24,Yes,Resolved,Divya Reddy,Phone,
TKT-02811,CLI-0122,DevOps Accelerator,Login  Issue,High,2024-09-26,2024-09-26,12.5,8,No,Resolved,Kavya Iyer,Portal,5
TKT-01630,CLI-0116,SecureNet Suite,Data Sync Error,Medium,2023-01-17,,,24,No,Open,Rahul Das,Email,
TKT-01448,CLI-0195,AnalyticsEdge,Report Inaccuracy,Critical,2023-03-07,,,4,No,In Progress,Karan Gupta,Portal,
TKT-00289,CLI-0073,SecureNet Suite,Billing Query,Low,2025-03-13,2025-03-14,39.3,48,Yes,Resolved,Karan Gupta,Portal,5
TKT-00665,CLI-0288,AnalyticsEdge,Billing Query,Low,2024-04-10,2024-04-10,0.9,48,Yes,Resolved,Ananya Joshi,Phone,3
TKT-01461,CLI-0187,DevOps Accelerator,Login Issue,Medium,2023-10-22,2023-10-24,48.9,24,No,Resolved,Ananya Joshi,Portal,
TKT-02437,CLI-0163,DevOps Accelerator,Performance Lag,Medium,2024-08-08,2024-08-08,12.4,24,Yes,Resolved,Pooja Gupta,Phone,5
TKT-01668,CLI-0184,DataVault Pro,Security Alert,Medium,2024-04-24,2024-04-26,58.9,24,No,Resolved,Nikhil Mehta,Portal,4
TKT-03062,CLI-0289,AI Insights Module,Access Permission Issue,Low,2024-04-04,2024-04-08,104.7,48,No,Resolved,Neha Gupta,Phone,3
TKT-00318,CLI-0054,SecureNet Suite,Report Inaccuracy,High,2023-02-24,2023-02-24,11.4,8,No,Resolved,Rahul Das,Chat,
TKT-01870,CLI-0178,AI Insights Module,Billing Query,Medium,2023-02-08,09-02-2023,42.4,24,No,Resolved,Nikhil Reddy,Email,3
TKT-00166,CLI-0260,SecureNet Suite,Report Inaccuracy,Medium,2023-11-21,2023-11-21,2.8,24,Yes,Resolved,Ananya Joshi,Phone,5
TKT-00944,CLI-0251,AnalyticsEdge,Login Issue,Medium,2024-12-29,,,24,Yes,In Progress,Divya Verma,Chat,
TKT-00443,CLI-0017,CloudShift Platform,Server Downtime,Low,2024-12-13,,,48,No,In Progress,Rahul Das,Email,
TKT-02893,CLI-0103,DataVault Pro,Performance Lag,Low,2023-01-16,,,48,No,Escalated,Nikhil Mehta,Phone,
TKT-00946,CLI-0229,CloudShift Platform,Onboarding Support,High,2023-05-26,2023-05-26,12.0,8,No,Resolved,Ananya Joshi,Portal,5
TKT-00497,CLI-0056,AI Insights Module,Report Inaccuracy,Critical,2024-11-05,,,4,No,Escalated,Rahul Das,Chat,
TKT-02648,CLI-0015,SecureNet Suite,Security Alert,Medium,2023-06-08,,,24,No,Open,Arjun Mishra,Email,
TKT-02916,CLI-0009,AI Insights Module,Onboarding Support,Medium,2023-05-11,2023-05-11,3.5,24,Yes,Resolved,Nikhil Reddy,Portal,3
TKT-00646,CLI-0274,SecureNet Suite,Performance Lag,Low,2024-07-23,2024-07-23,22.8,48,Yes,Resolved,Siddharth Reddy,Phone,5
TKT-01750,CLI-0215,DevOps Accelerator,Report Inaccuracy,Medium,2024-01-31,,,24,No,In Progress,Pooja Patel,Phone,
TKT-01601,CLI-0215,AI Insights Module,Report Inaccuracy,Medium,2023-03-22,,,24,Yes,In Progress,Arjun Mishra,Email,
TKT-00873,CLI-0231,DataVault Pro,api integration failure,Critical,2023-06-21,2023-06-21,8.4,4,No,Resolved,Karan Rao,Portal,5
TKT-03163,CLI-0075,SecureNet Suite,Report Inaccuracy,Low,2023-02-03,,,48,Yes,Open,Pooja Iyer,Chat,
TKT-01661,CLI-0008,AnalyticsEdge,Data Sync Error,Low,2023-08-01,2023-08-03,66.0,48,No,Resolved,Pooja Iyer,Phone,3
TKT-03280,CLI-0176,AI Insights Module,Access Permission Issue,Critical,2024-01-05,2024-01-05,5.8,4,No,Resolved,Pooja Gupta,Chat,
TKT-02125,CLI-0079,SecureNet Suite,API Integration Failure,Low,2023-10-18,,,48,Yes,Open,Deepika Mishra,Portal,
TKT-00143,CLI-0120,SecureNet Suite,Report Inaccuracy,Medium,2025-02-17,2025-02-17,7.7,24,Yes,Resolved,Priya Patel,Phone,5
TKT-02303,CLI-0126,DataVault Pro,Dashboard Bug,Low,2024-05-10,,,48,No,Escalated,Neha Gupta,Email,
TKT-03203,CLI-0093,SecureNet Suite,Billing Query,Medium,08/21/2024,2024-08-21,16.7,24,Yes,Resolved,Pooja Gupta,Email,4
TKT-01667,CLI-0114,DevOps Accelerator,Data Sync Error,Low,2024-02-20,2024-02-22,70.6,48,No,Resolved,Pooja Iyer,Portal,
TKT-03576,CLI-0278,AnalyticsEdge,dashboard bug,Critical,2023-07-26,2023-07-26,5.9,4,No,Resolved,Pooja Patel,Portal,4
TKT-00694,CLI-0176,CloudShift Platform,Login Issue,Low,2024-08-20,2024-08-23,75.0,48,No,Resolved,Ananya Joshi,Chat,5
TKT-02883,CLI-0104,AnalyticsEdge,Report Inaccuracy,Medium,2023-01-08,2023-01-09,40.2,24,No,Resolved,Siddharth Reddy,Chat,4
TKT-03826,CLI-0196,SecureNet Suite,Access Permission Issue,Medium,2024-09-26,2024-09-27,32.4,24,No,Resolved,Neha Gupta,Chat,4
TKT-00691,CLI-0153,AI Insights Module,API Integration Failure,Low,2024-08-08,2024-08-12,117.1,48,No,Resolved,Divya Verma,Chat,3
TKT-03210,CLI-0170,SecureNet Suite,Feature Request,High,2024-04-11,2024-04-11,2.4,8,Yes,Resolved,Rahul Das,Phone,5
TKT-03783,CLI-0190,DataVault Pro,dashboard bug,Medium,2023-03-05,2023-03-07,52.5,24,No,Resolved,Karan Gupta,Portal,2
TKT-03952,CLI-0176,CloudShift Platform,Dashboard Bug,Critical,2023-06-01,,,4,Yes,In Progress,Pooja Iyer,Portal,
TKT-02636,CLI-0171,AI Insights Module,Access Permission Issue,Medium,2023-11-24,2023-11-26,49.0,24,No,Resolved,Divya Reddy,Chat,4
TKT-00123,CLI-0111,AnalyticsEdge,Billing Query,Low,2024-12-06,2024-12-09,84.0,48,No,Resolved,Deepika Mishra,Chat,3
TKT-01854,CLI-0121,CloudShift Platform,Login Issue,High,2024-09-20,,,8,No,In Progress,Priya Nair,Email,
TKT-02560,CLI-0016,DevOps Accelerator,Login Issue,Medium,2024-02-08,2024-02-09,34.6,24,No,Resolved,Pooja Patel,Email,3
TKT-00716,CLI-0016,DevOps Accelerator,Billing Query,Medium,2023-03-01,2023-03-02,47.8,24,No,Resolved,Divya Verma,Email,1
TKT-03689,CLI-0197,CloudShift Platform,Report Inaccuracy,Low,2023-07-02,,,48,No,Open,Divya Reddy,Chat,
TKT-03647,CLI-0034,DataVault Pro,Dashboard Bug,Medium,2024-01-18,2024-01-19,34.8,24,No,Resolved,,Phone,3
TKT-02196,CLI-0129,AnalyticsEdge,Data Sync Error,Medium,2023-09-28,,,24,No,In Progress,Neha Gupta,Chat,
TKT-01367,CLI-0008,DataVault Pro,Onboarding Support,Low,2024-03-18,2024-03-21,77.0,48,No,Resolved,Arjun Mishra,Email,5
TKT-01157,CLI-0120,DevOps Accelerator,Dashboard Bug,High,2024-03-03,2024-03-03,1.6,8,Yes,Resolved,Nikhil Mehta,Phone,
TKT-03488,CLI-0133,SecureNet Suite,Report Inaccuracy,Low,2024-12-29,2025-01-02,117.2,48,No,Resolved,Karan Rao,Chat,3
TKT-03728,CLI-0088,DataVault Pro,Performance Lag,Medium,2023-06-08,,,24,Yes,Open,,Phone,
TKT-00456,CLI-0078,DataVault Pro,Data Sync Error,High,2024-11-24,2024-11-24,9.3,8,No,Resolved,Pooja Patel,Email,3
TKT-02381,CLI-0113,SecureNet Suite,access permission issue,Medium,2024-02-26,2024-02-27,47.5,24,No,Resolved,Kavya Iyer,Chat,4
TKT-00284,CLI-0247,AI Insights Module,Access Permission Issue,High,2023-06-11,2023-06-11,10.2,8,No,Resolved,Rahul Das,Phone,4
TKT-01091,CLI-0243,CloudShift Platform,Security Alert,High,2023-09-26,2023-09-26,16.9,8,No,Resolved,Nikhil Mehta,Portal,5
TKT-03233,CLI-0104,DevOps Accelerator,Feature Request,High,2023-01-17,,,8,No,Open,Pooja Gupta,Chat,
TKT-02382,CLI-0104,AI Insights Module,Onboarding Support,Low,2024-02-22,2024-02-24,70.8,48,No,Resolved,Nikhil Reddy,Chat,
TKT-02806,CLI-0269,AnalyticsEdge,Performance Lag,Low,2024-02-23,,,48,Yes,Open,Rahul Das,Email,
TKT-00551,CLI-0240,AnalyticsEdge,Access Permission Issue,Medium,2024-12-30,,,24,Yes,In Progress,Nikhil Mehta,Chat,
TKT-01370,CLI-0287,SecureNet Suite,Billing Query,High,2023-07-12,2023-07-12,3.8,8,Yes,Resolved,Siddharth Reddy,Chat,4
TKT-00009,CLI-0298,DevOps Accelerator,Onboarding Support,Low,2024-02-28,,,48,No,Open,Divya Verma,Phone,
TKT-01155,CLI-0208,DevOps Accelerator,Onboarding Support,Medium,2024-05-23,2024-05-23,17.3,24,Yes,Resolved,Pooja Gupta,Portal,
TKT-02950,CLI-0185,CloudShift Platform,Report Inaccuracy,,2024-05-06,2024-05-07,38.2,24,No,Resolved,Ananya Joshi,Email,4
TKT-00907,CLI-0143,DataVault Pro,Onboarding  Support,Medium,2025-01-28,2025-01-30,51.7,24,No,Resolved,Rahul Das,Email,5
TKT-02929,CLI-0192,SecureNet Suite,report inaccuracy,Medium,2023-11-22,,,24,Yes,In Progress,Rahul Das,Email,
TKT-00255,CLI-0223,CloudShift Platform,Onboarding Support,Low,2024-11-11,,,48,No,Open,Pooja Gupta,Portal,
TKT-01937,CLI-0216,AI Insights Module,Login  Issue,Medium,2023-09-24,2023-09-25,27.7,24,No,Resolved,Divya Reddy,Chat,4
TKT-01212,CLI-0177,DevOps Accelerator,Security Alert,Medium,03/25/2025,,,24,No,Open,Karan Gupta,Portal,
TKT-00035,CLI-0026,DataVault Pro,Performance Lag,Critical,2024-02-19,2024-02-19,0.6,4,Yes,Resolved,Kavya Iyer,Email,2
TKT-03707,CLI-0116,DataVault Pro,Onboarding Support,Medium,2024-05-26,27-05-2024,26.7,24,No,Resolved,Neha Gupta,Chat,4
TKT-03283,CLI-0106,AI Insights Module,Onboarding Support,High,2023-11-08,2023-11-08,8.9,8,No,Resolved,Pooja Patel,Email,4
TKT-02465,CLI-0239,CloudShift Platform,Security Alert,High,2025-02-20,2025-02-20,14.1,8,No,Resolved,Divya Verma,Chat,5
TKT-02632,CLI-0197,SecureNet Suite,Billing Query,Medium,2024-07-30,2024-07-31,33.4,24,No,Resolved,Nikhil Mehta,Phone,4
TKT-01204,CLI-0266,DataVault Pro,Security Alert,Medium,2024-04-13,2024-04-14,24.8,24,No,Resolved,Neha Gupta,Chat,4
TKT-02086,CLI-0251,DataVault Pro,Billing Query,Critical,2025-03-04,2025-03-04,9.3,4,No,Resolved,Rahul Das,Email,
TKT-02901,CLI-0283,DevOps Accelerator,Server Downtime,High,2023-11-23,,,8,No,Escalated,Priya Patel,Phone,
TKT-02371,CLI-0083,SecureNet Suite,Report Inaccuracy,Critical,2023-10-14,2023-10-14,9.7,4,No,Resolved,Nikhil Mehta,Chat,4
TKT-00878,CLI-0143,CloudShift Platform,Dashboard Bug,Critical,2024-02-06,2024-02-06,1.9,4,Yes,Resolved,Deepika Mishra,Phone,4
TKT-01449,CLI-0198,CloudShift Platform,Billing Query,Medium,2025-01-01,2025-01-01,18.5,24,Yes,Resolved,Nikhil Mehta,Email,3
TKT-02425,CLI-0061,SecureNet Suite,Security Alert,Medium,2024-12-27,2024-12-29,51.5,24,No,Resolved,Pooja Iyer,Phone,1
TKT-00233,CLI-0130,AI Insights Module,Server Downtime,Medium,2025-01-19,,,24,Yes,Open,Rahul Das,Portal,
TKT-00235,CLI-0132,DataVault Pro,API  Integration  Failure,Medium,2024-01-23,,,24,No,Open,Neha Gupta,Chat,
TKT-02315,CLI-0090,DevOps Accelerator,Access Permission Issue,Low,2024-06-19,,,48,Yes,Open,Divya Reddy,Phone,
TKT-01299,CLI-0257,DevOps Accelerator,Performance Lag,Medium,2023-04-30,,,24,No,Open,Deepika Mishra,Portal,
TKT-01460,CLI-0005,AnalyticsEdge,Feature Request,Medium,2023-07-10,2023-07-10,13.5,24,Yes,Resolved,Rahul Das,Email,
TKT-03654,CLI-0036,AnalyticsEdge,Security Alert,High,2024-04-14,,,8,No,Open,,Email,
TKT-03113,CLI-0127,CloudShift Platform,Security Alert,High,2024-03-14,2024-03-14,2.5,8,Yes,Resolved,Neha Gupta,Email,4
TKT-02445,CLI-0185,CloudShift Platform,API Integration Failure,Low,2023-12-25,2023-12-29,116.2,48,No,Resolved,Arjun Mishra,Portal,4
TKT-01458,CLI-0241,AnalyticsEdge,Server Downtime,Medium,2024-02-01,,,24,Yes,Escalated,Nikhil Reddy,Phone,
TKT-01711,CLI-0281,CloudShift Platform,Feature Request,,2024-11-12,,,8,Yes,Open,Siddharth Reddy,Portal,
TKT-01977,CLI-0168,DevOps Accelerator,Login Issue,Low,2023-03-06,2023-03-08,63.6,48,No,Resolved,Ananya Joshi,Email,3
TKT-00122,CLI-0162,DevOps Accelerator,Login Issue,Critical,2023-06-29,2023-06-29,3.8,4,Yes,Resolved,Priya Patel,Chat,3
TKT-02537,CLI-0098,DevOps Accelerator,Billing Query,Critical,06/05/2024,2024-06-05,9.9,4,No,Resolved,Nikhil Mehta,Email,1
TKT-01439,CLI-0235,DataVault Pro,Performance Lag,Medium,2024-04-10,2024-04-10,8.5,24,Yes,Resolved,Siddharth Reddy,Email,5
TKT-02767,CLI-0222,SecureNet Suite,Performance Lag,High,2023-05-23,2023-05-23,16.2,8,No,Resolved,Divya Verma,Phone,
TKT-02252,CLI-0059,AI Insights Module,Onboarding Support,High,2024-01-21,,,8,Yes,Escalated,Ananya Joshi,Chat,
TKT-03347,CLI-0009,DataVault Pro,Security Alert,Low,2023-11-01,,,48,No,Open,Kavya Iyer,Phone,
TKT-00707,CLI-0033,DataVault Pro,Access Permission Issue,High,2023-01-27,2023-01-27,11.0,8,No,Resolved,Nikhil Mehta,Phone,3
TKT-01492,CLI-0280,DataVault Pro,Report Inaccuracy,Critical,2024-09-14,2024-09-14,3.5,4,Yes,Resolved,Divya Verma,Portal,5
TKT-00872,CLI-0262,AnalyticsEdge,Access Permission Issue,High,2024-12-16,,,8,No,Open,Ananya Joshi,Chat,
TKT-00263,CLI-0094,AI Insights Module,Performance Lag,High,2023-06-26,2023-06-26,19.3,8,No,Resolved,Nikhil Mehta,Phone,4
TKT-02148,CLI-0048,CloudShift Platform,Onboarding Support,Medium,2023-12-31,,,24,No,Escalated,Kavya Iyer,Email,
TKT-02054,CLI-0266,CloudShift Platform,login issue,Low,2023-06-29,2023-07-01,55.9,48,No,Resolved,Neha Gupta,Phone,
TKT-02640,CLI-0173,DevOps Accelerator,billing query,Critical,2023-11-25,,,4,No,In Progress,Neha Gupta,Chat,
TKT-01462,CLI-0108,AI Insights Module,Report Inaccuracy,Critical,2024-12-16,2024-12-16,9.9,4,No,Resolved,Manish Nair,Email,
TKT-01911,CLI-0083,AnalyticsEdge,Onboarding Support,High,2024-12-26,26-12-2024,0.8,8,Yes,Resolved,Karan Gupta,Email,4
TKT-01664,CLI-0009,AnalyticsEdge,Performance Lag,High,10/20/2023,,,8,No,In Progress,Deepika Mishra,Phone,
TKT-03216,CLI-0139,SecureNet Suite,Report Inaccuracy,Low,2024-04-11,,,48,No,Open,Karan Gupta,Email,
TKT-00906,CLI-0192,DevOps Accelerator,Data Sync Error,Medium,2024-01-05,07-01-2024,57.1,24,No,Resolved,Neha Gupta,Chat,5
TKT-00181,CLI-0028,AnalyticsEdge,Login Issue,Medium,2024-09-02,,,24,No,Escalated,Divya Verma,Portal,
TKT-01968,CLI-0094,DataVault Pro,Security Alert,Low,2024-09-13,2024-09-15,70.7,48,No,Resolved,Divya Verma,Phone,4
TKT-02372,CLI-0015,DataVault Pro,Data Sync Error,Low,2023-02-28,,,48,No,Open,Manish Nair,Chat,
TKT-01572,CLI-0165,DataVault Pro,Access Permission Issue,High,2024-10-06,2024-10-06,5.8,8,Yes,Resolved,Divya Verma,Email,4
TKT-03876,CLI-0276,AnalyticsEdge,API Integration Failure,Medium,2024-11-26,2024-11-26,5.6,24,Yes,Resolved,Kavya Iyer,Portal,
TKT-00743,CLI-0089,AI Insights Module,Performance Lag,Low,2024-03-12,,,48,No,In Progress,Pooja Iyer,Portal,
TKT-03214,CLI-0220,SecureNet Suite,Data Sync Error,Low,2023-10-30,2023-11-02,77.8,48,No,Resolved,Pooja Gupta,Chat,5
TKT-00786,CLI-0046,AI Insights Module,Data Sync Error,Medium,2024-01-17,,,24,Yes,Open,Manish Nair,Phone,
TKT-02141,CLI-0187,SecureNet Suite,Billing Query,Medium,2024-05-12,2024-05-13,44.8,24,No,Resolved,Priya Patel,Phone,4
TKT-01916,CLI-0284,DevOps Accelerator,Onboarding Support,Critical,2023-05-25,2023-05-25,5.6,4,No,Resolved,Nikhil Reddy,Email,3
TKT-02077,CLI-0210,DataVault Pro,Onboarding Support,Medium,2024-11-08,2024-11-09,29.3,24,No,Resolved,Kavya Iyer,Portal,5
TKT-02815,CLI-0290,DataVault Pro,Performance Lag,Low,2023-08-17,,,48,No,In Progress,Divya Verma,Portal,
TKT-02337,CLI-0059,SecureNet Suite,Server Downtime,Low,2024-04-11,,,48,No,Escalated,Divya Reddy,Portal,
TKT-02162,CLI-0258,CloudShift Platform,Security Alert,Medium,2024-08-07,2024-08-09,49.0,24,No,Resolved,Ananya Joshi,Chat,5
TKT-00679,CLI-0123,AI Insights Module,Security Alert,Critical,2024-09-27,2024-09-27,8.2,4,No,Resolved,Rahul Das,Chat,5
TKT-00764,CLI-0210,DevOps Accelerator,Onboarding Support,High,2023-08-25,,,8,No,Escalated,Rahul Das,Email,
TKT-00619,CLI-0082,AI Insights Module,Server Downtime,Low,2024-08-16,2024-08-20,113.6,48,No,Resolved,Karan Rao,Email,5
TKT-02520,CLI-0143,AI Insights Module,Performance Lag,,2023-07-03,2023-07-04,25.9,24,No,Resolved,Siddharth Reddy,Email,
TKT-03226,CLI-0088,AnalyticsEdge,Access Permission Issue,High,2024-07-19,19-07-2024,12.4,8,No,Resolved,Manish Nair,Chat,5
TKT-02222,CLI-0030,CloudShift Platform,Security Alert,Medium,2024-01-13,,,24,,In Progress,Siddharth Reddy,Email,
TKT-01633,CLI-0180,DevOps Accelerator,Data Sync Error,High,2024-02-08,2024-02-08,5.2,8,,Resolved,Divya Verma,Phone,2
TKT-03543,CLI-0247,SecureNet Suite,Login Issue,Medium,2023-08-15,,,24,No,Open,Arjun Mishra,Email,
TKT-03303,CLI-0078,AnalyticsEdge,Feature Request,Medium,2024-05-21,2024-05-22,45.5,24,No,Resolved,Nikhil Mehta,Chat,2
TKT-00819,CLI-0223,AnalyticsEdge,billing query,High,2024-10-01,2024-10-01,18.4,8,No,Resolved,Pooja Patel,Chat,2
TKT-03722,CLI-0189,AnalyticsEdge,Login Issue,Medium,2023-12-17,2023-12-17,20.9,24,Yes,Resolved,Karan Gupta,Chat,3
TKT-03470,CLI-0095,DevOps Accelerator,Billing Query,Low,2023-11-07,2023-11-07,17.6,48,Yes,Resolved,Ananya Joshi,Chat,
TKT-03676,CLI-0247,CloudShift Platform,Data Sync Error,Low,2025-03-25,,,48,Yes,Open,Divya Reddy,Email,
TKT-03881,CLI-0179,CloudShift Platform,Billing  Query,Medium,2024-06-30,2024-07-01,24.6,24,No,Resolved,Manish Nair,Email,
TKT-02356,CLI-0091,DataVault Pro,Onboarding Support,Critical,2025-02-19,2025-02-19,2.5,4,Yes,Resolved,Divya Reddy,Portal,
TKT-01723,CLI-0099,CloudShift Platform,Server Downtime,Critical,2025-01-19,,,4,No,Open,,Phone,
TKT-01897,CLI-0299,DataVault Pro,Login Issue,Medium,08/27/2023,2023-08-29,57.5,24,No,Resolved,Pooja Iyer,Phone,4
TKT-00222,CLI-0031,AnalyticsEdge,Report Inaccuracy,High,2023-02-12,2023-02-12,1.8,8,Yes,Resolved,Deepika Mishra,Phone,3
TKT-03361,CLI-0138,DataVault Pro,Performance Lag,Medium,2023-02-18,18-02-2023,13.5,24,Yes,Resolved,Karan Rao,Email,
TKT-00740,CLI-0129,AnalyticsEdge,Performance Lag,Low,2023-11-09,2023-11-10,32.7,48,Yes,Resolved,Neha Gupta,Chat,2
TKT-01935,CLI-0286,AI Insights Module,Performance Lag,Medium,2023-01-23,2023-01-23,20.6,24,Yes,Resolved,,Portal,5
TKT-03387,CLI-0080,AnalyticsEdge,Dashboard Bug,Low,2024-01-17,,,48,Yes,Open,Pooja Patel,Portal,
TKT-01030,CLI-0087,SecureNet Suite,Performance Lag,High,2023-08-20,,,8,No,In Progress,Rahul Das,Email,
TKT-02542,CLI-0172,SecureNet Suite,Billing Query,High,2023-11-29,,,8,No,In Progress,Nikhil Reddy,Chat,
TKT-03325,CLI-0134,DataVault Pro,Security Alert,Low,2023-09-14,2023-09-17,77.3,48,No,Resolved,Pooja Iyer,Phone,3
TKT-00804,CLI-0211,CloudShift Platform,Dashboard  Bug,Low,2023-06-02,2023-06-03,28.9,48,Yes,Resolved,Pooja Iyer,Portal,4
TKT-02214,CLI-0199,AI Insights Module,Onboarding Support,Medium,2024-01-09,,,24,No,Escalated,Ananya Joshi,Phone,
TKT-00172,CLI-0295,SecureNet Suite,Onboarding Support,Critical,12/28/2024,,,4,No,Escalated,Divya Verma,Chat,
TKT-01456,CLI-0133,AnalyticsEdge,Dashboard Bug,Medium,2024-09-14,2024-09-16,57.4,24,No,Resolved,Karan Gupta,Phone,3
TKT-01169,CLI-0053,CloudShift Platform,API Integration Failure,Low,2023-02-02,,,48,No,Open,Arjun Mishra,Email,
TKT-03956,CLI-0003,DevOps Accelerator,Report Inaccuracy,Low,2023-07-01,,,48,No,In Progress,Pooja Patel,Email,
TKT-02395,CLI-0184,DevOps Accelerator,Security Alert,Critical,2023-01-27,2023-01-27,2.3,4,Yes,Resolved,Pooja Iyer,Chat,3
TKT-02264,CLI-0163,SecureNet Suite,API Integration Failure,Low,2023-07-05,2023-07-07,49.0,48,No,Resolved,Karan Rao,Phone,5
TKT-02400,CLI-0062,CloudShift Platform,Report Inaccuracy,High,2024-03-16,,,8,No,Open,Priya Patel,Chat,
TKT-00101,CLI-0059,SecureNet Suite,Feature Request,Medium,2024-11-07,2024-11-08,41.0,24,No,Resolved,Rahul Das,Chat,5
TKT-03832,CLI-0032,SecureNet Suite,Login Issue,High,2023-10-14,,,8,No,Escalated,Pooja Iyer,Portal,
TKT-03349,CLI-0177,DevOps Accelerator,Access Permission Issue,Medium,2025-02-11,,,24,Yes,Escalated,Manish Nair,Chat,
TKT-02150,CLI-0135,CloudShift Platform,Dashboard Bug,Critical,2024-09-17,,,4,No,Escalated,Deepika Mishra,Phone,
TKT-03539,CLI-0082,DevOps Accelerator,Access Permission Issue,Critical,2024-03-09,2024-03-09,5.8,4,No,Resolved,Rahul Das,Chat,2
TKT-01555,CLI-0214,DevOps Accelerator,Feature Request,Medium,2024-12-12,2024-12-13,37.7,24,No,Resolved,Divya Reddy,Portal,3
TKT-01582,CLI-0218,AnalyticsEdge,Performance Lag,Low,2023-07-24,,,48,No,Open,Siddharth Reddy,Email,
TKT-02903,CLI-0261,SecureNet Suite,Access Permission Issue,Medium,2023-01-30,,,24,Yes,In Progress,Nikhil Reddy,Phone,
TKT-01002,CLI-0260,AI Insights Module,Billing Query,High,2023-11-07,,,8,Yes,In Progress,Nikhil Mehta,Portal,
TKT-01545,CLI-0229,DataVault Pro,Data Sync Error,Low,2025-01-16,2025-01-17,33.3,48,Yes,Resolved,Karan Gupta,Email,3
TKT-03270,CLI-0102,CloudShift Platform,Login Issue,Medium,2024-10-21,2024-10-22,44.1,24,No,Resolved,Priya Nair,Portal,4
TKT-02028,CLI-0223,CloudShift Platform,Feature Request,Medium,2024-07-05,,,24,No,Open,Rahul Das,Chat,
TKT-00686,CLI-0298,AI Insights Module,Billing Query,Medium,01/04/2025,2025-01-05,32.9,24,No,Resolved,Pooja Gupta,Email,5
TKT-01487,CLI-0131,AnalyticsEdge,Server Downtime,Medium,2023-12-10,2023-12-10,14.1,24,Yes,Resolved,Manish Nair,Portal,3
TKT-00413,CLI-0114,AnalyticsEdge,Login Issue,Low,2024-06-22,,,48,Yes,In Progress,Manish Nair,Portal,
TKT-01878,CLI-0197,AI Insights Module,Data  Sync  Error,Low,2023-08-16,2023-08-17,44.7,48,Yes,Resolved,,Chat,4
TKT-01232,CLI-0075,CloudShift Platform,Feature Request,Low,2025-01-16,2025-01-20,103.0,48,No,Resolved,Priya Nair,Portal,
TKT-03213,CLI-0203,DevOps Accelerator,Login Issue,Medium,2023-04-30,,,24,No,Escalated,Rahul Das,Portal,
TKT-00601,CLI-0040,SecureNet Suite,Onboarding Support,Medium,06/10/2023,2023-06-11,30.1,24,No,Resolved,Manish Nair,Phone,3
TKT-02837,CLI-0194,DataVault Pro,Security Alert,Medium,2023-05-10,2023-05-10,12.4,24,Yes,Resolved,Neha Gupta,Phone,4
TKT-02994,CLI-0225,DataVault Pro,Report  Inaccuracy,Low,2024-06-28,,,48,No,Open,Nikhil Mehta,Portal,
TKT-00003,CLI-0005,DataVault Pro,Server  Downtime,Low,2023-11-10,,,48,Yes,Escalated,Karan Rao,Chat,
TKT-01400,CLI-0086,AnalyticsEdge,Onboarding Support,Critical,2024-03-24,,,4,No,Escalated,Priya Nair,Phone,
TKT-02212,CLI-0037,DataVault Pro,Performance Lag,Medium,2024-05-29,2024-05-29,19.8,24,Yes,Resolved,Arjun Mishra,Portal,
TKT-00567,CLI-0126,DevOps Accelerator,Login Issue,Low,2023-10-17,,,48,Yes,In Progress,Pooja Iyer,Phone,
TKT-03240,CLI-0284,SecureNet Suite,Data Sync Error,Medium,2023-12-17,2023-12-19,59.0,24,No,Resolved,Rahul Das,Phone,
TKT-00695,CLI-0118,DataVault Pro,Feature Request,Medium,2024-12-14,,,24,Yes,Open,Karan Gupta,Chat,
TKT-01436,CLI-0075,AnalyticsEdge,Login Issue,Low,04/14/2023,,,48,No,In Progress,Rahul Das,Phone,
TKT-02557,CLI-0079,DataVault Pro,Security Alert,,2023-11-10,,,24,Yes,Open,Divya Verma,Chat,
TKT-03464,CLI-0258,AnalyticsEdge,Feature Request,High,10/30/2024,,,8,No,Escalated,Nikhil Reddy,Chat,
TKT-00354,CLI-0162,DataVault Pro,Server Downtime,Low,2023-09-02,,,48,No,Open,Deepika Mishra,Email,
TKT-00252,CLI-0300,AnalyticsEdge,API Integration Failure,Critical,2024-04-03,,,4,No,In Progress,Divya Verma,Phone,
TKT-00982,CLI-0211,CloudShift Platform,Onboarding Support,Medium,2023-07-24,2023-07-24,17.0,24,Yes,Resolved,Siddharth Reddy,Phone,2
TKT-00191,CLI-0033,DataVault Pro,Performance Lag,Medium,2023-06-30,2023-06-30,14.4,24,Yes,Resolved,Priya Patel,Phone,
TKT-00571,CLI-0247,CloudShift Platform,Onboarding Support,Medium,2024-05-27,2024-05-27,16.8,24,Yes,Resolved,Rahul Das,Email,5
TKT-02411,CLI-0114,AnalyticsEdge,Server Downtime,Medium,2025-01-15,,,24,No,In Progress,Deepika Mishra,Chat,
TKT-00165,CLI-0251,DataVault Pro,performance lag,High,2023-03-02,,,8,No,Open,Neha Gupta,Email,
TKT-01361,CLI-0258,AnalyticsEdge,Report Inaccuracy,High,2023-11-17,,,8,No,Escalated,Rahul Das,Email,
TKT-01178,CLI-0180,DataVault Pro,Login Issue,High,2024-01-13,2024-01-13,4.9,8,Yes,Resolved,Pooja Patel,Chat,5
TKT-03364,CLI-0063,CloudShift Platform,Onboarding Support,Medium,2024-01-07,2024-01-07,23.7,24,Yes,Resolved,Karan Rao,Phone,4
TKT-00726,CLI-0177,DataVault Pro,Feature Request,Low,2024-04-05,,,48,Yes,Escalated,Priya Patel,Phone,
TKT-01266,CLI-0156,DataVault Pro,Billing Query,Low,2024-08-19,,,48,No,In Progress,Siddharth Reddy,Chat,
TKT-02485,CLI-0217,SecureNet Suite,Data Sync Error,Medium,2024-04-28,2024-04-29,46.3,24,No,Resolved,Karan Rao,Chat,5
TKT-03095,CLI-0063,DataVault Pro,Data Sync Error,Low,2023-07-23,2023-07-23,19.7,48,Yes,Resolved,Ananya Joshi,Portal,
TKT-03243,CLI-0046,DataVault Pro,Feature Request,Low,2023-08-18,,,48,Yes,Escalated,Pooja Gupta,Phone,
TKT-01809,CLI-0043,DevOps Accelerator,API Integration Failure,Medium,2023-03-31,2023-04-02,54.6,24,No,Resolved,Manish Nair,Chat,5
TKT-03446,CLI-0140,CloudShift Platform,Server Downtime,Critical,2024-06-18,2024-06-18,8.7,4,No,Resolved,Karan Gupta,Portal,3
TKT-02642,CLI-0127,DataVault Pro,Data Sync Error,Medium,2023-10-28,2023-10-29,41.3,24,No,Resolved,Kavya Iyer,Portal,3
TKT-00303,CLI-0286,AI Insights Module,Billing Query,Critical,2024-03-16,2024-03-16,2.1,4,Yes,Resolved,Pooja Iyer,Portal,4
TKT-01047,CLI-0178,CloudShift Platform,Dashboard Bug,High,2024-10-28,2024-10-28,4.2,8,Yes,Resolved,Manish Nair,Chat,
TKT-00582,CLI-0074,SecureNet Suite,Data Sync Error,Critical,2024-07-12,,,4,No,In Progress,Karan Rao,Chat,
TKT-00380,CLI-0143,AnalyticsEdge,Dashboard Bug,High,2023-09-19,2023-09-19,9.0,8,No,Resolved,Pooja Patel,Chat,3
TKT-01432,CLI-0257,DevOps Accelerator,Report Inaccuracy,Critical,2024-06-07,2024-06-07,2.0,4,Yes,Resolved,Karan Rao,Chat,
TKT-01823,CLI-0188,AI Insights Module,Data Sync Error,Medium,2024-11-14,,,24,No,In Progress,,Phone,
TKT-02361,CLI-0223,AI Insights Module,Report Inaccuracy,Medium,2023-01-09,,,24,Yes,Escalated,Priya Patel,Chat,
TKT-00217,CLI-0002,CloudShift Platform,Dashboard Bug,Medium,2023-12-08,2023-12-09,27.6,24,No,Resolved,Divya Verma,Phone,5
TKT-01884,CLI-0198,DataVault Pro,API Integration Failure,Medium,2023-07-25,2023-07-26,37.7,24,No,Resolved,Nikhil Mehta,Chat,3
TKT-01241,CLI-0152,DevOps Accelerator,Access Permission Issue,Medium,2024-10-09,2024-10-09,11.0,24,Yes,Resolved,Karan Rao,Portal,4
TKT-00989,CLI-0229,SecureNet Suite,API Integration Failure,Low,2024-09-22,,,48,Yes,In Progress,Divya Reddy,Email,
TKT-03976,CLI-0203,DevOps Accelerator,Data Sync Error,High,2023-12-01,2023-12-01,18.6,8,No,Resolved,Nikhil Mehta,Phone,4
TKT-02512,CLI-0075,CloudShift Platform,Access Permission Issue,Low,2024-12-30,2025-01-03,109.0,48,No,Resolved,Nikhil Reddy,Chat,
TKT-01988,CLI-0245,SecureNet Suite,Access Permission Issue,High,2023-10-29,,,8,Yes,Open,,Chat,
TKT-01360,CLI-0161,CloudShift Platform,Server Downtime,Medium,2024-07-02,,,24,Yes,In Progress,Pooja Gupta,Phone,
TKT-02173,CLI-0151,AnalyticsEdge,Dashboard Bug,Low,2024-06-25,2024-06-27,64.0,48,No,Resolved,Pooja Patel,Email,4
TKT-01359,CLI-0017,SecureNet Suite,Dashboard Bug,Low,2023-01-23,,,48,No,Open,Pooja Iyer,Chat,
TKT-00747,CLI-0144,AnalyticsEdge,API Integration Failure,,2025-02-11,2025-02-14,83.9,48,No,Resolved,Rahul Das,Chat,3
TKT-01215,CLI-0130,AI Insights Module,Report Inaccuracy,Low,2023-12-31,2024-01-01,28.5,48,Yes,Resolved,Rahul Das,Chat,2
TKT-03638,CLI-0090,CloudShift Platform,Billing Query,High,2023-01-27,2023-01-27,8.2,8,No,Resolved,Ananya Joshi,Chat,2
TKT-03656,CLI-0113,AI Insights Module,Billing Query,High,2023-09-22,2023-09-22,12.6,8,No,Resolved,Karan Gupta,Email,5
TKT-00368,CLI-0135,SecureNet Suite,Billing Query,High,2024-11-04,,,8,No,Open,Siddharth Reddy,Phone,
TKT-02688,CLI-0103,DataVault Pro,Report Inaccuracy,Low,2024-07-26,2024-07-27,37.7,48,Yes,Resolved,Divya Reddy,Portal,3
TKT-01762,CLI-0064,SecureNet Suite,Dashboard Bug,Medium,2025-01-15,2025-01-16,46.4,24,No,Resolved,Karan Gupta,Phone,2
TKT-02634,CLI-0257,AI Insights Module,Server Downtime,Medium,2025-01-28,2025-01-30,59.5,24,No,Resolved,Pooja Iyer,Email,
TKT-02741,CLI-0202,CloudShift Platform,Billing Query,Low,2025-03-25,,,48,No,Open,Kavya Iyer,Portal,
TKT-03693,CLI-0116,CloudShift Platform,Data Sync Error,High,2025-01-25,,,8,Yes,Open,Rahul Das,Chat,
TKT-02708,CLI-0081,DevOps Accelerator,API Integration Failure,Medium,2023-03-04,,,24,Yes,Open,Siddharth Reddy,Email,
TKT-01659,CLI-0287,AnalyticsEdge,Data Sync Error,Medium,2025-03-23,2025-03-23,10.0,24,Yes,Resolved,Pooja Gupta,Chat,
TKT-03188,CLI-0216,AI Insights Module,Login Issue,Critical,2023-10-09,,,4,Yes,Escalated,Priya Nair,Portal,
TKT-01978,CLI-0033,SecureNet Suite,Login Issue,Medium,2025-03-27,2025-03-27,18.8,24,Yes,Resolved,Rahul Das,Portal,5
TKT-03610,CLI-0217,DevOps Accelerator,Report Inaccuracy,Medium,2023-02-26,2023-02-26,5.1,24,Yes,Resolved,Deepika Mishra,Portal,
TKT-03852,CLI-0004,SecureNet Suite,Login Issue,Low,2024-07-02,,,48,No,Escalated,Pooja Iyer,Chat,
TKT-03397,CLI-0246,DevOps Accelerator,Dashboard Bug,High,2024-12-31,,,8,Yes,Open,Manish Nair,Chat,
TKT-03805,CLI-0051,AnalyticsEdge,API Integration Failure,High,2023-02-17,17-02-2023,0.9,8,Yes,Resolved,Siddharth Reddy,Chat,1
TKT-03284,CLI-0045,AnalyticsEdge,API Integration Failure,Medium,2024-02-09,2024-02-09,23.6,24,Yes,Resolved,Priya Nair,Chat,3
TKT-02497,CLI-0174,AnalyticsEdge,Feature Request,Low,2024-09-19,,,48,No,Open,Priya Patel,Portal,
TKT-03547,CLI-0081,DevOps Accelerator,Access Permission Issue,Low,2023-03-13,2023-03-17,100.7,48,No,Resolved,Priya Patel,Email,4
TKT-03526,CLI-0073,SecureNet Suite,Onboarding Support,Medium,2024-06-29,,,24,No,In Progress,Pooja Gupta,Email,
TKT-01048,CLI-0190,AI Insights Module,Report Inaccuracy,Medium,2023-05-07,2023-05-08,24.8,24,No,Resolved,Rahul Das,Portal,4
TKT-01086,CLI-0247,AnalyticsEdge,Billing Query,Low,2024-02-04,,,48,No,In Progress,Priya Patel,Chat,
TKT-03584,CLI-0105,AnalyticsEdge,API Integration Failure,Medium,2024-07-21,2024-07-22,33.7,24,No,Resolved,Rahul Das,Chat,4
TKT-02794,CLI-0163,DevOps Accelerator,Login Issue,Medium,2023-02-05,2023-02-06,38.1,24,No,Resolved,Ananya Joshi,Portal,
TKT-02618,CLI-0083,CloudShift Platform,Billing Query,High,2023-10-04,2023-10-04,12.8,8,No,Resolved,Pooja Iyer,Phone,5
TKT-01228,CLI-0245,AnalyticsEdge,Report Inaccuracy,Low,2023-01-12,,,48,No,In Progress,Karan Rao,Chat,
TKT-03050,CLI-0060,DevOps Accelerator,Onboarding Support,Medium,2025-01-12,2025-01-12,15.1,24,Yes,Resolved,Divya Verma,Portal,
TKT-03120,CLI-0055,CloudShift Platform,Access Permission Issue,Critical,2023-10-13,2023-10-13,5.9,4,No,Resolved,Neha Gupta,Phone,3
TKT-01754,CLI-0287,SecureNet Suite,Dashboard Bug,Medium,2025-01-02,03-01-2025,39.1,24,No,Resolved,Karan Gupta,Phone,3
TKT-02068,CLI-0192,SecureNet Suite,Dashboard Bug,Medium,2023-09-18,2023-09-19,43.3,24,No,Resolved,Divya Verma,Email,5
TKT-00678,CLI-0300,SecureNet Suite,Login Issue,Low,2024-03-13,2024-03-13,21.2,48,Yes,Resolved,Divya Verma,Email,5
TKT-01210,CLI-0237,DevOps Accelerator,login issue,Medium,2023-12-26,,,24,No,In Progress,Manish Nair,Chat,
TKT-03639,CLI-0296,DataVault Pro,Data Sync Error,Low,2024-12-03,,,48,No,Open,Rahul Das,Phone,
TKT-01471,CLI-0278,SecureNet Suite,Onboarding Support,High,2024-02-05,2024-02-05,1.8,8,Yes,Resolved,Arjun Mishra,Portal,4
TKT-01171,CLI-0108,AnalyticsEdge,API Integration Failure,Low,2023-08-24,,,48,No,In Progress,Arjun Mishra,Phone,
TKT-03217,CLI-0245,AnalyticsEdge,Feature Request,Critical,2024-12-04,,,4,No,Open,Siddharth Reddy,Phone,
TKT-00700,CLI-0167,DevOps Accelerator,Report Inaccuracy,Medium,2024-01-20,2024-01-20,7.0,24,Yes,Resolved,Nikhil Reddy,Chat,2
TKT-00948,CLI-0020,AI Insights Module,API Integration Failure,High,2023-05-25,2023-05-25,1.1,8,Yes,Resolved,Priya Nair,Email,3
TKT-02930,CLI-0263,DevOps Accelerator,Data Sync Error,High,2024-04-02,,,8,Yes,Escalated,Neha Gupta,Email,
TKT-00016,CLI-0132,CloudShift Platform,Onboarding Support,Low,2023-04-17,,,48,No,Escalated,Karan Gupta,Chat,
TKT-02169,CLI-0236,DevOps Accelerator,Performance Lag,Medium,2024-09-13,2024-09-14,31.4,24,No,Resolved,Divya Verma,Phone,4
TKT-02195,CLI-0019,DataVault Pro,Billing Query,Low,2023-09-01,2023-09-05,112.4,48,No,Resolved,Kavya Iyer,Phone,5
TKT-02353,CLI-0010,SecureNet Suite,Report Inaccuracy,Medium,2023-06-17,2023-06-19,49.5,24,No,Resolved,Karan Gupta,Chat,3
TKT-03672,CLI-0131,AI Insights Module,Server Downtime,Medium,2024-07-23,,,24,No,Open,Nikhil Reddy,Email,
TKT-03414,CLI-0267,AnalyticsEdge,API Integration Failure,Medium,2023-09-21,2023-09-21,2.2,24,Yes,Resolved,Deepika Mishra,Portal,3
TKT-03535,CLI-0271,AnalyticsEdge,Report Inaccuracy,Medium,2023-07-16,2023-07-18,51.7,24,No,Resolved,Karan Gupta,Chat,3
TKT-00228,CLI-0271,CloudShift Platform,Onboarding Support,Low,2023-05-03,2023-05-07,109.2,48,No,Resolved,Divya Verma,Portal,4
TKT-02329,CLI-0126,AI Insights Module,Login Issue,High,2023-11-10,2023-11-10,3.7,8,Yes,Resolved,Nikhil Reddy,Portal,5
TKT-03145,CLI-0170,AnalyticsEdge,Login Issue,Medium,2023-02-11,,,24,No,In Progress,Pooja Iyer,Chat,
TKT-00917,CLI-0111,DataVault Pro,Feature Request,Medium,2023-03-13,2023-03-13,7.4,24,Yes,Resolved,Divya Reddy,Email,4
TKT-03310,CLI-0129,AI Insights Module,Dashboard Bug,Critical,2024-12-18,2024-12-18,6.1,4,No,Resolved,Nikhil Reddy,Portal,4
TKT-02769,CLI-0172,AnalyticsEdge,Server Downtime,High,2023-04-20,2023-04-20,19.4,8,No,Resolved,Karan Rao,Portal,4
TKT-02809,CLI-0074,AnalyticsEdge,Report Inaccuracy,Medium,2023-02-07,2023-02-09,52.6,24,No,Resolved,Ananya Joshi,Portal,4
TKT-00083,CLI-0020,AI Insights Module,Login Issue,Medium,2023-02-24,,,24,No,Open,Neha Gupta,Email,
TKT-00389,CLI-0021,SecureNet Suite,Access Permission Issue,Medium,2023-07-15,,,24,Yes,In Progress,Divya Reddy,Portal,
TKT-03447,CLI-0261,SecureNet Suite,Onboarding Support,Critical,2024-07-06,,,4,Yes,In Progress,Nikhil Mehta,Email,
TKT-02672,CLI-0243,DataVault Pro,Dashboard  Bug,Medium,2024-06-20,2024-06-22,49.4,24,No,Resolved,Priya Nair,Email,5
TKT-02223,CLI-0194,DataVault Pro,Performance Lag,Low,2023-11-24,,,48,No,Escalated,Deepika Mishra,Email,
TKT-03128,CLI-0134,DataVault Pro,API  Integration  Failure,Medium,2023-02-13,2023-02-14,38.9,24,No,Resolved,Siddharth Reddy,Portal,4
TKT-03152,CLI-0104,DevOps Accelerator,Login Issue,High,2024-02-27,2024-02-27,3.0,8,Yes,Resolved,Siddharth Reddy,Email,4
TKT-01494,CLI-0224,AnalyticsEdge,Access Permission Issue,Medium,01/15/2025,,,24,No,Open,Pooja Gupta,Email,
TKT-01477,CLI-0007,DataVault Pro,feature request,Medium,2023-01-23,,,24,Yes,Open,Priya Patel,Portal,
TKT-00769,CLI-0292,DevOps Accelerator,Billing Query,Critical,2025-02-26,,,4,No,In Progress,Nikhil Reddy,Email,
TKT-00436,CLI-0109,DataVault Pro,Onboarding Support,High,2024-02-26,2024-02-26,3.1,8,Yes,Resolved,Nikhil Reddy,Email,
TKT-02197,CLI-0072,DataVault Pro,Security Alert,Medium,2023-01-12,2023-01-12,11.5,24,Yes,Resolved,Siddharth Reddy,Email,
TKT-02250,CLI-0059,CloudShift Platform,Performance Lag,Low,2023-08-04,2023-08-07,91.1,48,No,Resolved,Neha Gupta,Portal,4
TKT-03089,CLI-0235,DevOps Accelerator,Server Downtime,Low,2025-01-09,,,48,Yes,In Progress,Priya Nair,Phone,
TKT-00491,CLI-0206,CloudShift Platform,Performance Lag,Medium,2023-04-10,,,24,Yes,In Progress,Rahul Das,Portal,
TKT-00865,CLI-0218,SecureNet Suite,Server Downtime,Low,2023-09-24,,,48,No,Escalated,Pooja Gupta,Portal,
TKT-00124,CLI-0023,DataVault Pro,Report Inaccuracy,Medium,2024-01-08,2024-01-09,39.5,24,No,Resolved,Ananya Joshi,Phone,4
TKT-02409,CLI-0165,DevOps Accelerator,Data Sync Error,Medium,2025-03-18,2025-03-18,0.8,24,Yes,Resolved,Kavya Iyer,Chat,5
TKT-00698,CLI-0242,DataVault Pro,Dashboard Bug,Low,2024-09-06,,,48,No,Open,Rahul Das,Phone,
TKT-03896,CLI-0003,DevOps Accelerator,Data Sync Error,High,2023-08-08,2023-08-08,9.7,8,No,Resolved,Nikhil Mehta,Email,
TKT-02157,CLI-0229,CloudShift Platform,Access Permission Issue,Critical,2024-12-27,,,4,No,Escalated,Siddharth Reddy,Email,
TKT-00029,CLI-0129,DataVault Pro,Feature Request,Medium,2024-07-02,,,24,No,Escalated,Nikhil Reddy,Portal,
TKT-02326,CLI-0235,CloudShift Platform,API Integration Failure,Critical,2024-06-05,,,4,No,Open,Deepika Mishra,Portal,
TKT-00540,CLI-0262,CloudShift Platform,performance lag,High,2025-03-28,,,8,No,Open,,Chat,
TKT-01951,CLI-0095,AI Insights Module,Onboarding Support,Medium,2024-10-09,2024-10-11,52.8,24,No,Resolved,Ananya Joshi,Phone,5
TKT-00539,CLI-0047,CloudShift Platform,Security Alert,Critical,2023-05-23,,,4,No,In Progress,Divya Verma,Email,
TKT-02185,CLI-0201,AI Insights Module,Billing Query,High,2024-03-17,2024-03-17,14.4,8,No,Resolved,Priya Patel,Portal,5
TKT-02397,CLI-0222,DataVault Pro,Server Downtime,High,2024-01-23,2024-01-23,9.9,8,No,Resolved,Rahul Das,Phone,
TKT-00185,CLI-0299,CloudShift Platform,Feature Request,High,2024-12-16,2024-12-16,19.6,8,No,Resolved,Nikhil Reddy,Portal,4
TKT-01881,CLI-0292,DataVault Pro,Security Alert,Medium,2023-11-16,,,24,No,In Progress,Kavya Iyer,Phone,
TKT-01332,CLI-0004,SecureNet Suite,Security Alert,High,2024-03-06,2024-03-06,13.2,8,No,Resolved,Kavya Iyer,Email,4
TKT-03202,CLI-0230,AnalyticsEdge,Report Inaccuracy,Medium,2023-06-06,2023-06-08,51.0,24,No,Resolved,Nikhil Reddy,Portal,4
TKT-03326,CLI-0283,DataVault Pro,Performance Lag,High,2024-08-17,2024-08-17,17.5,8,No,Resolved,Nikhil Mehta,Portal,5
TKT-02750,CLI-0090,DevOps Accelerator,Login Issue,Low,03/05/2023,2023-03-05,9.7,48,Yes,Resolved,Manish Nair,Phone,1
TKT-00386,CLI-0077,AI Insights Module,Onboarding Support,Low,2023-11-07,2023-11-08,26.0,48,Yes,Resolved,Karan Rao,Chat,4
TKT-01660,CLI-0086,DataVault Pro,API Integration Failure,Low,2023-11-26,,,48,No,Open,Nikhil Mehta,Phone,
TKT-01277,CLI-0094,SecureNet Suite,Feature Request,High,2024-04-02,,,8,Yes,In Progress,Karan Gupta,Portal,
TKT-00517,CLI-0279,AI Insights Module,Access Permission Issue,Medium,2023-07-14,,,24,No,In Progress,Ananya Joshi,Chat,
TKT-00507,CLI-0185,DevOps Accelerator,Server Downtime,Medium,2025-02-02,2025-02-03,29.5,24,No,Resolved,Rahul Das,Phone,5
TKT-02279,CLI-0176,DevOps Accelerator,Security Alert,Medium,2024-05-07,2024-05-08,41.8,24,No,Resolved,Arjun Mishra,Portal,1
TKT-03916,CLI-0213,AnalyticsEdge,Billing Query,Medium,2024-02-24,2024-02-25,41.5,24,,Resolved,Nikhil Reddy,Phone,5
TKT-01412,CLI-0241,AnalyticsEdge,Feature Request,Low,2023-11-17,,,48,Yes,Open,Rahul Das,Phone,
TKT-01085,CLI-0017,DevOps Accelerator,Feature Request,High,2023-02-17,17-02-2023,12.3,8,No,Resolved,Neha Gupta,Chat,4
TKT-01073,CLI-0001,AnalyticsEdge,Onboarding Support,Medium,2025-03-04,,,24,No,Escalated,Pooja Gupta,Chat,
TKT-02050,CLI-0208,SecureNet Suite,Performance Lag,Low,02/08/2024,,,48,Yes,In Progress,Rahul Das,Email,
TKT-02230,CLI-0150,DataVault Pro,API Integration Failure,High,2023-11-23,,,8,No,Escalated,Pooja Patel,Portal,
TKT-01341,CLI-0237,DataVault Pro,Onboarding Support,High,2024-04-29,,,8,No,Open,Rahul Das,Phone,
TKT-00964,CLI-0122,DataVault Pro,API Integration Failure,Medium,2025-02-02,2025-02-02,6.2,24,Yes,Resolved,Nikhil Mehta,Email,4
TKT-03909,CLI-0062,CloudShift Platform,Access Permission Issue,High,2023-11-04,,,8,Yes,Open,Priya Nair,Chat,
TKT-03645,CLI-0208,DataVault Pro,Server Downtime,High,05/07/2023,2023-05-07,17.5,8,No,Resolved,Rahul Das,Chat,4
TKT-03687,CLI-0171,AnalyticsEdge,Feature Request,Low,2024-03-21,,,48,No,In Progress,Rahul Das,Email,
TKT-03465,CLI-0118,AnalyticsEdge,Performance Lag,Medium,2024-12-23,2024-12-24,28.2,24,No,Resolved,Nikhil Mehta,Portal,3
TKT-01919,CLI-0219,CloudShift Platform,API Integration Failure,High,2024-07-05,2024-07-05,6.1,8,Yes,Resolved,Nikhil Mehta,Portal,3
TKT-01505,CLI-0171,DataVault Pro,Performance Lag,Medium,2023-05-02,,,24,Yes,Open,Pooja Gupta,Email,
TKT-00127,CLI-0206,CloudShift Platform,Server Downtime,Medium,2024-04-15,,,24,Yes,Escalated,Siddharth Reddy,Chat,
TKT-02159,CLI-0174,DataVault Pro,Report Inaccuracy,Low,2023-03-14,2023-03-14,7.7,48,Yes,Resolved,Divya Reddy,Email,2
TKT-01076,CLI-0084,AI Insights Module,Access Permission Issue,Medium,2023-01-19,2023-01-19,2.6,24,Yes,Resolved,Divya Verma,Portal,2
TKT-00133,CLI-0231,SecureNet Suite,Billing Query,High,2023-10-14,2023-10-14,13.8,8,No,Resolved,Deepika Mishra,Portal,4
TKT-03170,CLI-0158,DataVault Pro,Performance Lag,Medium,2024-01-06,2024-01-07,36.8,24,No,Resolved,Rahul Das,Portal,3
TKT-01578,CLI-0204,SecureNet Suite,API Integration Failure,Medium,2023-03-15,17-03-2023,52.2,24,No,Resolved,Priya Nair,Chat,4
TKT-02641,CLI-0098,DevOps Accelerator,Feature Request,Low,2024-05-02,,,48,No,In Progress,Siddharth Reddy,Phone,
TKT-00320,CLI-0091,AI Insights Module,Performance Lag,Medium,2023-06-05,2023-06-07,50.0,24,No,Resolved,Karan Gupta,Phone,5
TKT-02958,CLI-0219,SecureNet Suite,Billing Query,Medium,2025-01-06,2025-01-08,50.8,24,No,Resolved,Neha Gupta,Portal,4
TKT-01831,CLI-0098,CloudShift Platform,Access Permission Issue,Medium,09/16/2023,,,24,Yes,Escalated,Karan Rao,Portal,
TKT-02039,CLI-0025,AnalyticsEdge,API Integration Failure,Low,2023-03-18,2023-03-20,55.9,48,No,Resolved,Arjun Mishra,Portal,4
TKT-03996,CLI-0208,CloudShift Platform,Access Permission Issue,Medium,2023-08-03,,,24,No,In Progress,,Portal,
TKT-01385,CLI-0223,AnalyticsEdge,Billing Query,High,2023-11-10,,,8,Yes,Escalated,Pooja Iyer,Phone,
TKT-02424,CLI-0285,CloudShift Platform,API Integration Failure,High,2023-08-20,2023-08-20,6.9,8,Yes,Resolved,Nikhil Reddy,Email,4
TKT-03479,CLI-0271,DevOps Accelerator,Security Alert,Medium,2025-03-13,,,24,Yes,Escalated,,Phone,
TKT-02740,CLI-0159,CloudShift Platform,Performance Lag,High,2025-02-14,2025-02-14,4.2,8,Yes,Resolved,Priya Nair,Chat,
TKT-03749,CLI-0107,AnalyticsEdge,Report Inaccuracy,High,2023-04-01,,,8,No,Open,Divya Verma,Email,
TKT-03785,CLI-0119,AnalyticsEdge,API Integration Failure,Medium,2024-08-26,2024-08-28,56.8,24,No,Resolved,Priya Nair,Chat,5
TKT-02143,CLI-0057,DevOps Accelerator,Data Sync Error,Medium,2023-11-20,2023-11-20,22.2,24,Yes,Resolved,Kavya Iyer,Portal,
TKT-03503,CLI-0063,DataVault Pro,Security Alert,Critical,2024-06-12,2024-06-12,3.1,4,Yes,Resolved,Divya Verma,Portal,
TKT-03396,CLI-0020,AI Insights Module,Report Inaccuracy,High,2023-05-25,,,8,No,In Progress,Rahul Das,Portal,
TKT-00941,CLI-0006,DevOps Accelerator,Login Issue,Low,2024-05-09,,,48,No,Escalated,Nikhil Reddy,Portal,
TKT-01163,CLI-0122,AI Insights Module,Billing Query,Critical,2023-04-08,2023-04-08,1.3,4,Yes,Resolved,Ananya Joshi,Chat,5
TKT-02623,CLI-0003,AI Insights Module,Dashboard Bug,Medium,02/06/2023,,,24,No,Escalated,Pooja Iyer,Portal,
TKT-02208,CLI-0165,AnalyticsEdge,Billing Query,High,2024-12-24,2024-12-24,2.9,8,Yes,Resolved,Priya Nair,Chat,3
TKT-01538,CLI-0044,AnalyticsEdge,Report Inaccuracy,Low,2024-01-07,2024-01-09,50.2,48,No,Resolved,Rahul Das,Phone,5
TKT-01071,CLI-0185,DataVault Pro,Login Issue,High,2023-12-11,2023-12-11,12.9,8,No,Resolved,Divya Verma,Email,3
TKT-00795,CLI-0005,AnalyticsEdge,Data Sync Error,Low,2023-06-15,2023-06-19,107.8,48,No,Resolved,Ananya Joshi,Email,5
TKT-00045,CLI-0017,SecureNet Suite,API Integration Failure,Medium,2025-02-02,,,24,No,Open,Divya Verma,Chat,
TKT-00759,CLI-0260,CloudShift Platform,Feature Request,Medium,2025-03-14,,,24,Yes,Open,Kavya Iyer,Email,
TKT-00572,CLI-0071,DataVault Pro,Server Downtime,High,2023-04-11,2023-04-11,11.2,8,No,Resolved,Priya Patel,Phone,2
TKT-01735,CLI-0275,SecureNet Suite,Performance Lag,High,2024-03-15,2024-03-15,18.9,8,No,Resolved,Deepika Mishra,Portal,
TKT-00411,CLI-0019,AnalyticsEdge,Performance Lag,Medium,2024-09-06,,,24,No,Open,Karan Gupta,Phone,
TKT-02749,CLI-0146,DataVault Pro,Report Inaccuracy,High,2024-05-20,,,8,No,Open,,Portal,
TKT-01262,CLI-0061,AnalyticsEdge,Performance Lag,Medium,2023-11-16,2023-11-16,23.2,24,Yes,Resolved,Nikhil Mehta,Chat,5
TKT-01223,CLI-0129,CloudShift Platform,Dashboard Bug,Medium,2025-02-14,2025-02-14,20.7,24,,Resolved,Priya Patel,Portal,5
TKT-03267,CLI-0018,AnalyticsEdge,Login Issue,High,2023-09-02,02-09-2023,10.3,8,No,Resolved,Nikhil Mehta,Chat,3
TKT-01643,CLI-0214,DataVault Pro,Feature Request,Low,2023-11-03,2023-11-06,77.8,48,No,Resolved,Nikhil Reddy,Email,4
TKT-02665,CLI-0057,DataVault Pro,Onboarding Support,High,2024-12-14,,,8,No,In Progress,Priya Patel,Email,
TKT-03516,CLI-0215,AnalyticsEdge,Login Issue,Medium,2023-05-04,,,24,No,Escalated,Pooja Gupta,Email,
TKT-00168,CLI-0246,SecureNet Suite,Billing Query,High,2024-02-07,,,8,Yes,In Progress,,Portal,
TKT-01676,CLI-0195,AI Insights Module,Report Inaccuracy,High,2024-07-12,2024-07-12,2.8,8,Yes,Resolved,Pooja Iyer,Phone,4
TKT-00563,CLI-0226,DataVault Pro,report inaccuracy,Low,2024-04-13,2024-04-16,72.4,48,No,Resolved,Divya Reddy,Portal,4
TKT-02247,CLI-0065,SecureNet Suite,Feature Request,High,2024-03-01,2024-03-01,16.6,8,No,Resolved,,Chat,2
TKT-03438,CLI-0257,AI Insights Module,Performance Lag,Medium,2025-03-17,,,24,Yes,In Progress,Divya Reddy,Chat,
TKT-01362,CLI-0119,DataVault Pro,Login Issue,Low,2025-01-28,2025-01-30,61.2,48,No,Resolved,Pooja Iyer,Portal,2
TKT-00306,CLI-0206,DataVault Pro,Feature Request,Medium,2025-01-18,2025-01-18,3.8,24,Yes,Resolved,Manish Nair,Phone,5
TKT-00607,CLI-0005,DevOps Accelerator,Login Issue,High,2024-06-20,,,8,No,In Progress,Manish Nair,Portal,
TKT-03853,CLI-0047,DevOps Accelerator,Access Permission Issue,Low,2023-10-12,,,48,No,Escalated,Priya Nair,Portal,
TKT-02396,CLI-0035,SecureNet Suite,Billing Query,Medium,2024-03-30,,,24,Yes,Escalated,Pooja Gupta,Portal,
TKT-01597,CLI-0245,AI Insights Module,Performance Lag,Low,2024-01-31,,,48,No,Escalated,Pooja Patel,Portal,
TKT-03015,CLI-0098,DataVault Pro,Dashboard Bug,Low,2023-12-24,2023-12-27,89.2,48,,Resolved,Neha Gupta,Chat,3
TKT-03010,CLI-0155,CloudShift Platform,Server Downtime,Low,2025-01-07,,,48,No,Escalated,Neha Gupta,Email,
TKT-00773,CLI-0110,CloudShift Platform,Dashboard  Bug,High,2024-01-09,2024-01-09,13.1,8,,Resolved,Rahul Das,Email,3
TKT-01021,CLI-0052,CloudShift Platform,Server Downtime,Low,2023-07-11,2023-07-14,72.3,48,No,Resolved,Arjun Mishra,Email,
TKT-03318,CLI-0033,DevOps Accelerator,Server Downtime,High,2023-06-12,,,8,Yes,In Progress,Divya Verma,Phone,
TKT-02259,CLI-0280,CloudShift Platform,Billing Query,High,2024-06-06,2024-06-06,18.2,8,No,Resolved,Pooja Iyer,Chat,1
TKT-02875,CLI-0030,AnalyticsEdge,Onboarding Support,High,2024-06-25,,,8,Yes,Open,Ananya Joshi,Chat,
TKT-00054,CLI-0022,SecureNet Suite,API Integration Failure,High,2023-11-04,2023-11-04,0.8,8,Yes,Resolved,Siddharth Reddy,Phone,4
TKT-01082,CLI-0163,DataVault Pro,Report Inaccuracy,Medium,2023-11-02,2023-11-02,7.1,24,Yes,Resolved,Pooja Patel,Portal,3
TKT-01171,CLI-0108,AnalyticsEdge,API Integration Failure,Low,2023-08-24,,,48,No,In Progress,Arjun Mishra,Phone,
TKT-02826,CLI-0235,SecureNet Suite,Onboarding Support,Low,04/15/2023,,,48,Yes,In Progress,Pooja Gupta,Phone,
TKT-02613,CLI-0298,AnalyticsEdge,Billing Query,High,2023-12-12,2023-12-12,14.9,8,No,Resolved,Karan Rao,Phone,5
TKT-03183,CLI-0068,AnalyticsEdge,API Integration Failure,High,2025-03-24,2025-03-24,5.9,8,Yes,Resolved,Pooja Iyer,Phone,5
TKT-00004,CLI-0085,DevOps Accelerator,Login Issue,,2023-12-19,,,8,No,In Progress,Ananya Joshi,Phone,
TKT-02527,CLI-0099,CloudShift Platform,Report Inaccuracy,Medium,2024-08-11,,,24,No,Escalated,Divya Reddy,Portal,
TKT-01528,CLI-0097,CloudShift Platform,Feature Request,Medium,2023-05-06,2023-05-07,42.7,24,No,Resolved,Nikhil Mehta,Phone,4
TKT-00247,CLI-0021,DevOps Accelerator,Data Sync Error,Medium,09/20/2023,2023-09-20,15.2,24,Yes,Resolved,Priya Patel,Portal,2
TKT-01032,CLI-0165,AI Insights Module,Feature Request,Medium,2024-11-17,,,24,No,In Progress,,Portal,
TKT-01695,CLI-0221,AI Insights Module,Performance Lag,Low,2024-02-21,2024-02-25,105.8,48,No,Resolved,Neha Gupta,Email,4
TKT-03173,CLI-0043,DataVault Pro,Login Issue,,2023-03-31,,,48,Yes,Open,Deepika Mishra,Phone,
TKT-02037,CLI-0169,AnalyticsEdge,Billing Query,Critical,2024-07-14,,,4,No,Open,Deepika Mishra,Phone,
TKT-01234,CLI-0274,AnalyticsEdge,Login Issue,Medium,2023-11-22,2023-11-23,39.6,24,No,Resolved,Karan Gupta,Chat,4
TKT-03097,CLI-0052,DataVault Pro,Feature Request,Medium,2024-06-18,2024-06-19,44.7,24,No,Resolved,Arjun Mishra,Portal,1
TKT-01741,CLI-0167,AI Insights Module,Security Alert,High,2024-05-09,2024-05-09,14.0,8,No,Resolved,Divya Reddy,Email,3
TKT-00180,CLI-0129,DevOps Accelerator,Login Issue,Medium,2024-01-15,,,24,No,Escalated,Priya Patel,Chat,
TKT-02778,CLI-0139,DevOps Accelerator,Dashboard Bug,High,2023-07-05,2023-07-05,8.5,8,No,Resolved,Manish Nair,Phone,2
TKT-02937,CLI-0114,SecureNet Suite,Feature Request,Medium,2023-07-28,2023-07-30,48.7,24,,Resolved,Pooja Patel,Chat,5
TKT-02484,CLI-0137,DevOps Accelerator,API Integration Failure,Low,2024-02-29,2024-02-29,16.8,48,Yes,Resolved,Karan Gupta,Portal,3
TKT-03747,CLI-0196,DataVault Pro,Feature Request,Medium,2023-11-26,2023-11-26,20.5,24,Yes,Resolved,Rahul Das,Email,4
TKT-01639,CLI-0004,SecureNet Suite,Feature Request,Medium,2024-12-20,,,24,Yes,Open,Rahul Das,Phone,
TKT-01265,CLI-0173,CloudShift Platform,Security Alert,Medium,2025-03-31,,,24,No,Escalated,Ananya Joshi,Phone,
TKT-03552,CLI-0222,SecureNet Suite,access permission issue,Medium,2024-11-13,2024-11-14,42.2,24,No,Resolved,Siddharth Reddy,Chat,
TKT-03190,CLI-0185,AnalyticsEdge,Dashboard Bug,High,2025-01-04,,,8,No,Open,Pooja Gupta,Phone,
TKT-03301,CLI-0084,AI Insights Module,Login Issue,Medium,2024-10-01,,,24,No,Open,Karan Gupta,Portal,
TKT-01882,CLI-0283,AnalyticsEdge,Access Permission Issue,Medium,2023-05-27,,,24,Yes,Escalated,Neha Gupta,Email,
TKT-00889,CLI-0017,AI Insights Module,Report Inaccuracy,Critical,2023-01-20,2023-01-20,7.3,4,No,Resolved,Pooja Gupta,Phone,3
TKT-02281,CLI-0085,CloudShift Platform,Dashboard Bug,High,2024-01-20,2024-01-20,14.6,8,No,Resolved,,Chat,5
TKT-03723,CLI-0213,AI Insights Module,API Integration Failure,Low,2024-05-16,2024-05-16,3.6,48,Yes,Resolved,Pooja Gupta,Chat,5
TKT-01104,CLI-0068,CloudShift Platform,Security Alert,High,2023-01-06,2023-01-06,14.6,8,,Resolved,Pooja Iyer,Portal,4
TKT-01337,CLI-0012,AI Insights Module,Onboarding Support,High,2023-02-22,,,8,Yes,Escalated,Kavya Iyer,Portal,
TKT-00018,CLI-0190,DevOps Accelerator,Performance  Lag,High,2023-07-19,2023-07-19,13.9,8,No,Resolved,Karan Rao,Email,5
TKT-00631,CLI-0263,AI Insights Module,Dashboard Bug,Critical,2023-02-15,2023-02-15,9.6,4,No,Resolved,Nikhil Mehta,Phone,5
TKT-03296,CLI-0071,SecureNet Suite,Onboarding Support,Low,2023-07-10,,,48,Yes,Escalated,Kavya Iyer,Phone,
TKT-02834,CLI-0094,SecureNet Suite,Login Issue,High,2023-07-22,2023-07-22,15.6,8,No,Resolved,Divya Reddy,Chat,5
TKT-03385,CLI-0114,AI Insights Module,Dashboard Bug,Low,2025-01-19,,,48,No,In Progress,Rahul Das,Email,
TKT-01401,CLI-0006,CloudShift Platform,Onboarding Support,Low,2024-12-26,2024-12-29,76.0,48,No,Resolved,Rahul Das,Chat,4
TKT-01417,CLI-0134,SecureNet Suite,Dashboard Bug,Low,2025-02-24,2025-02-24,3.7,48,Yes,Resolved,Divya Verma,Portal,2
TKT-01789,CLI-0162,SecureNet Suite,Data Sync Error,Medium,2023-03-29,2023-03-31,58.6,24,No,Resolved,Pooja Gupta,Email,
TKT-03007,CLI-0144,SecureNet Suite,Login Issue,Medium,2023-02-14,,,24,No,In Progress,Priya Nair,Portal,
TKT-02126,CLI-0143,CloudShift Platform,Login Issue,Medium,2023-05-18,2023-05-19,44.0,24,No,Resolved,Divya Reddy,Email,4
TKT-03224,CLI-0182,DevOps Accelerator,Feature Request,High,2023-02-06,2023-02-06,17.9,8,No,Resolved,Nikhil Reddy,Email,5
TKT-01859,CLI-0146,DataVault Pro,Dashboard Bug,,2024-11-22,2024-11-22,15.5,24,Yes,Resolved,Karan Gupta,Chat,5
TKT-01334,CLI-0193,DevOps Accelerator,Data Sync Error,Medium,2023-11-19,2023-11-20,38.7,24,,Resolved,Manish Nair,Phone,3
TKT-00134,CLI-0174,CloudShift Platform,Login Issue,Low,2023-12-05,2023-12-05,18.5,48,Yes,Resolved,Rahul Das,Portal,
TKT-02944,CLI-0257,DevOps Accelerator,Server Downtime,Low,2023-10-16,2023-10-17,37.3,48,Yes,Resolved,Siddharth Reddy,Chat,4
TKT-02042,CLI-0004,AI Insights Module,Server Downtime,Medium,2023-12-10,2023-12-12,48.0,24,No,Resolved,Priya Nair,Email,
TKT-00556,CLI-0181,AnalyticsEdge,Onboarding Support,Low,2025-01-06,2025-01-08,66.2,48,No,Resolved,Pooja Gupta,Email,3
TKT-01946,CLI-0136,AI Insights Module,Login Issue,High,2023-01-31,2023-01-31,16.9,8,No,Resolved,Rahul Das,Email,3
TKT-01923,CLI-0287,DataVault Pro,Data  Sync  Error,Low,2023-07-09,2023-07-10,43.5,48,Yes,Resolved,Karan Gupta,Email,4
TKT-01685,CLI-0127,AnalyticsEdge,Security Alert,,2024-11-30,2024-11-30,5.4,8,Yes,Resolved,Karan Gupta,Email,3
TKT-02012,CLI-0182,AI Insights Module,Security Alert,Medium,2023-08-30,,,24,Yes,In Progress,Karan Gupta,Email,
TKT-03679,CLI-0128,CloudShift Platform,Report Inaccuracy,Medium,2023-09-15,2023-09-15,9.8,24,Yes,Resolved,Rahul Das,Phone,4
TKT-00997,CLI-0147,SecureNet Suite,Feature Request,High,2024-12-18,2024-12-18,6.0,8,Yes,Resolved,Pooja Iyer,Chat,
TKT-00710,CLI-0003,AnalyticsEdge,Report Inaccuracy,High,2024-10-24,,,8,No,In Progress,Ananya Joshi,Portal,
TKT-00272,CLI-0206,CloudShift Platform,Onboarding Support,Medium,2024-11-14,2024-11-16,52.1,24,No,Resolved,Rahul Das,Phone,5
TKT-02543,CLI-0147,CloudShift Platform,Data Sync Error,Low,2024-09-24,2024-09-27,76.6,48,No,Resolved,Pooja Iyer,Portal,2
TKT-02417,CLI-0145,AI Insights Module,Billing Query,Low,2024-10-14,2024-10-14,1.3,48,Yes,Resolved,Rahul Das,Chat,3
TKT-01318,CLI-0003,DataVault Pro,Dashboard Bug,Critical,2023-11-23,2023-11-23,3.2,4,Yes,Resolved,Siddharth Reddy,Chat,3
TKT-02660,CLI-0052,AnalyticsEdge,Access Permission Issue,High,2024-04-29,,,8,No,Escalated,Siddharth Reddy,Portal,
TKT-00032,CLI-0036,CloudShift Platform,Login  Issue,Medium,2024-01-20,,,24,Yes,In Progress,Karan Gupta,Portal,
TKT-03200,CLI-0140,DataVault Pro,billing query,Medium,06/03/2023,2023-06-03,4.1,24,Yes,Resolved,Arjun Mishra,Email,3
TKT-00401,CLI-0284,DevOps Accelerator,Login Issue,High,2024-02-15,2024-02-15,2.3,8,Yes,Resolved,Rahul Das,Portal,
TKT-01771,CLI-0059,DataVault Pro,Login Issue,,2023-11-08,,,24,Yes,In Progress,Neha Gupta,Chat,
TKT-02438,CLI-0096,DevOps Accelerator,Performance Lag,Low,2023-08-18,2023-08-18,10.7,48,Yes,Resolved,Arjun Mishra,Email,3
TKT-01606,CLI-0274,DataVault Pro,Report Inaccuracy,Medium,2024-01-14,2024-01-14,13.7,24,Yes,Resolved,Divya Reddy,Phone,5
TKT-01190,CLI-0079,DataVault Pro,Feature Request,Critical,2023-02-06,,,4,Yes,Escalated,Rahul Das,Chat,
TKT-03821,CLI-0246,DevOps Accelerator,Onboarding Support,High,2024-08-03,,,8,No,Escalated,Manish Nair,Chat,
TKT-01802,CLI-0132,DevOps Accelerator,Server Downtime,Critical,2023-03-11,2023-03-11,8.2,4,No,Resolved,Karan Rao,Phone,1
TKT-02621,CLI-0003,AnalyticsEdge,Report Inaccuracy,Medium,2024-06-15,,,24,No,In Progress,Nikhil Mehta,Portal,
TKT-03912,CLI-0224,CloudShift Platform,Onboarding Support,,2024-12-02,,,4,No,Open,Arjun Mishra,Portal,
TKT-02268,CLI-0266,AI Insights Module,Data Sync Error,Low,12/09/2024,,,48,Yes,Escalated,Nikhil Mehta,Email,
TKT-02110,CLI-0108,DevOps Accelerator,Login Issue,High,2024-11-08,,,8,No,Escalated,Neha Gupta,Email,
