Deal_ID,Sales_Rep,Client_ID,Product,Lead_Source,Deal_Stage,Deal_Value_INR,Created_Date,Close_Date,Days_to_Close,Discount_Percent,Region,Quarter,Outlier_Flag
DEAL-01440,Rohit Mehta,CLI-0014,SecureNet Suite,Referral,Closed Lost,160271,2023-12-03,2024-04-24,143,3.7,West,Q4-2023,Normal
DEAL-02021,Amit Pillai,CLI-0208,AI Insights Module,Organic Search,Prospecting,491510,2023-04-14,,,,South,Q2-2023,Normal
DEAL-00174,Amit Pillai,CLI-0084,AI Insights Module,Referral,Proposal Sent,224184,2023-01-30,,,,West,Q1-2023,Normal
DEAL-02399,Vikram Patel,CLI-0096,AnalyticsEdge,Organic Search,Closed Won,265745,2024-10-25,2024-12-24,60,17.8,South,Q4-2024,Normal
DEAL-00243,Siddharth Joshi,CLI-0071,DataVault Pro,Email Campaign,Closed Won,255053,2023-12-06,2024-05-17,163,8.4,East,Q4-2023,Normal
DEAL-02410,Unassigned,CLI-0238,DataVault Pro,Organic Search,Qualification,389913,2023-12-16,,,,South,Q4-2023,Normal
DEAL-02158,Amit Pillai,CLI-0081,AI Insights Module,Email Campaign,Closed Won,393048,2024-11-17,2025-05-07,171,1.1,West,Q4-2024,Normal
DEAL-01161,Aditya Pillai,CLI-0236,AI Insights Module,Google Ads,Closed Won,295502,2025-02-08,2025-06-13,125,15.8,East,Q1-2025,Normal
DEAL-00586,Meera Reddy,CLI-0128,CloudShift Platform,Organic Search,Proposal Sent,172519,2024-03-20,,,14.2,South,Q1-2024,Normal
DEAL-00863,Aditya Pillai,CLI-0147,DataVault Pro,LinkedIn Campaign,Closed Won,146890,2024-03-05,2024-05-02,58,8.5,West,Q1-2024,Normal
DEAL-01273,Ananya Sharma,CLI-0237,AnalyticsEdge,Webinar,Closed Won,242460,2024-02-24,2024-06-20,117,23,East,Q1-2024,Normal
DEAL-01938,Siddharth Gupta,CLI-0261,DataVault Pro,LinkedIn Campaign,Closed Won,396833,2023-10-20,2023-11-06,17,4.3,South,Q4-2023,Normal
DEAL-01122,Rahul Patel,CLI-0070,AI Insights Module,Webinar,Closed Won,207588,2024-02-13,2024-07-13,151,4.3,East,Q1-2024,Normal
DEAL-01643,Riya Das,CLI-0298,DevOps Accelerator,Referral,Closed Won,244787,2023-10-11,2024-02-05,117,7.8,East,Q4-2023,Normal
DEAL-00234,Ananya Sharma,CLI-0286,SecureNet Suite,Trade Show,Closed Won,223320,2024-11-27,2025-04-23,147,9,North,Q4-2024,Normal
DEAL-01783,Vikram Iyer,CLI-0050,AI Insights Module,Cold Outreach,Proposal Sent,341493,2023-08-04,,,,West,Q3-2023,Normal
DEAL-00305,Neha Pillai,CLI-0035,AI Insights Module,Google Ads,Closed Lost,416867,2024-05-14,2024-09-06,115,12.2,South,Q2-2024,Normal
DEAL-00351,Arjun Rao,CLI-0090,CloudShift Platform,Trade Show,Proposal Sent,67690,2025-02-20,,,12.5,South,Q1-2025,Normal
DEAL-02148,Aditya Pillai,CLI-0202,CloudShift Platform,Email Campaign,Closed Won,453993,2024-01-25,2024-06-23,150,9.5,West,Q1-2024,Normal
DEAL-01377,Vikram Patel,CLI-0102,AnalyticsEdge,Trade Show,Proposal Sent,404058,2024-05-20,,,5.3,South,Q2-2024,Normal
DEAL-01947,Arjun Rao,CLI-0135,CloudShift Platform,LinkedIn Campaign,Qualification,117974,2023-01-24,,,11.5,East,Q1-2023,Normal
DEAL-02354,Meera Reddy,CLI-0120,CloudShift Platform,LinkedIn Campaign,Proposal Sent,111938,2025-03-09,,,,South,Q1-2025,Normal
DEAL-01835,Rahul Patel,CLI-0070,AI Insights Module,Cold Outreach,Closed Lost,133407,2023-04-30,2023-08-28,120,10.9,North,Q2-2023,Normal
DEAL-02057,Deepika Das,CLI-0125,SecureNet Suite,Unknown,Negotiation,125962,2024-02-25,,,12.9,East,Q1-2024,Normal
DEAL-00631,Aditya Pillai,CLI-0222,AnalyticsEdge,Trade Show,Closed Won,71017,2023-03-09,2023-06-18,101,3.5,West,Q1-2023,Normal
DEAL-02059,Vikram Iyer,CLI-0191,AnalyticsEdge,Cold Outreach,Closed Won,80078,2024-12-26,2025-03-06,70,4.9,North,Q4-2024,Normal
DEAL-00946,Rahul Patel,CLI-0158,SecureNet Suite,Cold Outreach,Negotiation,147459,2023-04-10,,,6.4,South,Q2-2023,Normal
DEAL-01560,Siddharth Gupta,CLI-0219,AI Insights Module,Webinar,Closed Lost,59394,2023-12-18,2024-02-29,73,2.1,East,Q4-2023,Normal
DEAL-01779,Neha Pillai,CLI-0266,CloudShift Platform,LinkedIn Campaign,Prospecting,490489,2025-02-11,,,,North,Q1-2025,Normal
DEAL-01223,Ananya Sharma,CLI-0006,DevOps Accelerator,Trade Show,Proposal Sent,267116,2024-07-02,,,3,South,Q3-2024,Normal
DEAL-02345,Riya Das,CLI-0060,DevOps Accelerator,Trade Show,Closed Lost,340697,2023-06-17,2023-09-05,80,6.7,North,Q2-2023,Normal
DEAL-00816,Aditya Pillai,CLI-0278,CloudShift Platform,Referral,Negotiation,432247,2025-03-13,,,13.4,North,Q1-2025,Normal
DEAL-01909,Amit Pillai,CLI-0063,AnalyticsEdge,Email Campaign,Closed Lost,449838,2024-05-30,2024-10-24,147,6.8,West,Q2-2024,Normal
DEAL-00184,Siddharth Gupta,CLI-0080,AI Insights Module,LinkedIn Campaign,Negotiation,325774,2024-02-13,,,,West,Q1-2024,Normal
DEAL-00430,Siddharth Gupta,CLI-0088,AnalyticsEdge,Trade Show,Closed Lost,251845,2024-07-26,2024-08-16,21,6.3,East,Q3-2024,Normal
DEAL-01657,Arjun Rao,CLI-0154,CloudShift Platform,Cold Outreach,Proposal Sent,245814,2023-04-01,,,,North,Q2-2023,Normal
DEAL-01118,Rohit Mehta,CLI-0086,AI Insights Module,Webinar,Qualification,128284,2023-06-06,,,1.5,South,Q2-2023,Normal
DEAL-00337,Meera Reddy,CLI-0286,SecureNet Suite,Unknown,Proposal Sent,157092,2024-12-29,,,6.3,North,Q4-2024,Normal
DEAL-01051,Priya Kumar,CLI-0284,DevOps Accelerator,Trade Show,Qualification,387930,2024-10-22,,,2.8,West,Q4-2024,Normal
DEAL-01916,Arjun Rao,CLI-0288,DevOps Accelerator,Webinar,Negotiation,265994,2025-03-28,,,0.7,North,Q1-2025,Normal
DEAL-00718,Rohit Mehta,CLI-0272,SecureNet Suite,Webinar,Closed Won,925816,2024-06-06,2024-06-24,18,16.6,North,Q2-2024,High Outlier
DEAL-02141,Siddharth Joshi,CLI-0218,DataVault Pro,LinkedIn Campaign,Closed Won,57872,2024-04-09,2024-09-24,168,4.5,South,Q2-2024,Normal
DEAL-00488,Riya Das,CLI-0221,AnalyticsEdge,Trade Show,Closed Won,25184,2024-06-03,2024-08-12,70,19.6,North,Q2-2024,Normal
DEAL-01718,Aditya Pillai,CLI-0138,AI Insights Module,Google Ads,Qualification,46255,2024-01-18,,,,West,Q1-2024,Normal
DEAL-01359,Rahul Patel,CLI-0162,AI Insights Module,Organic Search,Closed Won,34502,2024-12-03,2025-02-02,61,2.3,North,Q4-2024,Normal
DEAL-01902,Meera Reddy,CLI-0007,SecureNet Suite,Google Ads,Closed Won,242893,2023-12-05,2023-12-26,21,14.4,West,Q4-2023,Normal
DEAL-00388,Riya Das,CLI-0052,CloudShift Platform,Unknown,Closed Won,276108,2024-11-05,2025-01-26,82,22.6,West,Q4-2024,Normal
DEAL-02216,Deepika Das,CLI-0278,AI Insights Module,Organic Search,Proposal Sent,225261,2023-11-18,,,12.7,North,Q4-2023,Normal
DEAL-00556,Siddharth Gupta,CLI-0138,AI Insights Module,Cold Outreach,Negotiation,321651,2023-05-24,,,,South,Q2-2023,Normal
DEAL-01130,Vikram Iyer,CLI-0216,AnalyticsEdge,Referral,Prospecting,495204,2025-03-18,,,,North,Q1-2025,Normal
DEAL-00938,Deepika Das,CLI-0160,SecureNet Suite,Google Ads,Negotiation,130238,2023-09-22,,,,West,Q3-2023,Normal
DEAL-00794,Siddharth Gupta,CLI-0135,AnalyticsEdge,Cold Outreach,Proposal Sent,115669,2023-05-30,,,3.1,South,Q2-2023,Normal
DEAL-00604,Aditya Pillai,CLI-0043,DataVault Pro,Email Campaign,Qualification,154425,2023-01-12,,,9.6,North,Q1-2023,Normal
DEAL-00954,Riya Das,CLI-0208,DevOps Accelerator,Trade Show,Proposal Sent,225199,2025-03-19,,,,East,Q1-2025,Normal
DEAL-01107,Rahul Patel,CLI-0005,SecureNet Suite,Cold Outreach,Negotiation,487991,2024-12-29,,,,West,Q4-2024,Normal
DEAL-00597,Neha Pillai,CLI-0230,DevOps Accelerator,Email Campaign,Closed Won,360231,2025-02-20,2025-07-17,147,19.5,West,Q1-2025,Normal
DEAL-01404,Deepika Das,CLI-0286,AI Insights Module,LinkedIn Campaign,Closed Won,128919,2025-03-23,2025-06-28,97,5,West,Q1-2025,Normal
DEAL-02242,Aditya Pillai,CLI-0002,DataVault Pro,Referral,Proposal Sent,422278,2024-08-28,,,13.7,East,Q3-2024,Normal
DEAL-02405,Rohit Mehta,CLI-0077,SecureNet Suite,Webinar,Negotiation,36712,2023-07-29,,,5.8,South,Q3-2023,Normal
DEAL-00721,Arjun Rao,CLI-0135,AnalyticsEdge,Google Ads,Qualification,390892,2024-02-05,,,6.7,South,Q1-2024,Normal
DEAL-00504,Siddharth Gupta,CLI-0237,DataVault Pro,Webinar,Negotiation,12937,2023-07-12,,,,West,Q3-2023,Normal
DEAL-00937,Rahul Patel,CLI-0060,AnalyticsEdge,Cold Outreach,Closed Won,324521,2024-07-27,2024-12-18,144,18.2,West,Q3-2024,Normal
DEAL-01769,Deepika Das,CLI-0208,AI Insights Module,Referral,Proposal Sent,113876,2025-03-28,,,,South,Q1-2025,Normal
DEAL-01725,Aditya Pillai,CLI-0197,CloudShift Platform,Webinar,Proposal Sent,499086,2023-01-05,,,4.9,East,Q1-2023,Normal
DEAL-00951,Ananya Sharma,CLI-0063,CloudShift Platform,Email Campaign,Closed Lost,139182,2024-01-26,2024-02-21,26,,North,Q1-2024,Normal
DEAL-00313,Siddharth Joshi,CLI-0063,DevOps Accelerator,Webinar,Prospecting,244478,2023-05-06,,,0.6,South,Q2-2023,Normal
DEAL-00726,Vikram Patel,CLI-0251,DevOps Accelerator,Trade Show,Closed Won,108751,2025-03-16,2025-05-05,50,17.2,South,Q1-2025,Normal
DEAL-01062,Ananya Sharma,CLI-0243,SecureNet Suite,LinkedIn Campaign,Proposal Sent,387686,2023-03-21,,,8.5,East,Q1-2023,Normal
DEAL-00072,Neha Pillai,CLI-0228,SecureNet Suite,Email Campaign,Closed Won,42234,2023-05-23,2023-11-02,163,15.9,North,Q2-2023,Normal
DEAL-00593,Meera Reddy,CLI-0084,DevOps Accelerator,LinkedIn Campaign,Qualification,141423,2024-11-06,,,4.5,West,Q4-2024,Normal
DEAL-00633,Rahul Patel,CLI-0275,DataVault Pro,Cold Outreach,Closed Lost,233514,2024-01-22,2024-02-27,36,7.4,West,Q1-2024,Normal
DEAL-00241,Rohit Mehta,CLI-0292,CloudShift Platform,Google Ads,Qualification,316458,2024-10-29,,,11.3,South,Q4-2024,Normal
DEAL-00879,Neha Pillai,CLI-0031,CloudShift Platform,Referral,Closed Lost,274493,2024-12-28,2025-04-22,115,0.4,East,Q4-2024,Normal
DEAL-01532,Arjun Rao,CLI-0109,CloudShift Platform,Google Ads,Negotiation,187167,2023-05-27,,,,South,Q2-2023,Normal
DEAL-02348,Meera Reddy,CLI-0295,SecureNet Suite,LinkedIn Campaign,Closed Lost,263320,2024-04-22,2024-05-17,25,,North,Q2-2024,Normal
DEAL-01079,Amit Pillai,CLI-0172,CloudShift Platform,Referral,Prospecting,168215,2024-03-19,,,12.7,North,Q1-2024,Normal
DEAL-01305,Amit Pillai,CLI-0206,SecureNet Suite,Google Ads,Closed Won,20087,2024-06-12,2024-11-03,144,24.1,South,Q2-2024,Normal
DEAL-00187,Siddharth Gupta,CLI-0180,AI Insights Module,Referral,Closed Won,384150,2024-05-22,2024-10-18,149,13.1,East,Q2-2024,Normal
DEAL-02217,Ananya Sharma,CLI-0270,SecureNet Suite,Referral,Negotiation,354315,2023-02-26,,,10.3,East,Q1-2023,Normal
DEAL-00347,Siddharth Gupta,CLI-0077,AI Insights Module,Google Ads,Closed Won,124965,2023-10-14,2023-12-13,60,0.4,North,Q4-2023,Normal
DEAL-00971,Aditya Pillai,CLI-0087,AnalyticsEdge,Webinar,Closed Lost,410731,2023-03-04,2023-06-05,93,4.7,South,Q1-2023,Normal
DEAL-00709,Aditya Pillai,CLI-0183,AI Insights Module,Email Campaign,Closed Lost,272141,2023-02-01,2023-04-22,80,12.9,North,Q1-2023,Normal
DEAL-00383,Ananya Sharma,CLI-0138,AI Insights Module,LinkedIn Campaign,Prospecting,400965,2024-03-06,,,10.4,West,Q1-2024,Normal
DEAL-01809,Siddharth Joshi,CLI-0103,CloudShift Platform,Organic Search,Negotiation,217920,2024-12-02,,,,West,Q4-2024,Normal
DEAL-00077,Rahul Patel,CLI-0075,DataVault Pro,Trade Show,Closed Lost,478494,2024-09-10,2025-01-11,123,6.8,West,Q3-2024,Normal
DEAL-00423,Vikram Patel,CLI-0146,AnalyticsEdge,Webinar,Proposal Sent,366026,2023-12-06,,,5.9,East,Q4-2023,Normal
DEAL-01237,Amit Pillai,CLI-0033,AI Insights Module,Email Campaign,Closed Won,210971,2024-07-30,2024-09-27,59,19.3,West,Q3-2024,Normal
DEAL-01217,Amit Pillai,CLI-0017,AnalyticsEdge,Webinar,Qualification,392720,2024-06-01,,,5.8,South,Q2-2024,Normal
DEAL-01724,Neha Pillai,CLI-0090,AnalyticsEdge,LinkedIn Campaign,Negotiation,268444,2024-05-12,,,,East,Q2-2024,Normal
DEAL-00151,Siddharth Gupta,CLI-0099,CloudShift Platform,Google Ads,Qualification,202104,2025-01-29,,,8.8,East,Q1-2025,Normal
DEAL-00418,Deepika Das,CLI-0295,AI Insights Module,Referral,Qualification,367272,2023-07-11,,,5,North,Q3-2023,Normal
DEAL-01039,Priya Kumar,CLI-0212,AI Insights Module,Organic Search,Closed Lost,199001,2024-03-23,2024-07-10,109,,West,Q1-2024,Normal
DEAL-01871,Siddharth Joshi,CLI-0026,DevOps Accelerator,Email Campaign,Qualification,321550,2023-07-12,,,,East,Q3-2023,Normal
DEAL-01438,Ananya Sharma,CLI-0259,SecureNet Suite,Referral,Negotiation,376342,2024-02-22,,,1.9,East,Q1-2024,Normal
DEAL-02064,Rohit Mehta,CLI-0248,DevOps Accelerator,Referral,Closed Lost,119352,2024-02-24,2024-04-28,64,5.9,South,Q1-2024,Normal
DEAL-00140,Aditya Pillai,CLI-0261,DevOps Accelerator,LinkedIn Campaign,Prospecting,313108,2024-06-25,,,,East,Q2-2024,Normal
DEAL-01175,Ananya Sharma,CLI-0273,DataVault Pro,Cold Outreach,Negotiation,254116,2025-01-17,,,11,West,Q1-2025,Normal
DEAL-01177,Rahul Patel,CLI-0122,CloudShift Platform,LinkedIn Campaign,Negotiation,336032,2023-07-17,,,4.6,North,Q3-2023,Normal
DEAL-02224,Deepika Das,CLI-0166,DevOps Accelerator,Google Ads,Closed Won,345065,2023-09-25,2023-12-07,73,2.5,West,Q3-2023,Normal
DEAL-00759,Vikram Patel,CLI-0277,AnalyticsEdge,Email Campaign,Closed Lost,217798,2024-02-20,2024-06-24,125,4.3,South,Q1-2024,Normal
DEAL-01879,Siddharth Gupta,CLI-0219,AnalyticsEdge,LinkedIn Campaign,Negotiation,327452,2024-10-20,,,14.1,North,Q4-2024,Normal
DEAL-00385,Siddharth Gupta,CLI-0179,AnalyticsEdge,Organic Search,Qualification,102177,2024-01-18,,,2.7,West,Q1-2024,Normal
DEAL-00751,Deepika Das,CLI-0216,DevOps Accelerator,Organic Search,Proposal Sent,36694,2024-08-22,,,1.8,West,Q3-2024,Normal
DEAL-00209,Arjun Rao,CLI-0028,SecureNet Suite,Organic Search,Qualification,406655,2023-05-08,,,6.7,North,Q2-2023,Normal
DEAL-02422,Meera Reddy,CLI-0217,CloudShift Platform,Cold Outreach,Prospecting,344033,2024-03-01,,,5.7,East,Q1-2024,Normal
DEAL-02192,Aditya Pillai,CLI-0235,DataVault Pro,Cold Outreach,Closed Won,431698,2023-12-19,2024-03-13,85,8.7,North,Q4-2023,Normal
DEAL-00734,Ananya Sharma,CLI-0101,AnalyticsEdge,Trade Show,Proposal Sent,131729,2023-03-25,,,6.1,South,Q1-2023,Normal
DEAL-00346,Rohit Mehta,CLI-0279,DevOps Accelerator,LinkedIn Campaign,Prospecting,192170,2024-01-13,,,4.9,East,Q1-2024,Normal
DEAL-01261,Rahul Patel,CLI-0104,SecureNet Suite,LinkedIn Campaign,Negotiation,482743,2024-09-29,,,,South,Q3-2024,Normal
DEAL-00214,Aditya Pillai,CLI-0054,CloudShift Platform,Webinar,Qualification,169868,2023-11-07,,,,South,Q4-2023,Normal
DEAL-00465,Arjun Rao,CLI-0114,AI Insights Module,Referral,Prospecting,384629,2023-09-21,,,0.2,East,Q3-2023,Normal
DEAL-02096,Amit Pillai,CLI-0191,DataVault Pro,Organic Search,Closed Won,219479,2023-01-04,2023-03-22,77,14.9,North,Q1-2023,Normal
DEAL-01915,Riya Das,CLI-0288,CloudShift Platform,Trade Show,Closed Won,94909,2024-04-12,2024-07-26,105,21.5,North,Q2-2024,Normal
DEAL-01987,Rohit Mehta,CLI-0261,CloudShift Platform,Google Ads,Closed Lost,251930,2023-09-22,2023-10-17,25,,East,Q3-2023,Normal
DEAL-00825,Meera Reddy,CLI-0177,SecureNet Suite,Trade Show,Qualification,172311,2023-09-15,,,1.2,West,Q3-2023,Normal
DEAL-00165,Arjun Rao,CLI-0033,CloudShift Platform,Google Ads,Closed Won,423559,2023-09-17,2024-02-20,156,16,East,Q3-2023,Normal
DEAL-00678,Siddharth Gupta,CLI-0197,DataVault Pro,Organic Search,Closed Won,310036,2023-08-23,2024-02-05,166,20.3,South,Q3-2023,Normal
DEAL-02465,Siddharth Joshi,CLI-0217,AI Insights Module,Email Campaign,Closed Won,333247,2023-01-25,2023-03-24,58,16.5,East,Q1-2023,Normal
DEAL-01564,Aditya Pillai,CLI-0105,SecureNet Suite,LinkedIn Campaign,Prospecting,358946,2023-11-08,,,5.2,South,Q4-2023,Normal
DEAL-00013,Vikram Patel,CLI-0097,AnalyticsEdge,Email Campaign,Negotiation,294548,2023-07-14,,,8.5,East,Q3-2023,Normal
DEAL-00784,Rahul Patel,CLI-0276,AnalyticsEdge,Webinar,Proposal Sent,455506,2023-03-18,,,14.6,West,Q1-2023,Normal
DEAL-01621,Amit Pillai,CLI-0199,DataVault Pro,Trade Show,Closed Won,327220,2024-03-08,2024-06-03,87,8.1,North,Q1-2024,Normal
DEAL-00754,Aditya Pillai,CLI-0108,DataVault Pro,Google Ads,Closed Lost,95664,2023-09-29,2024-02-14,138,3.3,South,Q3-2023,Normal
DEAL-00878,Neha Pillai,CLI-0222,AI Insights Module,Email Campaign,Qualification,190014,2024-08-12,,,2.6,South,Q3-2024,Normal
DEAL-01375,Meera Reddy,CLI-0214,DevOps Accelerator,Cold Outreach,Negotiation,427742,2024-11-25,,,8.1,West,Q4-2024,Normal
DEAL-00052,Arjun Rao,CLI-0184,SecureNet Suite,Organic Search,Proposal Sent,208673,2025-02-15,,,6.4,East,Q1-2025,Normal
DEAL-01939,Amit Pillai,CLI-0219,DevOps Accelerator,Cold Outreach,Prospecting,427971,2024-07-18,,,13.5,South,Q3-2024,Normal
DEAL-00359,Ananya Sharma,CLI-0058,AnalyticsEdge,Trade Show,Negotiation,292458,2024-06-29,,,,North,Q2-2024,Normal
DEAL-01036,Amit Pillai,CLI-0075,AI Insights Module,Trade Show,Proposal Sent,115388,2023-09-03,,,13.3,East,Q3-2023,Normal
DEAL-00032,Vikram Patel,CLI-0007,CloudShift Platform,Cold Outreach,Qualification,375180,2023-02-24,,,7,North,Q1-2023,Normal
DEAL-02003,Rohit Mehta,CLI-0228,AI Insights Module,Trade Show,Qualification,399496,2023-12-26,,,11,West,Q4-2023,Normal
DEAL-02280,Siddharth Gupta,CLI-0082,DevOps Accelerator,Trade Show,Proposal Sent,471616,2023-07-09,,,1.1,East,Q3-2023,Normal
DEAL-00343,Priya Kumar,CLI-0154,AI Insights Module,Trade Show,Negotiation,289167,2023-03-18,,,2.5,West,Q1-2023,Normal
DEAL-01156,Rahul Patel,CLI-0203,AnalyticsEdge,Trade Show,Negotiation,125873,2024-01-18,,,1.3,East,Q1-2024,Normal
DEAL-02493,Aditya Pillai,CLI-0267,DataVault Pro,Trade Show,Negotiation,94582,2024-07-29,,,7.5,East,Q3-2024,Normal
DEAL-00360,Priya Kumar,CLI-0253,AI Insights Module,LinkedIn Campaign,Qualification,11502,2023-01-18,,,5.4,South,Q1-2023,Normal
DEAL-00869,Amit Pillai,CLI-0070,DataVault Pro,Webinar,Closed Lost,29811,2025-03-28,2025-04-20,23,,West,Q1-2025,Normal
DEAL-01016,Riya Das,CLI-0131,AnalyticsEdge,Organic Search,Closed Won,304950,2024-07-10,2024-11-17,130,14.1,South,Q3-2024,Normal
DEAL-00788,Siddharth Gupta,CLI-0223,DevOps Accelerator,LinkedIn Campaign,Proposal Sent,319777,2025-03-24,,,3.7,South,Q1-2025,Normal
DEAL-01956,Priya Kumar,CLI-0118,DataVault Pro,Trade Show,Closed Lost,451024,2023-05-29,2023-08-13,76,0.5,West,Q2-2023,Normal
DEAL-01339,Ananya Sharma,CLI-0255,CloudShift Platform,Cold Outreach,Closed Lost,428759,2023-06-12,2023-08-03,52,3.4,North,Q2-2023,Normal
DEAL-02015,Neha Pillai,CLI-0268,AI Insights Module,Trade Show,Closed Won,194102,2024-02-23,2024-07-15,143,17.5,North,Q1-2024,Normal
DEAL-00640,Deepika Das,CLI-0243,DataVault Pro,Organic Search,Qualification,398021,2024-11-28,,,10.7,East,Q4-2024,Normal
DEAL-02185,Rahul Patel,CLI-0180,DataVault Pro,LinkedIn Campaign,Qualification,212157,2024-11-15,,,4.9,North,Q4-2024,Normal
DEAL-00812,Priya Kumar,CLI-0233,CloudShift Platform,Email Campaign,Proposal Sent,350606,2025-01-25,,,,South,Q1-2025,Normal
DEAL-01989,Riya Das,CLI-0279,AnalyticsEdge,Trade Show,Closed Won,119505,2024-05-19,2024-09-22,126,24.8,South,Q2-2024,Normal
DEAL-00481,Vikram Patel,CLI-0136,AI Insights Module,LinkedIn Campaign,Proposal Sent,236631,2023-03-30,,,13,North,Q1-2023,Normal
DEAL-01410,Vikram Iyer,CLI-0224,DevOps Accelerator,Trade Show,Closed Won,22565,2023-08-01,2023-10-31,91,9.6,West,Q3-2023,Normal
DEAL-00210,Aditya Pillai,CLI-0142,AI Insights Module,Referral,Proposal Sent,159178,2025-01-02,,,,West,Q1-2025,Normal
DEAL-01717,Rohit Mehta,CLI-0264,AnalyticsEdge,Cold Outreach,Closed Won,308386,2024-08-01,2024-12-18,139,5.7,South,Q3-2024,Normal
DEAL-01611,Ananya Sharma,CLI-0089,SecureNet Suite,Cold Outreach,Qualification,408867,2023-10-05,,,2.3,North,Q4-2023,Normal
DEAL-01509,Vikram Iyer,CLI-0236,DevOps Accelerator,Google Ads,Qualification,284686,2024-08-13,,,9.6,North,Q3-2024,Normal
DEAL-01639,Ananya Sharma,CLI-0095,CloudShift Platform,Google Ads,Closed Won,347300,2024-08-07,2024-11-01,86,19.9,East,Q3-2024,Normal
DEAL-00895,Siddharth Gupta,CLI-0181,AI Insights Module,Cold Outreach,Negotiation,208657,2024-08-07,,,14.1,North,Q3-2024,Normal
DEAL-00693,Amit Pillai,CLI-0197,SecureNet Suite,Email Campaign,Prospecting,338265,2023-09-16,,,,North,Q3-2023,Normal
DEAL-01870,Vikram Iyer,CLI-0072,AI Insights Module,Google Ads,Closed Won,127549,2023-05-22,2023-09-14,115,4,South,Q2-2023,Normal
DEAL-01206,Neha Pillai,CLI-0276,SecureNet Suite,Trade Show,Closed Won,468919,2023-07-01,2023-08-21,51,10.5,South,Q3-2023,Normal
DEAL-00109,Meera Reddy,CLI-0260,AnalyticsEdge,Referral,Negotiation,448823,2023-01-15,,,11,South,Q1-2023,Normal
DEAL-00410,Neha Pillai,CLI-0231,AI Insights Module,LinkedIn Campaign,Proposal Sent,448064,2024-11-06,,,9.7,North,Q4-2024,Normal
DEAL-01180,Siddharth Gupta,CLI-0205,CloudShift Platform,Google Ads,Closed Won,123344,2023-04-02,2023-06-04,63,0.9,West,Q2-2023,Normal
DEAL-00876,Deepika Das,CLI-0266,AnalyticsEdge,Referral,Qualification,443307,2023-10-29,,,,South,Q4-2023,Normal
DEAL-02108,Deepika Das,CLI-0099,AI Insights Module,Cold Outreach,Closed Lost,478035,2023-10-19,2024-03-22,155,8.5,West,Q4-2023,Normal
DEAL-00603,Rohit Mehta,CLI-0206,DataVault Pro,Trade Show,Proposal Sent,111382,2023-12-25,,,1.1,East,Q4-2023,Normal
DEAL-00528,Deepika Das,CLI-0215,SecureNet Suite,LinkedIn Campaign,Negotiation,370073,2023-08-06,,,13.7,West,Q3-2023,Normal
DEAL-01070,Deepika Das,CLI-0089,CloudShift Platform,Trade Show,Closed Won,212195,2024-03-12,2024-04-04,23,8.3,North,Q1-2024,Normal
DEAL-02187,Rohit Mehta,CLI-0271,SecureNet Suite,Trade Show,Closed Won,289770,2023-08-30,2023-11-27,89,6.3,North,Q3-2023,Normal
DEAL-00691,Amit Pillai,CLI-0190,DevOps Accelerator,Cold Outreach,Proposal Sent,181472,2024-02-07,,,,North,Q1-2024,Normal
DEAL-00771,Priya Kumar,CLI-0147,DevOps Accelerator,Cold Outreach,Negotiation,406243,2023-10-19,,,5,North,Q4-2023,Normal
DEAL-02201,Arjun Rao,CLI-0131,AI Insights Module,Google Ads,Proposal Sent,267549,2023-05-26,,,,West,Q2-2023,Normal
DEAL-01287,Riya Das,CLI-0260,SecureNet Suite,Cold Outreach,Qualification,36858,2024-01-20,,,1.2,East,Q1-2024,Normal
DEAL-00607,Priya Kumar,CLI-0173,AnalyticsEdge,Google Ads,Closed Won,463596,2025-01-11,2025-04-06,85,16,East,Q1-2025,Normal
DEAL-01401,Vikram Iyer,CLI-0035,DataVault Pro,Organic Search,Proposal Sent,1820974,2024-03-28,,,,South,Q1-2024,High Outlier
DEAL-02243,Priya Kumar,CLI-0011,AI Insights Module,Organic Search,Closed Won,394327,2023-04-29,2023-06-27,59,4.8,North,Q2-2023,Normal
DEAL-00839,Amit Pillai,CLI-0152,AnalyticsEdge,Webinar,Closed Won,48104,2025-02-02,2025-04-12,69,4.4,South,Q1-2025,Normal
DEAL-01963,Siddharth Joshi,CLI-0184,DevOps Accelerator,Trade Show,Closed Won,82177,2025-03-05,2025-04-27,53,24.2,West,Q1-2025,Normal
DEAL-01301,Rahul Patel,CLI-0270,AnalyticsEdge,LinkedIn Campaign,Proposal Sent,273191,2023-01-06,,,5.8,East,Q1-2023,Normal
DEAL-00996,Rahul Patel,CLI-0098,DataVault Pro,Cold Outreach,Closed Won,53328,2025-02-28,2025-04-02,33,8.3,South,Q1-2025,Normal
DEAL-00330,Unassigned,CLI-0234,SecureNet Suite,Trade Show,Closed Lost,291242,2023-04-22,2023-08-27,127,,West,Q2-2023,Normal
DEAL-01297,Rahul Patel,CLI-0288,CloudShift Platform,Webinar,Proposal Sent,179270,2025-02-26,,,3.1,West,Q1-2025,Normal
DEAL-00426,Arjun Rao,CLI-0192,SecureNet Suite,Google Ads,Prospecting,82204,2023-10-18,,,11.8,South,Q4-2023,Normal
DEAL-01322,Vikram Iyer,CLI-0041,DataVault Pro,Organic Search,Closed Won,26242,2024-05-11,2024-09-12,124,23.6,North,Q2-2024,Normal
DEAL-01711,Priya Kumar,CLI-0266,DataVault Pro,Email Campaign,Closed Won,388681,2023-11-05,2023-12-15,40,22.4,West,Q4-2023,Normal
DEAL-02157,Aditya Pillai,CLI-0127,AnalyticsEdge,LinkedIn Campaign,Closed Lost,438571,2023-02-07,2023-05-23,105,,South,Q1-2023,Normal
DEAL-01620,Amit Pillai,CLI-0219,DevOps Accelerator,Organic Search,Qualification,407996,2024-10-10,,,13.6,East,Q4-2024,Normal
DEAL-02497,Arjun Rao,CLI-0041,AnalyticsEdge,Cold Outreach,Closed Lost,377337,2023-03-04,2023-04-28,55,,East,Q1-2023,Normal
DEAL-00750,Vikram Iyer,CLI-0191,CloudShift Platform,LinkedIn Campaign,Qualification,382823,2023-03-03,,,,East,Q1-2023,Normal
DEAL-01931,Priya Kumar,CLI-0129,AnalyticsEdge,LinkedIn Campaign,Closed Lost,207090,2023-08-18,2023-11-04,78,,North,Q3-2023,Normal
DEAL-00861,Arjun Rao,CLI-0165,AnalyticsEdge,Cold Outreach,Negotiation,438585,2023-10-10,,,,West,Q4-2023,Normal
DEAL-00522,Vikram Patel,CLI-0297,CloudShift Platform,Webinar,Negotiation,254971,2024-01-17,,,8.5,North,Q1-2024,Normal
DEAL-00817,Priya Kumar,CLI-0034,SecureNet Suite,Organic Search,Proposal Sent,70375,2024-05-31,,,9.7,East,Q2-2024,Normal
DEAL-00580,Siddharth Gupta,CLI-0091,DevOps Accelerator,Trade Show,Closed Lost,220483,2023-01-07,2023-06-30,174,,West,Q1-2023,Normal
DEAL-02489,Ananya Sharma,CLI-0233,DevOps Accelerator,Organic Search,Closed Lost,96300,2024-11-20,2025-05-03,164,,East,Q4-2024,Normal
DEAL-00884,Neha Pillai,CLI-0011,DataVault Pro,Email Campaign,Proposal Sent,287459,2023-05-05,,,10.4,North,Q2-2023,Normal
DEAL-01822,Vikram Patel,CLI-0016,AnalyticsEdge,LinkedIn Campaign,Closed Won,217156,2025-02-04,2025-07-18,164,9.1,South,Q1-2025,Normal
DEAL-01990,Rahul Patel,CLI-0055,DataVault Pro,Email Campaign,Qualification,422364,2023-08-13,,,,East,Q3-2023,Normal
DEAL-00950,Vikram Iyer,CLI-0238,DevOps Accelerator,Cold Outreach,Closed Won,464417,2023-12-15,2024-05-28,165,7.8,North,Q4-2023,Normal
DEAL-01379,Siddharth Gupta,CLI-0041,DataVault Pro,Webinar,Closed Lost,461713,2023-03-12,2023-08-05,146,,South,Q1-2023,Normal
DEAL-02279,Neha Pillai,CLI-0138,AnalyticsEdge,Organic Search,Closed Won,387265,2024-02-15,2024-05-04,79,9.9,East,Q1-2024,Normal
DEAL-01007,Ananya Sharma,CLI-0290,SecureNet Suite,Google Ads,Qualification,480423,2023-01-04,,,,North,Q1-2023,Normal
DEAL-00164,Deepika Das,CLI-0233,SecureNet Suite,LinkedIn Campaign,Proposal Sent,232183,2023-09-10,,,14.4,South,Q3-2023,Normal
DEAL-00171,Amit Pillai,CLI-0001,DataVault Pro,Google Ads,Closed Lost,493976,2024-09-18,2025-03-12,175,1.3,East,Q3-2024,Normal
DEAL-00587,Meera Reddy,CLI-0163,CloudShift Platform,Cold Outreach,Closed Won,480459,2023-05-25,2023-08-11,78,0.2,South,Q2-2023,Normal
DEAL-01925,Priya Kumar,CLI-0172,DataVault Pro,Organic Search,Closed Won,434729,2023-01-24,2023-04-28,94,19.7,North,Q1-2023,Normal
DEAL-01795,Siddharth Gupta,CLI-0238,AI Insights Module,Email Campaign,Negotiation,454599,2023-04-15,,,,East,Q2-2023,Normal
DEAL-00086,Arjun Rao,CLI-0130,DevOps Accelerator,Organic Search,Closed Lost,236380,2024-10-29,2025-01-21,84,,West,Q4-2024,Normal
DEAL-01239,Priya Kumar,CLI-0220,SecureNet Suite,Referral,Closed Won,492788,2024-03-03,2024-04-22,50,3.1,West,Q1-2024,Normal
DEAL-00454,Vikram Patel,CLI-0177,DevOps Accelerator,Trade Show,Negotiation,74160,2023-03-20,,,3.8,West,Q1-2023,Normal
DEAL-01050,Aditya Pillai,CLI-0037,DataVault Pro,Trade Show,Negotiation,339015,2024-05-21,,,14.9,South,Q2-2024,Normal
DEAL-01151,Riya Das,CLI-0031,AnalyticsEdge,Organic Search,Closed Won,309376,2024-06-16,2024-08-02,47,18.5,North,Q2-2024,Normal
DEAL-02421,Siddharth Gupta,CLI-0104,SecureNet Suite,Trade Show,Closed Won,280306,2023-08-02,2024-01-08,159,24.3,East,Q3-2023,Normal
DEAL-01367,Priya Kumar,CLI-0223,DataVault Pro,Organic Search,Closed Won,426211,2024-02-18,2024-05-10,82,18.2,East,Q1-2024,Normal
DEAL-02179,Amit Pillai,CLI-0075,DevOps Accelerator,Organic Search,Proposal Sent,110529,2023-07-21,,,6.5,North,Q3-2023,Normal
DEAL-02470,Arjun Rao,CLI-0051,AnalyticsEdge,Cold Outreach,Closed Won,436814,2023-09-03,2024-02-08,158,24,East,Q3-2023,Normal
DEAL-00942,Neha Pillai,CLI-0226,AI Insights Module,Trade Show,Proposal Sent,296634,2024-05-29,,,14.5,South,Q2-2024,Normal
DEAL-02468,Aditya Pillai,CLI-0011,DataVault Pro,LinkedIn Campaign,Closed Won,467671,2023-01-04,2023-02-18,45,3.9,West,Q1-2023,Normal
DEAL-00901,Arjun Rao,CLI-0140,DevOps Accelerator,Webinar,Proposal Sent,94981,2023-09-10,,,10,West,Q3-2023,Normal
DEAL-00629,Rohit Mehta,CLI-0188,CloudShift Platform,Webinar,Negotiation,310933,2024-03-27,,,10.6,South,Q1-2024,Normal
DEAL-00558,Rohit Mehta,CLI-0150,DataVault Pro,Cold Outreach,Qualification,16326,2025-01-08,,,7.6,West,Q1-2025,Normal
DEAL-01854,Arjun Rao,CLI-0268,CloudShift Platform,Cold Outreach,Closed Lost,198085,2024-06-30,2024-11-21,144,11.4,West,Q2-2024,Normal
DEAL-00431,Aditya Pillai,CLI-0146,DevOps Accelerator,Cold Outreach,Prospecting,453079,2024-02-17,,,10.1,West,Q1-2024,Normal
DEAL-01562,Meera Reddy,CLI-0002,DataVault Pro,Email Campaign,Closed Won,88112,2024-11-22,2025-03-14,112,20.2,East,Q4-2024,Normal
DEAL-01882,Amit Pillai,CLI-0222,DataVault Pro,Google Ads,Negotiation,93684,2024-03-03,,,,South,Q1-2024,Normal
DEAL-01732,Siddharth Gupta,CLI-0059,DataVault Pro,Email Campaign,Qualification,213109,2023-08-04,,,4.4,North,Q3-2023,Normal
DEAL-00368,Siddharth Joshi,CLI-0300,DevOps Accelerator,Google Ads,Closed Won,172067,2023-07-26,2024-01-20,178,6,North,Q3-2023,Normal
DEAL-00141,Priya Kumar,CLI-0164,DataVault Pro,Email Campaign,Proposal Sent,319005,2024-11-20,,,,East,Q4-2024,Normal
DEAL-00715,Rahul Patel,CLI-0082,DataVault Pro,Google Ads,Proposal Sent,202243,2024-03-16,,,0.3,East,Q1-2024,Normal
DEAL-00284,Priya Kumar,CLI-0040,AnalyticsEdge,Email Campaign,Proposal Sent,318443,2023-02-09,,,,South,Q1-2023,Normal
DEAL-01531,Riya Das,CLI-0266,DataVault Pro,Email Campaign,Closed Won,872105,2024-12-06,2025-01-26,51,9.8,North,Q4-2024,Normal
DEAL-01202,Siddharth Joshi,CLI-0215,DevOps Accelerator,LinkedIn Campaign,Closed Lost,303608,2024-07-18,2024-10-25,99,1.7,North,Q3-2024,Normal
DEAL-01899,Amit Pillai,CLI-0241,CloudShift Platform,Referral,Qualification,419456,2025-02-24,,,3.4,West,Q1-2025,Normal
DEAL-01826,Siddharth Joshi,CLI-0099,SecureNet Suite,Cold Outreach,Negotiation,268888,2024-04-22,,,,West,Q2-2024,Normal
DEAL-02095,Rahul Patel,CLI-0280,DevOps Accelerator,Google Ads,Qualification,199584,2024-10-26,,,,West,Q4-2024,Normal
DEAL-00703,Ananya Sharma,CLI-0191,CloudShift Platform,Organic Search,Negotiation,460736,2023-05-29,,,9,South,Q2-2023,Normal
DEAL-00470,Siddharth Gupta,CLI-0212,DataVault Pro,Cold Outreach,Closed Lost,182325,2025-02-25,2025-06-12,107,4.7,South,Q1-2025,Normal
DEAL-02396,Arjun Rao,CLI-0037,AI Insights Module,Cold Outreach,Proposal Sent,32800,2024-09-22,,,,West,Q3-2024,Normal
DEAL-00494,Priya Kumar,CLI-0256,CloudShift Platform,Google Ads,Closed Won,294005,2023-06-05,2023-07-14,39,19.8,South,Q2-2023,Normal
DEAL-01277,Amit Pillai,CLI-0177,AnalyticsEdge,Cold Outreach,Qualification,285629,2023-12-29,,,0.2,South,Q4-2023,Normal
DEAL-01980,Riya Das,CLI-0143,DevOps Accelerator,Referral,Closed Won,348997,2024-04-15,2024-05-16,31,10.1,South,Q2-2024,Normal
DEAL-01349,Amit Pillai,CLI-0075,DevOps Accelerator,Organic Search,Qualification,268643,2023-02-23,,,4.7,North,Q1-2023,Normal
DEAL-01955,Siddharth Gupta,CLI-0050,DataVault Pro,LinkedIn Campaign,Closed Lost,230636,2023-08-08,2023-11-10,94,2.5,West,Q3-2023,Normal
DEAL-01677,Aditya Pillai,CLI-0118,SecureNet Suite,Email Campaign,Closed Lost,55605,2023-03-07,2023-08-31,177,7.9,South,Q1-2023,Normal
DEAL-02022,Vikram Patel,CLI-0019,SecureNet Suite,Webinar,Closed Lost,32067,2025-03-01,2025-05-22,82,0.8,South,Q1-2025,Normal
DEAL-01554,Ananya Sharma,CLI-0249,AI Insights Module,Trade Show,Closed Won,458096,2024-05-21,2024-07-30,70,9.8,East,Q2-2024,Normal
DEAL-02126,Riya Das,CLI-0286,DataVault Pro,Email Campaign,Qualification,264788,2025-03-03,,,4,North,Q1-2025,Normal
DEAL-02281,Rahul Patel,CLI-0266,DevOps Accelerator,Email Campaign,Closed Lost,255377,2025-01-28,2025-04-23,85,,East,Q1-2025,Normal
DEAL-02275,Ananya Sharma,CLI-0198,SecureNet Suite,LinkedIn Campaign,Closed Won,326859,2024-04-26,2024-06-24,59,17.7,South,Q2-2024,Normal
DEAL-00249,Vikram Patel,CLI-0034,SecureNet Suite,Referral,Prospecting,427129,2023-05-10,,,12.8,West,Q2-2023,Normal
DEAL-00370,Rahul Patel,CLI-0130,SecureNet Suite,Trade Show,Closed Lost,274020,2025-03-04,2025-04-26,53,11.9,North,Q1-2025,Normal
DEAL-00045,Ananya Sharma,CLI-0133,CloudShift Platform,LinkedIn Campaign,Qualification,316943,2024-12-13,,,8.2,East,Q4-2024,Normal
DEAL-00265,Aditya Pillai,CLI-0010,AnalyticsEdge,Google Ads,Qualification,466413,2024-10-05,,,8.1,North,Q4-2024,Normal
DEAL-00240,Siddharth Joshi,CLI-0042,DevOps Accelerator,LinkedIn Campaign,Negotiation,450810,2024-08-09,,,1.9,East,Q3-2024,Normal
DEAL-00218,Vikram Iyer,CLI-0037,AI Insights Module,LinkedIn Campaign,Qualification,334379,2025-02-14,,,0.8,South,Q1-2025,Normal
DEAL-00637,Riya Das,CLI-0054,CloudShift Platform,Referral,Closed Won,489851,2023-07-01,2023-10-23,114,9.3,West,Q3-2023,Normal
DEAL-00096,Deepika Das,CLI-0062,CloudShift Platform,Cold Outreach,Negotiation,447387,2023-01-17,,,,North,Q1-2023,Normal
DEAL-00342,Riya Das,CLI-0024,CloudShift Platform,Email Campaign,Proposal Sent,498286,2025-03-20,,,0.3,South,Q1-2025,Normal
DEAL-01406,Ananya Sharma,CLI-0121,SecureNet Suite,Trade Show,Negotiation,148099,2024-04-29,,,,South,Q2-2024,Normal
DEAL-01662,Unassigned,CLI-0238,DevOps Accelerator,Trade Show,Closed Lost,25978,2024-10-08,2024-12-31,84,12,North,Q4-2024,Normal
DEAL-00963,Neha Pillai,CLI-0259,DevOps Accelerator,Organic Search,Closed Lost,199807,2023-10-02,2023-10-29,27,,East,Q4-2023,Normal
DEAL-00552,Vikram Iyer,CLI-0136,DevOps Accelerator,Organic Search,Closed Lost,486514,2024-04-18,2024-05-20,32,0.5,West,Q2-2024,Normal
DEAL-00208,Vikram Iyer,CLI-0008,SecureNet Suite,Organic Search,Closed Won,93900,2025-03-26,2025-08-26,153,6,East,Q1-2025,Normal
DEAL-01517,Vikram Iyer,CLI-0212,AnalyticsEdge,Trade Show,Negotiation,327064,2023-01-05,,,12.2,North,Q1-2023,Normal
DEAL-02104,Priya Kumar,CLI-0232,DevOps Accelerator,Cold Outreach,Negotiation,70360,2023-11-30,,,11.1,South,Q4-2023,Normal
DEAL-01038,Deepika Das,CLI-0223,CloudShift Platform,Organic Search,Closed Lost,150024,2024-04-23,2024-08-15,114,,East,Q2-2024,Normal
DEAL-00864,Neha Pillai,CLI-0088,DataVault Pro,Unknown,Closed Lost,454636,2024-07-10,2024-10-14,96,5.1,West,Q3-2024,Normal
DEAL-00393,Rohit Mehta,CLI-0147,DataVault Pro,Trade Show,Closed Won,355640,2023-03-26,2023-05-16,51,16,North,Q1-2023,Normal
DEAL-01786,Siddharth Gupta,CLI-0015,DevOps Accelerator,Organic Search,Closed Won,478302,2024-03-11,2024-06-11,92,1.1,East,Q1-2024,Normal
DEAL-02420,Neha Pillai,CLI-0069,AnalyticsEdge,LinkedIn Campaign,Closed Won,134630,2024-07-02,2024-11-05,126,8.5,North,Q3-2024,Normal
DEAL-01063,Ananya Sharma,CLI-0079,DevOps Accelerator,Trade Show,Negotiation,120897,2024-04-06,,,8.2,South,Q2-2024,Normal
DEAL-00421,Amit Pillai,CLI-0249,SecureNet Suite,Organic Search,Closed Lost,416074,2024-09-02,2025-01-18,138,10.3,North,Q3-2024,Normal
DEAL-00057,Riya Das,CLI-0267,AnalyticsEdge,Google Ads,Closed Won,262442,2024-04-16,2024-09-15,152,11.6,West,Q2-2024,Normal
DEAL-00987,Rahul Patel,CLI-0090,AnalyticsEdge,Organic Search,Negotiation,49032,2024-12-25,,,13.2,East,Q4-2024,Normal
DEAL-01319,Arjun Rao,CLI-0243,SecureNet Suite,Cold Outreach,Prospecting,355099,2024-02-13,,,2.2,North,Q1-2024,Normal
DEAL-01318,Neha Pillai,CLI-0137,DevOps Accelerator,Referral,Prospecting,114932,2025-02-02,,,2.8,North,Q1-2025,Normal
DEAL-02479,Riya Das,CLI-0192,AnalyticsEdge,Cold Outreach,Closed Lost,36906,2025-01-28,2025-03-09,40,6,West,Q1-2025,Normal
DEAL-01400,Riya Das,CLI-0060,AI Insights Module,Trade Show,Closed Won,328490,2023-02-17,2023-05-05,77,1.1,West,Q1-2023,Normal
DEAL-00500,Siddharth Gupta,CLI-0059,AI Insights Module,Email Campaign,Negotiation,460181,2025-01-20,,,,North,Q1-2025,Normal
DEAL-00757,Vikram Iyer,CLI-0162,DataVault Pro,Referral,Negotiation,90351,2024-12-15,,,8.1,West,Q4-2024,Normal
DEAL-00356,Meera Reddy,CLI-0034,AI Insights Module,Cold Outreach,Closed Won,160473,2023-04-17,2023-07-10,84,16.5,East,Q2-2023,Normal
DEAL-02361,Riya Das,CLI-0277,CloudShift Platform,Organic Search,Closed Lost,436123,2023-06-25,2023-09-14,81,,North,Q2-2023,Normal
DEAL-00466,Siddharth Joshi,CLI-0005,DevOps Accelerator,Email Campaign,Qualification,50606,2023-11-30,,,8.6,West,Q4-2023,Normal
DEAL-00527,Arjun Rao,CLI-0272,DataVault Pro,Webinar,Proposal Sent,52139,2023-07-28,,,6.5,South,Q3-2023,Normal
DEAL-00529,Rahul Patel,CLI-0298,DataVault Pro,Trade Show,Closed Won,480821,2024-11-21,2025-03-24,123,13.4,East,Q4-2024,Normal
DEAL-02301,Aditya Pillai,CLI-0102,DevOps Accelerator,Webinar,Closed Lost,435908,2023-07-13,2023-09-21,70,,South,Q3-2023,Normal
DEAL-02132,Amit Pillai,CLI-0047,SecureNet Suite,Google Ads,Negotiation,338156,2023-07-12,,,13.7,West,Q3-2023,Normal
DEAL-00834,Riya Das,CLI-0256,CloudShift Platform,Referral,Proposal Sent,329680,2023-05-18,,,,North,Q2-2023,Normal
DEAL-01000,Amit Pillai,CLI-0214,SecureNet Suite,Google Ads,Proposal Sent,245397,2023-12-27,,,1.2,South,Q4-2023,Normal
DEAL-02116,Rohit Mehta,CLI-0015,AI Insights Module,Trade Show,Prospecting,311860,2024-06-14,,,14.7,North,Q2-2024,Normal
DEAL-01116,Rahul Patel,CLI-0296,AnalyticsEdge,Referral,Closed Lost,102961,2023-07-31,2023-12-21,143,5.8,South,Q3-2023,Normal
DEAL-02199,Rahul Patel,CLI-0250,SecureNet Suite,Organic Search,Proposal Sent,112836,2023-07-13,,,10.6,North,Q3-2023,Normal
DEAL-01165,Siddharth Gupta,CLI-0147,AI Insights Module,Cold Outreach,Proposal Sent,149251,2024-01-18,,,,North,Q1-2024,Normal
DEAL-01792,Arjun Rao,CLI-0078,DevOps Accelerator,LinkedIn Campaign,Proposal Sent,174034,2023-11-11,,,,North,Q4-2023,Normal
DEAL-02225,Riya Das,CLI-0147,DevOps Accelerator,Webinar,Proposal Sent,451178,2023-10-18,,,,North,Q4-2023,Normal
DEAL-00125,Siddharth Gupta,CLI-0050,AI Insights Module,Email Campaign,Closed Lost,83097,2023-04-30,2023-08-01,93,,East,Q2-2023,Normal
DEAL-00881,Deepika Das,CLI-0191,CloudShift Platform,Referral,Negotiation,379458,2023-08-30,,,,East,Q3-2023,Normal
DEAL-02452,Vikram Patel,CLI-0198,DevOps Accelerator,Webinar,Proposal Sent,480569,2023-09-02,,,1.3,North,Q3-2023,Normal
DEAL-01477,Vikram Patel,CLI-0155,DataVault Pro,Webinar,Closed Lost,101283,2024-06-08,2024-06-24,16,4.1,South,Q2-2024,Normal
DEAL-00009,Ananya Sharma,CLI-0223,SecureNet Suite,Webinar,Closed Won,32117,2024-07-16,2024-12-11,148,12,East,Q3-2024,Normal
DEAL-00188,Vikram Patel,CLI-0034,DataVault Pro,Cold Outreach,Closed Won,284250,2024-08-05,2024-09-01,27,22.9,North,Q3-2024,Normal
DEAL-00323,Riya Das,CLI-0013,SecureNet Suite,LinkedIn Campaign,Closed Lost,223130,2023-04-03,2023-09-27,177,10.9,South,Q2-2023,Normal
DEAL-00180,Arjun Rao,CLI-0068,SecureNet Suite,Email Campaign,Negotiation,68977,2023-06-01,,,,East,Q2-2023,Normal
DEAL-00429,Vikram Patel,CLI-0075,SecureNet Suite,Email Campaign,Negotiation,207114,2024-03-23,,,1.4,East,Q1-2024,Normal
DEAL-00679,Vikram Iyer,CLI-0010,AnalyticsEdge,Webinar,Closed Won,52628,2024-04-18,2024-10-04,169,23.7,East,Q2-2024,Normal
DEAL-02231,Vikram Patel,CLI-0153,SecureNet Suite,Trade Show,Qualification,446479,2024-12-02,,,4.7,East,Q4-2024,Normal
DEAL-02302,Deepika Das,CLI-0050,AI Insights Module,LinkedIn Campaign,Qualification,241527,2023-09-06,,,8.5,East,Q3-2023,Normal
DEAL-01302,Ananya Sharma,CLI-0134,DevOps Accelerator,Google Ads,Qualification,351044,2025-03-01,,,8.7,South,Q1-2025,Normal
DEAL-02133,Rahul Patel,CLI-0118,AI Insights Module,Google Ads,Closed Won,77558,2024-07-15,2024-08-23,39,1,North,Q3-2024,Normal
DEAL-02147,Priya Kumar,CLI-0204,AnalyticsEdge,Google Ads,Qualification,106435,2024-12-17,,,,South,Q4-2024,Normal
DEAL-02413,Deepika Das,CLI-0114,DevOps Accelerator,LinkedIn Campaign,Closed Won,93029,2023-12-01,2024-05-12,163,8.4,South,Q4-2023,Normal
DEAL-00530,Rohit Mehta,CLI-0039,DataVault Pro,Organic Search,Proposal Sent,272907,2024-09-17,,,9,North,Q3-2024,Normal
DEAL-01481,Aditya Pillai,CLI-0079,AnalyticsEdge,Webinar,Prospecting,164922,2024-09-06,,,,East,Q3-2024,Normal
DEAL-02232,Siddharth Joshi,CLI-0233,SecureNet Suite,Organic Search,Proposal Sent,239946,2023-11-21,,,,South,Q4-2023,Normal
DEAL-00244,Neha Pillai,CLI-0183,AnalyticsEdge,Referral,Closed Lost,344897,2023-08-24,2024-01-05,134,3.6,East,Q3-2023,Normal
DEAL-00030,Amit Pillai,CLI-0075,CloudShift Platform,Google Ads,Qualification,335584,2023-10-22,,,0.2,North,Q4-2023,Normal
DEAL-01414,Rohit Mehta,CLI-0190,CloudShift Platform,Webinar,Proposal Sent,457082,2025-02-06,,,0.4,West,Q1-2025,Normal
DEAL-00644,Priya Kumar,CLI-0074,CloudShift Platform,Email Campaign,Prospecting,138857,2023-10-22,,,,East,Q4-2023,Normal
DEAL-01970,Amit Pillai,CLI-0069,AI Insights Module,Referral,Negotiation,441652,2023-10-13,,,13.6,West,Q4-2023,Normal
DEAL-01253,Aditya Pillai,CLI-0118,SecureNet Suite,Organic Search,Prospecting,1945320,2024-03-21,,,,West,Q1-2024,High Outlier
DEAL-02325,Aditya Pillai,CLI-0154,SecureNet Suite,Email Campaign,Proposal Sent,45712,2024-10-22,,,12.5,West,Q4-2024,Normal
DEAL-01687,Vikram Patel,CLI-0110,DevOps Accelerator,Organic Search,Proposal Sent,346250,2023-10-23,,,,North,Q4-2023,Normal
DEAL-02313,Aditya Pillai,CLI-0215,DataVault Pro,Webinar,Proposal Sent,393963,2023-12-28,,,7.2,East,Q4-2023,Normal
DEAL-01816,Riya Das,CLI-0080,SecureNet Suite,Webinar,Proposal Sent,221926,2023-08-08,,,10.8,West,Q3-2023,Normal
DEAL-01257,Siddharth Gupta,CLI-0026,SecureNet Suite,Google Ads,Qualification,222242,2024-07-21,,,,South,Q3-2024,Normal
DEAL-01276,Arjun Rao,CLI-0134,DataVault Pro,Email Campaign,Negotiation,29541,2023-10-15,,,6,West,Q4-2023,Normal
DEAL-01932,Siddharth Gupta,CLI-0110,DataVault Pro,Email Campaign,Proposal Sent,433685,2024-02-18,,,,West,Q1-2024,Normal
DEAL-00832,Deepika Das,CLI-0194,AnalyticsEdge,Google Ads,Prospecting,106903,2023-01-28,,,,North,Q1-2023,Normal
DEAL-00758,Rahul Patel,CLI-0287,AI Insights Module,LinkedIn Campaign,Closed Won,495555,2024-03-22,2024-07-18,118,3.9,West,Q1-2024,Normal
DEAL-00150,Ananya Sharma,CLI-0288,AI Insights Module,Email Campaign,Negotiation,457926,2023-02-27,,,5.9,West,Q1-2023,Normal
DEAL-02456,Vikram Iyer,CLI-0074,DataVault Pro,Cold Outreach,Proposal Sent,499112,2023-08-07,,,,South,Q3-2023,Normal
DEAL-01397,Meera Reddy,CLI-0066,DataVault Pro,Referral,Negotiation,367175,2023-04-28,,,14,North,Q2-2023,Normal
DEAL-01142,Rahul Patel,CLI-0187,AnalyticsEdge,Cold Outreach,Qualification,423910,2023-05-02,,,5.3,West,Q2-2023,Normal
DEAL-01235,Rahul Patel,CLI-0195,SecureNet Suite,LinkedIn Campaign,Proposal Sent,24321,2023-03-04,,,12.4,East,Q1-2023,Normal
DEAL-00128,Deepika Das,CLI-0256,AnalyticsEdge,Cold Outreach,Qualification,391682,2024-03-10,,,10.9,North,Q1-2024,Normal
DEAL-00886,Neha Pillai,CLI-0211,AnalyticsEdge,Google Ads,Closed Lost,463002,2024-06-02,2024-10-01,121,6.7,East,Q2-2024,Normal
DEAL-00152,Meera Reddy,CLI-0096,CloudShift Platform,Referral,Qualification,349782,2023-03-28,,,,East,Q1-2023,Normal
DEAL-01278,Deepika Das,CLI-0020,AI Insights Module,Webinar,Closed Lost,363001,2023-07-22,2023-11-19,120,9.6,East,Q3-2023,Normal
DEAL-01690,Deepika Das,CLI-0201,AnalyticsEdge,Email Campaign,Proposal Sent,208828,2024-08-19,,,13.5,East,Q3-2024,Normal
DEAL-01913,Rahul Patel,CLI-0016,AI Insights Module,Referral,Closed Lost,42559,2024-04-21,2024-05-13,22,,North,Q2-2024,Normal
DEAL-00634,Neha Pillai,CLI-0245,AI Insights Module,Google Ads,Negotiation,31827,2023-04-02,,,4.6,South,Q2-2023,Normal
DEAL-01877,Riya Das,CLI-0290,DataVault Pro,Webinar,Negotiation,459747,2024-08-13,,,,West,Q3-2024,Normal
DEAL-01247,Ananya Sharma,CLI-0189,SecureNet Suite,Email Campaign,Closed Won,41745,2023-01-26,2023-02-28,33,22.1,North,Q1-2023,Normal
DEAL-01774,Arjun Rao,CLI-0267,DevOps Accelerator,LinkedIn Campaign,Negotiation,452750,2025-01-20,,,14.6,North,Q1-2025,Normal
DEAL-02076,Meera Reddy,CLI-0096,DevOps Accelerator,Trade Show,Closed Won,428641,2023-12-09,2024-05-04,147,18.5,West,Q4-2023,Normal
DEAL-02282,Aditya Pillai,CLI-0147,AnalyticsEdge,Referral,Closed Won,236384,2023-10-10,2023-11-02,23,20,South,Q4-2023,Normal
DEAL-01574,Meera Reddy,CLI-0126,CloudShift Platform,Email Campaign,Qualification,94789,2024-03-13,,,2.1,North,Q1-2024,Normal
DEAL-01738,Meera Reddy,CLI-0142,SecureNet Suite,Referral,Closed Won,11209,2023-12-19,2024-02-05,48,10.9,West,Q4-2023,Normal
DEAL-00306,Ananya Sharma,CLI-0098,SecureNet Suite,Trade Show,Proposal Sent,286742,2023-10-17,,,,West,Q4-2023,Normal
DEAL-01694,Deepika Das,CLI-0200,DataVault Pro,Organic Search,Closed Lost,255523,2023-12-11,2024-04-06,117,,West,Q4-2023,Normal
DEAL-00625,Neha Pillai,CLI-0039,DataVault Pro,Google Ads,Closed Won,269509,2023-12-06,2024-01-12,37,10.1,West,Q4-2023,Normal
DEAL-01193,Meera Reddy,CLI-0091,DataVault Pro,Unknown,Closed Won,11760,2024-08-08,2025-01-15,160,3,North,Q3-2024,Normal
DEAL-01753,Arjun Rao,CLI-0212,DevOps Accelerator,Referral,Closed Won,316965,2023-06-15,2023-11-28,166,8.6,East,Q2-2023,Normal
DEAL-00273,Rohit Mehta,CLI-0117,AI Insights Module,Cold Outreach,Closed Won,203451,2023-08-12,2023-12-10,120,15,North,Q3-2023,Normal
DEAL-02379,Siddharth Gupta,CLI-0212,CloudShift Platform,Email Campaign,Prospecting,303743,2023-04-02,,,5.1,South,Q2-2023,Normal
DEAL-02009,Siddharth Gupta,CLI-0177,DevOps Accelerator,Google Ads,Closed Won,213943,2023-03-31,2023-09-03,156,13.6,East,Q1-2023,Normal
DEAL-00087,Ananya Sharma,CLI-0100,DataVault Pro,Organic Search,Closed Won,104328,2023-01-11,2023-01-28,17,0.3,North,Q1-2023,Normal
DEAL-02055,Riya Das,CLI-0253,DevOps Accelerator,Webinar,Negotiation,161239,2023-02-16,,,,North,Q1-2023,Normal
DEAL-01934,Riya Das,CLI-0148,SecureNet Suite,Referral,Closed Won,212754,2024-12-28,2025-06-22,176,2.9,East,Q4-2024,Normal
DEAL-01526,Aditya Pillai,CLI-0270,SecureNet Suite,Referral,Closed Lost,844566,2024-01-06,2024-04-02,87,,North,Q1-2024,Normal
DEAL-01642,Aditya Pillai,CLI-0127,AnalyticsEdge,LinkedIn Campaign,Prospecting,371462,2024-05-28,,,8.5,East,Q2-2024,Normal
DEAL-02067,Siddharth Gupta,CLI-0150,CloudShift Platform,LinkedIn Campaign,Prospecting,127411,2023-12-09,,,4.6,East,Q4-2023,Normal
DEAL-00573,Siddharth Joshi,CLI-0226,DataVault Pro,Organic Search,Closed Won,388150,2023-02-17,2023-06-11,114,22.7,West,Q1-2023,Normal
DEAL-00966,Meera Reddy,CLI-0051,CloudShift Platform,Email Campaign,Proposal Sent,16614,2023-03-04,,,,West,Q1-2023,Normal
DEAL-02471,Ananya Sharma,CLI-0105,AnalyticsEdge,Unknown,Proposal Sent,120355,2024-08-29,,,4,East,Q3-2024,Normal
DEAL-02084,Arjun Rao,CLI-0185,SecureNet Suite,LinkedIn Campaign,Prospecting,56550,2024-10-05,,,,North,Q4-2024,Normal
DEAL-01018,Vikram Iyer,CLI-0140,CloudShift Platform,Cold Outreach,Negotiation,252937,2024-12-12,,,,West,Q4-2024,Normal
DEAL-02170,Amit Pillai,CLI-0293,CloudShift Platform,Organic Search,Proposal Sent,219576,2023-10-06,,,3.4,East,Q4-2023,Normal
DEAL-00263,Vikram Patel,CLI-0190,CloudShift Platform,Webinar,Proposal Sent,442318,2023-09-10,,,7.9,West,Q3-2023,Normal
DEAL-01483,Unassigned,CLI-0297,DataVault Pro,LinkedIn Campaign,Closed Won,317426,2023-02-16,2023-05-19,92,23.4,East,Q1-2023,Normal
DEAL-00692,Neha Pillai,CLI-0223,DataVault Pro,Webinar,Qualification,213136,2025-01-30,,,,East,Q1-2025,Normal
DEAL-00146,Siddharth Gupta,CLI-0046,AI Insights Module,Trade Show,Closed Lost,278128,2025-02-25,2025-07-06,131,3.8,South,Q1-2025,Normal
DEAL-00769,Rohit Mehta,CLI-0063,AnalyticsEdge,Google Ads,Closed Won,341107,2023-12-18,2024-06-07,172,0.1,West,Q4-2023,Normal
DEAL-02222,Priya Kumar,CLI-0276,DevOps Accelerator,Trade Show,Negotiation,70282,2023-05-01,,,7.5,North,Q2-2023,Normal
DEAL-00843,Arjun Rao,CLI-0132,SecureNet Suite,LinkedIn Campaign,Closed Won,159822,2023-01-17,2023-05-27,130,14.6,South,Q1-2023,Normal
DEAL-00674,Amit Pillai,CLI-0036,SecureNet Suite,Referral,Qualification,328151,2024-03-19,,,6.5,West,Q1-2024,Normal
DEAL-00831,Deepika Das,CLI-0290,DataVault Pro,Trade Show,Closed Won,128341,2024-02-21,2024-03-15,23,23.9,West,Q1-2024,Normal
DEAL-02112,Amit Pillai,CLI-0160,CloudShift Platform,Organic Search,Proposal Sent,201122,2023-09-04,,,11.9,East,Q3-2023,Normal
DEAL-01665,Neha Pillai,CLI-0219,AI Insights Module,Webinar,Closed Lost,280537,2024-01-25,2024-02-20,26,0.4,South,Q1-2024,Normal
DEAL-00770,Rahul Patel,CLI-0072,AI Insights Module,Cold Outreach,Negotiation,476399,2024-08-27,,,9.2,West,Q3-2024,Normal
DEAL-01636,Aditya Pillai,CLI-0114,DevOps Accelerator,Email Campaign,Closed Won,148918,2025-03-02,2025-06-20,110,17.1,South,Q1-2025,Normal
DEAL-01673,Vikram Iyer,CLI-0258,AnalyticsEdge,Trade Show,Closed Won,183921,2024-11-07,2024-12-30,53,4.2,South,Q4-2024,Normal
DEAL-00730,Siddharth Joshi,CLI-0082,DataVault Pro,LinkedIn Campaign,Proposal Sent,430111,2023-02-12,,,,East,Q1-2023,Normal
DEAL-01959,Siddharth Joshi,CLI-0031,AnalyticsEdge,Webinar,Negotiation,380531,2023-08-08,,,10.5,North,Q3-2023,Normal
DEAL-00027,Rahul Patel,CLI-0222,CloudShift Platform,Email Campaign,Negotiation,35853,2023-09-26,,,1.3,South,Q3-2023,Normal
DEAL-00877,Neha Pillai,CLI-0206,DataVault Pro,Referral,Negotiation,482655,2023-04-16,,,,North,Q2-2023,Normal
DEAL-00080,Aditya Pillai,CLI-0244,SecureNet Suite,Google Ads,Negotiation,278783,2024-08-10,,,11,East,Q3-2024,Normal
DEAL-01493,Rohit Mehta,CLI-0091,SecureNet Suite,Referral,Negotiation,292000,2024-12-14,,,,North,Q4-2024,Normal
DEAL-01469,Riya Das,CLI-0242,DataVault Pro,Cold Outreach,Prospecting,184544,2023-05-10,,,11.8,North,Q2-2023,Normal
DEAL-01503,Vikram Patel,CLI-0298,CloudShift Platform,Trade Show,Negotiation,411571,2023-01-13,,,5.9,South,Q1-2023,Normal
DEAL-01263,Priya Kumar,CLI-0152,DevOps Accelerator,Trade Show,Qualification,433966,2023-01-28,,,0.1,East,Q1-2023,Normal
DEAL-00700,Aditya Pillai,CLI-0289,DevOps Accelerator,Email Campaign,Closed Won,385164,2023-02-18,2023-05-17,88,15,West,Q1-2023,Normal
DEAL-00509,Meera Reddy,CLI-0053,AI Insights Module,Email Campaign,Proposal Sent,449693,2024-06-27,,,1.2,South,Q2-2024,Normal
DEAL-01594,Riya Das,CLI-0076,DevOps Accelerator,LinkedIn Campaign,Prospecting,246801,2024-06-09,,,2.4,South,Q2-2024,Normal
DEAL-00387,Ananya Sharma,CLI-0054,AnalyticsEdge,Referral,Qualification,248356,2023-04-28,,,2.9,North,Q2-2023,Normal
DEAL-02125,Siddharth Joshi,CLI-0065,AI Insights Module,Webinar,Closed Won,312272,2023-05-30,2023-08-15,77,16.2,South,Q2-2023,Normal
DEAL-00548,Vikram Patel,CLI-0138,DataVault Pro,Webinar,Proposal Sent,11749,2023-12-09,,,11.4,North,Q4-2023,Normal
DEAL-01264,Rahul Patel,CLI-0041,CloudShift Platform,Organic Search,Closed Won,460919,2023-01-11,2023-04-17,96,5.2,South,Q1-2023,Normal
DEAL-02447,Amit Pillai,CLI-0222,AI Insights Module,Email Campaign,Closed Lost,344478,2023-07-16,2023-12-15,152,,South,Q3-2023,Normal
DEAL-00270,Vikram Iyer,CLI-0271,AnalyticsEdge,Unknown,Proposal Sent,1591455,2025-02-24,,,,South,Q1-2025,High Outlier
DEAL-00028,Meera Reddy,CLI-0001,DataVault Pro,Referral,Qualification,149595,2023-11-28,,,10.3,North,Q4-2023,Normal
DEAL-01467,Siddharth Gupta,CLI-0197,SecureNet Suite,Email Campaign,Closed Lost,96367,2024-06-27,2024-12-10,166,12.4,West,Q2-2024,Normal
DEAL-02194,Vikram Iyer,CLI-0271,DevOps Accelerator,Webinar,Closed Won,278062,2024-01-26,2024-07-24,180,16.8,South,Q1-2024,Normal
DEAL-01668,Riya Das,CLI-0060,AnalyticsEdge,Trade Show,Proposal Sent,375563,2024-09-20,,,,South,Q3-2024,Normal
DEAL-02120,Riya Das,CLI-0201,DataVault Pro,Google Ads,Negotiation,166750,2023-04-05,,,,West,Q2-2023,Normal
DEAL-00698,Priya Kumar,CLI-0284,DataVault Pro,LinkedIn Campaign,Proposal Sent,207879,2024-05-24,,,6.5,South,Q2-2024,Normal
DEAL-00565,Aditya Pillai,CLI-0290,DevOps Accelerator,Email Campaign,Proposal Sent,15034,2023-04-25,,,10.8,South,Q2-2023,Normal
DEAL-02455,Meera Reddy,CLI-0147,SecureNet Suite,Trade Show,Proposal Sent,337736,2024-03-24,,,5.8,South,Q1-2024,Normal
DEAL-00084,Ananya Sharma,CLI-0064,AI Insights Module,Webinar,Qualification,395016,2023-02-25,,,9.6,North,Q1-2023,Normal
DEAL-01641,Amit Pillai,CLI-0177,AnalyticsEdge,Trade Show,Closed Lost,340981,2024-11-18,2024-12-06,18,0.6,North,Q4-2024,Normal
DEAL-00286,Unassigned,CLI-0150,AI Insights Module,Webinar,Proposal Sent,248797,2023-05-31,,,3.8,South,Q2-2023,Normal
DEAL-00201,Deepika Das,CLI-0136,CloudShift Platform,LinkedIn Campaign,Closed Won,32004,2023-06-21,2023-12-14,176,5.1,East,Q2-2023,Normal
DEAL-01316,Meera Reddy,CLI-0169,DataVault Pro,Organic Search,Proposal Sent,319334,2024-09-07,,,,South,Q3-2024,Normal
DEAL-01015,Riya Das,CLI-0056,DevOps Accelerator,Cold Outreach,Qualification,89412,2023-04-30,,,1.3,South,Q2-2023,Normal
DEAL-00477,Neha Pillai,CLI-0130,DataVault Pro,Cold Outreach,Negotiation,35316,2024-06-21,,,8.7,West,Q2-2024,Normal
DEAL-02107,Rahul Patel,CLI-0031,SecureNet Suite,LinkedIn Campaign,Qualification,279648,2023-10-23,,,11,South,Q4-2023,Normal
DEAL-01490,Arjun Rao,CLI-0285,AI Insights Module,LinkedIn Campaign,Closed Won,337652,2023-05-16,2023-08-01,77,2.8,West,Q2-2023,Normal
DEAL-00274,Aditya Pillai,CLI-0007,SecureNet Suite,LinkedIn Campaign,Negotiation,340759,2024-11-25,,,13.9,South,Q4-2024,Normal
DEAL-02014,Vikram Patel,CLI-0064,SecureNet Suite,Email Campaign,Proposal Sent,489202,2024-11-03,,,,North,Q4-2024,Normal
DEAL-00857,Aditya Pillai,CLI-0090,CloudShift Platform,Cold Outreach,Prospecting,284717,2023-09-27,,,,South,Q3-2023,Normal
DEAL-01803,Vikram Patel,CLI-0198,CloudShift Platform,Referral,Proposal Sent,157274,2025-02-12,,,,North,Q1-2025,Normal
DEAL-02011,Arjun Rao,CLI-0034,DataVault Pro,Google Ads,Negotiation,309184,2024-11-20,,,5.8,South,Q4-2024,Normal
DEAL-01629,Siddharth Gupta,CLI-0080,AI Insights Module,Referral,Negotiation,466808,2024-05-17,,,,West,Q2-2024,Normal
DEAL-01645,Priya Kumar,CLI-0028,AI Insights Module,Webinar,Proposal Sent,189879,2024-08-23,,,5.6,North,Q3-2024,Normal
DEAL-01197,Siddharth Joshi,CLI-0030,DevOps Accelerator,Organic Search,Closed Won,182871,2025-02-16,2025-07-27,161,7.7,North,Q1-2025,Normal
DEAL-00182,Arjun Rao,CLI-0026,AI Insights Module,LinkedIn Campaign,Proposal Sent,319507,2023-04-19,,,,North,Q2-2023,Normal
DEAL-00462,Neha Pillai,CLI-0042,CloudShift Platform,Cold Outreach,Negotiation,178290,2023-07-03,,,,North,Q3-2023,Normal
DEAL-00245,Amit Pillai,CLI-0111,SecureNet Suite,Unknown,Prospecting,25737,2023-05-26,,,,East,Q2-2023,Normal
DEAL-00314,Siddharth Joshi,CLI-0037,DevOps Accelerator,Cold Outreach,Proposal Sent,295436,2024-11-04,,,0,East,Q4-2024,Normal
DEAL-01282,Vikram Patel,CLI-0203,DataVault Pro,Email Campaign,Proposal Sent,414485,2025-02-26,,,,East,Q1-2025,Normal
DEAL-02488,Vikram Iyer,CLI-0122,AnalyticsEdge,LinkedIn Campaign,Closed Lost,211869,2024-05-03,2024-06-27,55,1,North,Q2-2024,Normal
DEAL-01455,Amit Pillai,CLI-0083,DataVault Pro,LinkedIn Campaign,Proposal Sent,72511,2024-06-30,,,6.9,East,Q2-2024,Normal
DEAL-00732,Riya Das,CLI-0008,SecureNet Suite,Referral,Qualification,300303,2025-02-19,,,3.3,West,Q1-2025,Normal
DEAL-02390,Siddharth Joshi,CLI-0187,SecureNet Suite,Email Campaign,Proposal Sent,66288,2024-03-06,,,14.4,South,Q1-2024,Normal
DEAL-00773,Unassigned,CLI-0138,DataVault Pro,Trade Show,Prospecting,35041,2023-10-08,,,8,West,Q4-2023,Normal
DEAL-01482,Rahul Patel,CLI-0085,SecureNet Suite,Referral,Negotiation,481779,2024-09-10,,,3.1,North,Q3-2024,Normal
DEAL-02168,Siddharth Joshi,CLI-0015,AI Insights Module,Organic Search,Negotiation,26597,2023-05-25,,,13.5,North,Q2-2023,Normal
DEAL-01052,Unassigned,CLI-0249,AI Insights Module,Referral,Closed Lost,87782,2024-10-17,2025-02-22,128,9.2,South,Q4-2024,Normal
DEAL-01327,Amit Pillai,CLI-0265,DevOps Accelerator,LinkedIn Campaign,Negotiation,280341,2023-08-04,,,,South,Q3-2023,Normal
DEAL-00612,Rohit Mehta,CLI-0048,AnalyticsEdge,Google Ads,Proposal Sent,376532,2023-09-27,,,,East,Q3-2023,Normal
DEAL-01678,Priya Kumar,CLI-0044,DevOps Accelerator,Email Campaign,Proposal Sent,185450,2024-09-19,,,6.1,North,Q3-2024,Normal
DEAL-00619,Neha Pillai,CLI-0094,AnalyticsEdge,Organic Search,Proposal Sent,495231,2023-11-24,,,,South,Q4-2023,Normal
DEAL-00956,Vikram Patel,CLI-0223,AnalyticsEdge,Webinar,Closed Lost,106639,2023-12-11,2024-03-09,89,5.9,East,Q4-2023,Normal
DEAL-02119,Ananya Sharma,CLI-0198,DevOps Accelerator,Referral,Negotiation,158544,2024-04-05,,,7.8,West,Q2-2024,Normal
DEAL-00444,Aditya Pillai,CLI-0269,AI Insights Module,LinkedIn Campaign,Qualification,434677,2023-01-06,,,5.4,North,Q1-2023,Normal
DEAL-01721,Unassigned,CLI-0090,DataVault Pro,Referral,Closed Won,202967,2025-02-13,2025-07-06,143,4.8,North,Q1-2025,Normal
DEAL-02311,Amit Pillai,CLI-0151,SecureNet Suite,LinkedIn Campaign,Closed Won,452042,2024-02-10,2024-07-19,160,9,East,Q1-2024,Normal
DEAL-00630,Aditya Pillai,CLI-0168,DevOps Accelerator,LinkedIn Campaign,Closed Won,173402,2023-04-21,2023-08-03,104,14.8,South,Q2-2023,Normal
DEAL-00491,Neha Pillai,CLI-0114,CloudShift Platform,Google Ads,Negotiation,199843,2023-06-10,,,12.6,South,Q2-2023,Normal
DEAL-01610,Aditya Pillai,CLI-0209,AI Insights Module,Referral,Closed Won,42155,2023-09-09,2023-11-10,62,10.8,East,Q3-2023,Normal
DEAL-02287,Neha Pillai,CLI-0179,AI Insights Module,Organic Search,Closed Won,400358,2024-11-11,2025-01-29,79,16.3,South,Q4-2024,Normal
DEAL-02322,Riya Das,CLI-0187,DevOps Accelerator,Trade Show,Prospecting,35269,2024-06-09,,,5.9,West,Q2-2024,Normal
DEAL-02359,Aditya Pillai,CLI-0006,DevOps Accelerator,Email Campaign,Qualification,241172,2023-11-27,,,3.2,West,Q4-2023,Normal
DEAL-01043,Vikram Iyer,CLI-0265,DataVault Pro,Referral,Closed Won,92529,2023-04-30,2023-07-31,92,22.2,South,Q2-2023,Normal
DEAL-01184,Aditya Pillai,CLI-0204,CloudShift Platform,Webinar,Closed Lost,489127,2025-01-17,2025-02-05,19,4.6,West,Q1-2025,Normal
DEAL-01403,Ananya Sharma,CLI-0167,DevOps Accelerator,Cold Outreach,Closed Won,156882,2023-11-15,2024-03-03,109,13.4,North,Q4-2023,Normal
DEAL-00979,Siddharth Gupta,CLI-0100,AnalyticsEdge,Email Campaign,Closed Won,896630,2024-03-22,2024-07-25,125,16.7,West,Q1-2024,Normal
DEAL-02306,Priya Kumar,CLI-0194,DataVault Pro,Organic Search,Qualification,276659,2024-10-04,,,7.6,West,Q4-2024,Normal
DEAL-00406,Arjun Rao,CLI-0061,SecureNet Suite,Email Campaign,Negotiation,346119,2023-05-05,,,12.6,North,Q2-2023,Normal
DEAL-00051,Amit Pillai,CLI-0090,SecureNet Suite,Organic Search,Closed Lost,35706,2023-07-02,2023-08-27,56,9.2,South,Q3-2023,Normal
DEAL-00329,Siddharth Joshi,CLI-0192,AnalyticsEdge,Referral,Prospecting,279651,2024-02-25,,,1.9,South,Q1-2024,Normal
DEAL-01325,Vikram Patel,CLI-0288,SecureNet Suite,LinkedIn Campaign,Closed Won,176717,2023-03-16,2023-05-19,64,15.5,West,Q1-2023,Normal
DEAL-01715,Rahul Patel,CLI-0183,SecureNet Suite,Trade Show,Negotiation,354336,2024-05-28,,,5.8,North,Q2-2024,Normal
DEAL-01666,Vikram Patel,CLI-0067,SecureNet Suite,Email Campaign,Closed Lost,219263,2024-09-13,2024-12-24,102,,North,Q3-2024,Normal
DEAL-00473,Riya Das,CLI-0063,AnalyticsEdge,Google Ads,Qualification,229480,2024-07-21,,,10.7,North,Q3-2024,Normal
DEAL-02258,Ananya Sharma,CLI-0196,DevOps Accelerator,Email Campaign,Proposal Sent,367969,2023-01-06,,,8.8,North,Q1-2023,Normal
DEAL-02006,Neha Pillai,CLI-0208,DevOps Accelerator,Referral,Closed Won,279535,2024-01-07,2024-07-01,176,2.3,West,Q1-2024,Normal
DEAL-00935,Riya Das,CLI-0139,DevOps Accelerator,Unknown,Negotiation,240872,2024-01-18,,,,South,Q1-2024,Normal
DEAL-02486,Arjun Rao,CLI-0098,AI Insights Module,Webinar,Closed Won,480728,2024-11-07,2025-03-31,144,11.3,North,Q4-2024,Normal
DEAL-00054,Aditya Pillai,CLI-0011,DataVault Pro,Unknown,Negotiation,341275,2023-07-04,,,,East,Q3-2023,Normal
DEAL-01084,Deepika Das,CLI-0087,AnalyticsEdge,Trade Show,Closed Won,293258,2023-02-03,2023-07-09,156,24.7,East,Q1-2023,Normal
DEAL-00581,Neha Pillai,CLI-0281,DevOps Accelerator,Email Campaign,Closed Won,115031,2024-08-11,2024-11-24,105,17.9,South,Q3-2024,Normal
DEAL-00068,Meera Reddy,CLI-0041,AI Insights Module,Organic Search,Closed Won,472633,2024-05-14,2024-06-05,22,2.8,West,Q2-2024,Normal
DEAL-02149,Priya Kumar,CLI-0268,AI Insights Module,Referral,Prospecting,377759,2023-02-28,,,10.3,North,Q1-2023,Normal
DEAL-01846,Rohit Mehta,CLI-0106,SecureNet Suite,Referral,Negotiation,237928,2023-05-25,,,12.7,North,Q2-2023,Normal
DEAL-01439,Riya Das,CLI-0229,AnalyticsEdge,Webinar,Proposal Sent,187605,2023-06-10,,,9.6,West,Q2-2023,Normal
DEAL-00859,Rahul Patel,CLI-0271,CloudShift Platform,Webinar,Prospecting,69045,2024-03-08,,,3.6,East,Q1-2024,Normal
DEAL-01073,Siddharth Joshi,CLI-0009,DevOps Accelerator,Cold Outreach,Closed Lost,335459,2024-08-06,2024-11-14,100,,West,Q3-2024,Normal
DEAL-00160,Neha Pillai,CLI-0089,AnalyticsEdge,Email Campaign,Negotiation,238659,2023-02-07,,,,North,Q1-2023,Normal
DEAL-00835,Aditya Pillai,CLI-0149,CloudShift Platform,Cold Outreach,Qualification,218143,2023-12-18,,,12.6,West,Q4-2023,Normal
DEAL-01416,Rohit Mehta,CLI-0247,DataVault Pro,Google Ads,Qualification,455136,2023-05-17,,,10.2,East,Q2-2023,Normal
DEAL-01567,Neha Pillai,CLI-0068,AnalyticsEdge,Webinar,Prospecting,335811,2024-03-10,,,,West,Q1-2024,Normal
DEAL-01634,Rahul Patel,CLI-0156,DataVault Pro,Organic Search,Proposal Sent,231081,2025-01-01,,,12.6,West,Q1-2025,Normal
DEAL-00468,Riya Das,CLI-0147,CloudShift Platform,LinkedIn Campaign,Closed Won,433642,2025-01-02,2025-05-27,145,17.8,South,Q1-2025,Normal
DEAL-02402,Aditya Pillai,CLI-0031,SecureNet Suite,LinkedIn Campaign,Closed Won,71114,2023-03-15,2023-05-25,71,8.4,South,Q1-2023,Normal
DEAL-01075,Unassigned,CLI-0226,AI Insights Module,Cold Outreach,Proposal Sent,246396,2024-08-11,,,13.2,East,Q3-2024,Normal
DEAL-00685,Meera Reddy,CLI-0039,SecureNet Suite,Google Ads,Closed Won,179876,2024-08-05,2024-08-30,25,1.4,South,Q3-2024,Normal
DEAL-01595,Aditya Pillai,CLI-0049,AI Insights Module,Google Ads,Closed Won,261898,2024-04-03,2024-08-30,149,19.8,East,Q2-2024,Normal
DEAL-00204,Rahul Patel,CLI-0211,AnalyticsEdge,Trade Show,Closed Lost,456898,2024-11-29,2025-03-16,107,6.6,North,Q4-2024,Normal
DEAL-01289,Aditya Pillai,CLI-0107,CloudShift Platform,Webinar,Negotiation,494705,2024-08-13,,,,East,Q3-2024,Normal
DEAL-00031,Priya Kumar,CLI-0116,DataVault Pro,Referral,Negotiation,403402,2024-05-09,,,9.3,North,Q2-2024,Normal
DEAL-02058,Meera Reddy,CLI-0082,DataVault Pro,Webinar,Qualification,104888,2024-10-22,,,,South,Q4-2024,Normal
DEAL-01047,Priya Kumar,CLI-0272,DataVault Pro,Email Campaign,Negotiation,79235,2024-02-14,,,10.2,South,Q1-2024,Normal
DEAL-02002,Siddharth Gupta,CLI-0023,CloudShift Platform,Email Campaign,Prospecting,267215,2023-02-24,,,2.2,North,Q1-2023,Normal
DEAL-00121,Rohit Mehta,CLI-0221,SecureNet Suite,Cold Outreach,Closed Won,34808,2023-10-19,2024-02-27,131,15.5,South,Q4-2023,Normal
DEAL-02268,Unassigned,CLI-0132,DevOps Accelerator,Organic Search,Closed Won,70365,2023-05-26,2023-08-27,93,19.4,West,Q2-2023,Normal
DEAL-02060,Aditya Pillai,CLI-0192,DevOps Accelerator,Webinar,Closed Won,29232,2024-02-15,2024-06-10,116,6.8,East,Q1-2024,Normal
DEAL-00828,Vikram Iyer,CLI-0194,DevOps Accelerator,Webinar,Closed Won,154406,2023-05-18,2023-09-29,134,17.4,East,Q2-2023,Normal
DEAL-00257,Siddharth Gupta,CLI-0145,AnalyticsEdge,Trade Show,Qualification,245914,2023-01-31,,,5.6,South,Q1-2023,Normal
DEAL-01788,Neha Pillai,CLI-0202,AI Insights Module,Email Campaign,Negotiation,1219562,2023-04-12,,,5.7,West,Q2-2023,High Outlier
DEAL-01101,Neha Pillai,CLI-0132,AI Insights Module,Organic Search,Prospecting,411651,2023-07-14,,,11.8,East,Q3-2023,Normal
DEAL-00397,Siddharth Gupta,CLI-0032,DataVault Pro,Google Ads,Proposal Sent,125218,2024-12-09,,,,West,Q4-2024,Normal
DEAL-01502,Vikram Iyer,CLI-0200,CloudShift Platform,Cold Outreach,Negotiation,366848,2023-05-28,,,,South,Q2-2023,Normal
DEAL-00749,Riya Das,CLI-0173,CloudShift Platform,Cold Outreach,Proposal Sent,278729,2023-02-11,,,14,West,Q1-2023,Normal
DEAL-02499,Siddharth Joshi,CLI-0074,AnalyticsEdge,Referral,Closed Won,1419979,2023-07-02,2023-11-11,132,18,North,Q3-2023,High Outlier
DEAL-01244,Ananya Sharma,CLI-0272,AnalyticsEdge,LinkedIn Campaign,Qualification,49327,2024-01-15,,,9.8,North,Q1-2024,Normal
DEAL-02073,Ananya Sharma,CLI-0130,AnalyticsEdge,Email Campaign,Qualification,433821,2024-02-28,,,0.1,West,Q1-2024,Normal
DEAL-02121,Amit Pillai,CLI-0056,SecureNet Suite,Cold Outreach,Closed Won,145086,2024-07-26,2024-09-28,64,19.1,West,Q3-2024,Normal
DEAL-00781,Unassigned,CLI-0174,DevOps Accelerator,Email Campaign,Proposal Sent,346869,2023-02-12,,,,East,Q1-2023,Normal
DEAL-01746,Arjun Rao,CLI-0039,DevOps Accelerator,Email Campaign,Proposal Sent,369019,2023-01-22,,,,North,Q1-2023,Normal
DEAL-02292,Riya Das,CLI-0249,AI Insights Module,Trade Show,Qualification,169774,2025-01-10,,,4.1,South,Q1-2025,Normal
DEAL-01260,Rahul Patel,CLI-0080,CloudShift Platform,Webinar,Qualification,270263,2023-03-19,,,7.2,East,Q1-2023,Normal
DEAL-01474,Meera Reddy,CLI-0243,AI Insights Module,Google Ads,Proposal Sent,230399,2023-08-28,,,,West,Q3-2023,Normal
DEAL-00701,Riya Das,CLI-0028,AI Insights Module,Webinar,Proposal Sent,345184,2023-06-28,,,8.7,East,Q2-2023,Normal
DEAL-01354,Priya Kumar,CLI-0066,AI Insights Module,Trade Show,Proposal Sent,399857,2025-01-05,,,,East,Q1-2025,Normal
DEAL-02482,Deepika Das,CLI-0268,SecureNet Suite,Google Ads,Prospecting,143147,2024-09-08,,,7.3,West,Q3-2024,Normal
DEAL-00554,Ananya Sharma,CLI-0064,AnalyticsEdge,LinkedIn Campaign,Qualification,454108,2024-08-16,,,,South,Q3-2024,Normal
DEAL-00247,Neha Pillai,CLI-0136,SecureNet Suite,Referral,Proposal Sent,135907,2024-01-17,,,9.9,West,Q1-2024,Normal
DEAL-01860,Meera Reddy,CLI-0041,AI Insights Module,LinkedIn Campaign,Closed Won,393004,2024-09-10,2025-03-07,178,22.1,South,Q3-2024,Normal
DEAL-00363,Siddharth Joshi,CLI-0042,DevOps Accelerator,Trade Show,Qualification,105642,2023-05-24,,,11.2,East,Q2-2023,Normal
DEAL-02150,Rohit Mehta,CLI-0171,AnalyticsEdge,Referral,Closed Lost,207023,2024-05-26,2024-06-17,22,,East,Q2-2024,Normal
DEAL-01901,Arjun Rao,CLI-0127,DevOps Accelerator,Cold Outreach,Closed Won,214988,2023-03-22,2023-06-15,85,15.3,North,Q1-2023,Normal
DEAL-02207,Vikram Iyer,CLI-0094,AnalyticsEdge,LinkedIn Campaign,Proposal Sent,298438,2024-04-01,,,9.6,South,Q2-2024,Normal
DEAL-01597,Priya Kumar,CLI-0010,DevOps Accelerator,LinkedIn Campaign,Closed Lost,477342,2024-03-19,2024-04-22,34,9.5,East,Q1-2024,Normal
DEAL-01082,Vikram Patel,CLI-0158,DevOps Accelerator,Cold Outreach,Qualification,374780,2024-02-02,,,,East,Q1-2024,Normal
DEAL-01456,Neha Pillai,CLI-0291,AnalyticsEdge,Email Campaign,Closed Won,203201,2023-10-29,2024-03-01,124,1.8,North,Q4-2023,Normal
DEAL-01066,Neha Pillai,CLI-0155,DataVault Pro,Email Campaign,Closed Won,363868,2024-04-16,2024-07-26,101,24.1,West,Q2-2024,Normal
DEAL-00060,Siddharth Gupta,CLI-0133,SecureNet Suite,Unknown,Negotiation,101757,2025-03-14,,,,North,Q1-2025,Normal
DEAL-02041,Riya Das,CLI-0035,AI Insights Module,LinkedIn Campaign,Closed Won,155313,2024-10-18,2024-11-21,34,0.8,West,Q4-2024,Normal
DEAL-00434,Siddharth Joshi,CLI-0055,CloudShift Platform,Referral,Qualification,258377,2024-06-01,,,,North,Q2-2024,Normal
DEAL-00256,Arjun Rao,CLI-0163,AI Insights Module,Webinar,Closed Lost,129316,2025-02-06,2025-04-15,68,7.7,West,Q1-2025,Normal
DEAL-02266,Deepika Das,CLI-0040,AnalyticsEdge,Webinar,Closed Lost,481825,2024-08-26,2024-10-15,50,12.5,South,Q3-2024,Normal
DEAL-01962,Arjun Rao,CLI-0023,SecureNet Suite,Cold Outreach,Closed Won,175025,2023-12-13,2024-05-21,160,10.3,West,Q4-2023,Normal
DEAL-00574,Arjun Rao,CLI-0274,CloudShift Platform,Organic Search,Proposal Sent,203697,2023-10-19,,,,North,Q4-2023,Normal
DEAL-00821,Vikram Patel,CLI-0007,DevOps Accelerator,Trade Show,Closed Won,299691,2024-10-02,2025-02-14,135,5.2,West,Q4-2024,Normal
DEAL-00613,Rahul Patel,CLI-0248,CloudShift Platform,Organic Search,Proposal Sent,292190,2023-08-22,,,4.7,North,Q3-2023,Normal
DEAL-02267,Unassigned,CLI-0148,AnalyticsEdge,LinkedIn Campaign,Qualification,214153,2023-07-09,,,,South,Q3-2023,Normal
DEAL-02184,Riya Das,CLI-0132,AI Insights Module,Cold Outreach,Closed Won,238505,2024-05-30,2024-10-23,146,9.8,East,Q2-2024,Normal
DEAL-01988,Priya Kumar,CLI-0267,SecureNet Suite,LinkedIn Campaign,Qualification,381243,2024-05-08,,,11.4,North,Q2-2024,Normal
DEAL-00327,Amit Pillai,CLI-0178,CloudShift Platform,Cold Outreach,Proposal Sent,163902,2023-01-03,,,11.1,South,Q1-2023,Normal
DEAL-00105,Neha Pillai,CLI-0091,CloudShift Platform,LinkedIn Campaign,Closed Won,494893,2023-06-11,2023-07-03,22,2.9,South,Q2-2023,Normal
DEAL-02151,Ananya Sharma,CLI-0231,SecureNet Suite,Unknown,Closed Lost,185137,2024-01-13,2024-05-26,134,7.5,West,Q1-2024,Normal
DEAL-01849,Siddharth Joshi,CLI-0118,AnalyticsEdge,Cold Outreach,Qualification,226464,2023-06-24,,,7.7,East,Q2-2023,Normal
DEAL-02417,Vikram Iyer,CLI-0268,DevOps Accelerator,Webinar,Closed Lost,485495,2023-12-02,2024-01-16,45,7,East,Q4-2023,Normal
DEAL-01880,Arjun Rao,CLI-0095,DevOps Accelerator,Referral,Proposal Sent,330655,2024-03-22,,,9,North,Q1-2024,Normal
DEAL-01658,Aditya Pillai,CLI-0036,SecureNet Suite,Organic Search,Proposal Sent,223268,2024-12-25,,,6.5,East,Q4-2024,Normal
DEAL-00824,Rahul Patel,CLI-0117,DataVault Pro,Trade Show,Closed Won,164744,2024-06-18,2024-11-26,161,16.7,East,Q2-2024,Normal
DEAL-00880,Arjun Rao,CLI-0135,AnalyticsEdge,Cold Outreach,Closed Won,1443027,2024-10-05,2025-03-28,174,16.9,North,Q4-2024,High Outlier
DEAL-00016,Siddharth Joshi,CLI-0130,DevOps Accelerator,LinkedIn Campaign,Prospecting,78039,2023-02-02,,,3,North,Q1-2023,Normal
DEAL-02046,Priya Kumar,CLI-0140,DataVault Pro,Organic Search,Qualification,71213,2024-04-22,,,14.5,South,Q2-2024,Normal
DEAL-00496,Vikram Iyer,CLI-0247,AnalyticsEdge,Cold Outreach,Closed Lost,289552,2024-01-27,2024-02-15,19,10.9,North,Q1-2024,Normal
DEAL-02474,Deepika Das,CLI-0182,SecureNet Suite,Cold Outreach,Negotiation,372216,2023-04-20,,,10.4,West,Q2-2023,Normal
DEAL-02114,Aditya Pillai,CLI-0139,CloudShift Platform,Cold Outreach,Closed Lost,399974,2023-01-31,2023-06-23,143,,North,Q1-2023,Normal
DEAL-01087,Siddharth Gupta,CLI-0215,DataVault Pro,Referral,Qualification,90382,2023-08-28,,,,East,Q3-2023,Normal
DEAL-01412,Siddharth Joshi,CLI-0175,AI Insights Module,LinkedIn Campaign,Proposal Sent,299308,2023-10-21,,,,East,Q4-2023,Normal
DEAL-00078,Arjun Rao,CLI-0019,AnalyticsEdge,Referral,Closed Won,151164,2024-07-13,2024-12-22,162,24.5,West,Q3-2024,Normal
DEAL-00752,Vikram Iyer,CLI-0142,DevOps Accelerator,LinkedIn Campaign,Closed Lost,90389,2024-01-22,2024-04-30,99,6.6,East,Q1-2024,Normal
DEAL-01312,Neha Pillai,CLI-0247,AI Insights Module,Google Ads,Closed Lost,468072,2024-12-19,2025-03-13,84,13.5,North,Q4-2024,Normal
DEAL-01745,Ananya Sharma,CLI-0019,AnalyticsEdge,Unknown,Proposal Sent,1208311,2025-02-17,,,2.7,North,Q1-2025,High Outlier
DEAL-01587,Neha Pillai,CLI-0165,AnalyticsEdge,Referral,Negotiation,220130,2025-01-29,,,6,West,Q1-2025,Normal
DEAL-02436,Ananya Sharma,CLI-0197,CloudShift Platform,LinkedIn Campaign,Negotiation,223630,2024-12-08,,,11.3,West,Q4-2024,Normal
DEAL-00598,Rohit Mehta,CLI-0296,CloudShift Platform,LinkedIn Campaign,Negotiation,165039,2023-12-22,,,4.6,North,Q4-2023,Normal
DEAL-02164,Rahul Patel,CLI-0280,AI Insights Module,Webinar,Prospecting,323641,2025-03-05,,,8.2,West,Q1-2025,Normal
DEAL-01234,Arjun Rao,CLI-0225,AnalyticsEdge,Webinar,Qualification,1419993,2025-03-16,,,4.4,East,Q1-2025,High Outlier
DEAL-00814,Deepika Das,CLI-0220,DataVault Pro,Referral,Closed Won,56862,2024-10-01,2025-02-06,128,18,North,Q4-2024,Normal
DEAL-00339,Vikram Iyer,CLI-0177,SecureNet Suite,Organic Search,Closed Won,199469,2024-08-26,2025-01-23,150,6,East,Q3-2024,Normal
DEAL-01445,Unassigned,CLI-0191,AnalyticsEdge,Cold Outreach,Proposal Sent,222577,2023-07-15,,,9,East,Q3-2023,Normal
DEAL-01444,Rahul Patel,CLI-0065,SecureNet Suite,Trade Show,Closed Won,320458,2025-03-12,2025-07-18,128,8.1,East,Q1-2025,Normal
DEAL-00517,Deepika Das,CLI-0045,AI Insights Module,LinkedIn Campaign,Negotiation,252748,2023-04-03,,,,East,Q2-2023,Normal
DEAL-01424,Deepika Das,CLI-0100,SecureNet Suite,Referral,Prospecting,468672,2023-10-24,,,0.2,South,Q4-2023,Normal
DEAL-02352,Meera Reddy,CLI-0149,DevOps Accelerator,Cold Outreach,Proposal Sent,365115,2024-08-22,,,8.4,West,Q3-2024,Normal
DEAL-00626,Amit Pillai,CLI-0148,DataVault Pro,LinkedIn Campaign,Proposal Sent,103014,2023-09-16,,,,West,Q3-2023,Normal
DEAL-01196,Vikram Iyer,CLI-0048,AI Insights Module,Referral,Qualification,72254,2025-01-10,,,12.5,North,Q1-2025,Normal
DEAL-02023,Deepika Das,CLI-0174,SecureNet Suite,Organic Search,Proposal Sent,385572,2024-07-07,,,0.1,North,Q3-2024,Normal
DEAL-00615,Ananya Sharma,CLI-0203,SecureNet Suite,Webinar,Proposal Sent,374713,2023-04-06,,,1.4,West,Q2-2023,Normal
DEAL-00736,Aditya Pillai,CLI-0220,SecureNet Suite,Webinar,Closed Won,325072,2024-11-30,2025-03-21,111,10.1,South,Q4-2024,Normal
DEAL-00207,Deepika Das,CLI-0188,AI Insights Module,Trade Show,Closed Won,471884,2023-02-07,2023-07-09,152,18.1,South,Q1-2023,Normal
DEAL-00921,Ananya Sharma,CLI-0241,AnalyticsEdge,LinkedIn Campaign,Qualification,25981,2023-04-21,,,14.6,West,Q2-2023,Normal
DEAL-00199,Vikram Patel,CLI-0277,DataVault Pro,Google Ads,Closed Lost,198107,2024-01-01,2024-02-25,55,12.9,North,Q1-2024,Normal
DEAL-02429,Vikram Patel,CLI-0217,CloudShift Platform,Cold Outreach,Proposal Sent,446198,2025-03-17,,,7,North,Q1-2025,Normal
DEAL-02386,Rohit Mehta,CLI-0237,SecureNet Suite,Email Campaign,Proposal Sent,197213,2023-12-05,,,,East,Q4-2023,Normal
DEAL-01284,Meera Reddy,CLI-0203,DevOps Accelerator,Google Ads,Proposal Sent,255162,2024-06-12,,,6.5,North,Q2-2024,Normal
DEAL-01224,Unassigned,CLI-0111,DataVault Pro,Cold Outreach,Negotiation,363231,2024-07-16,,,5.5,North,Q3-2024,Normal
DEAL-01413,Riya Das,CLI-0077,AI Insights Module,Cold Outreach,Closed Won,116637,2024-04-05,2024-07-02,88,24.9,South,Q2-2024,Normal
DEAL-00600,Vikram Iyer,CLI-0075,SecureNet Suite,Webinar,Qualification,96840,2024-09-25,,,3.4,South,Q3-2024,Normal
DEAL-00551,Deepika Das,CLI-0186,SecureNet Suite,Webinar,Proposal Sent,478947,2024-08-14,,,,West,Q3-2024,Normal
DEAL-01387,Ananya Sharma,CLI-0293,AnalyticsEdge,Cold Outreach,Negotiation,251317,2024-01-10,,,,East,Q1-2024,Normal
DEAL-01178,Rahul Patel,CLI-0282,AnalyticsEdge,Email Campaign,Closed Won,99042,2023-06-05,2023-06-28,23,8.4,South,Q2-2023,Normal
DEAL-02252,Vikram Iyer,CLI-0091,DataVault Pro,Google Ads,Closed Won,307976,2023-02-22,2023-07-08,136,21,West,Q1-2023,Normal
DEAL-02259,Riya Das,CLI-0074,DataVault Pro,Referral,Proposal Sent,336120,2024-02-07,,,,West,Q1-2024,Normal
DEAL-02462,Meera Reddy,CLI-0147,CloudShift Platform,LinkedIn Campaign,Proposal Sent,331117,2023-07-24,,,7.7,North,Q3-2023,Normal
DEAL-00957,Ananya Sharma,CLI-0020,DataVault Pro,Webinar,Qualification,89773,2025-02-19,,,12,West,Q1-2025,Normal
DEAL-02070,Riya Das,CLI-0152,AnalyticsEdge,Email Campaign,Closed Won,310047,2024-11-13,2025-01-26,74,4.5,North,Q4-2024,Normal
DEAL-02056,Siddharth Gupta,CLI-0251,DevOps Accelerator,Google Ads,Closed Lost,1744701,2023-07-31,2023-09-14,45,11,South,Q3-2023,High Outlier
DEAL-00627,Siddharth Joshi,CLI-0126,AnalyticsEdge,Unknown,Negotiation,20695,2023-03-04,,,,East,Q1-2023,Normal
DEAL-02393,Vikram Patel,CLI-0090,SecureNet Suite,LinkedIn Campaign,Proposal Sent,390228,2024-08-19,,,1,East,Q3-2024,Normal
DEAL-00458,Amit Pillai,CLI-0239,AnalyticsEdge,Google Ads,Closed Lost,211674,2023-08-18,2023-10-24,67,9.9,East,Q3-2023,Normal
DEAL-01742,Vikram Iyer,CLI-0003,AI Insights Module,Email Campaign,Negotiation,24372,2023-02-13,,,3.4,South,Q1-2023,Normal
DEAL-00129,Vikram Iyer,CLI-0131,CloudShift Platform,Trade Show,Prospecting,224675,2023-10-07,,,6.2,South,Q4-2023,Normal
DEAL-01341,Aditya Pillai,CLI-0126,AI Insights Module,Referral,Negotiation,230842,2024-05-12,,,12.1,South,Q2-2024,Normal
DEAL-01758,Vikram Iyer,CLI-0242,DataVault Pro,Google Ads,Closed Won,128695,2024-06-30,2024-12-27,180,7.4,East,Q2-2024,Normal
DEAL-00250,Ananya Sharma,CLI-0117,DataVault Pro,Trade Show,Closed Won,348203,2024-01-19,2024-06-09,142,4.5,East,Q1-2024,Normal
DEAL-00870,Vikram Iyer,CLI-0004,AI Insights Module,Webinar,Proposal Sent,327507,2025-01-23,,,9.1,North,Q1-2025,Normal
DEAL-02337,Siddharth Gupta,CLI-0130,SecureNet Suite,Referral,Negotiation,468580,2023-06-23,,,,North,Q2-2023,Normal
DEAL-01426,Siddharth Joshi,CLI-0137,DataVault Pro,Trade Show,Negotiation,226296,2023-04-17,,,,North,Q2-2023,Normal
DEAL-01866,Riya Das,CLI-0258,SecureNet Suite,Google Ads,Negotiation,327702,2024-08-09,,,14.5,East,Q3-2024,Normal
DEAL-02233,Siddharth Joshi,CLI-0204,DevOps Accelerator,Cold Outreach,Closed Lost,105930,2023-05-17,2023-07-20,64,,East,Q2-2023,Normal
DEAL-01695,Ananya Sharma,CLI-0040,AnalyticsEdge,Referral,Closed Won,174665,2023-05-29,2023-10-28,152,9.3,North,Q2-2023,Normal
DEAL-01881,Rohit Mehta,CLI-0268,AI Insights Module,Referral,Negotiation,343024,2023-03-16,,,,West,Q1-2023,Normal
DEAL-01511,Vikram Iyer,CLI-0110,AnalyticsEdge,Cold Outreach,Negotiation,194687,2023-07-21,,,0.6,North,Q3-2023,Normal
DEAL-00543,Siddharth Gupta,CLI-0071,SecureNet Suite,Organic Search,Closed Won,89575,2025-01-30,2025-06-21,142,17.4,West,Q1-2025,Normal
DEAL-01552,Vikram Patel,CLI-0160,AI Insights Module,Trade Show,Negotiation,268446,2024-01-06,,,,East,Q1-2024,Normal
DEAL-00860,Siddharth Gupta,CLI-0092,CloudShift Platform,Referral,Qualification,48973,2024-07-12,,,,North,Q3-2024,Normal
DEAL-00883,Rohit Mehta,CLI-0088,AnalyticsEdge,Organic Search,Prospecting,335462,2023-06-03,,,10.5,North,Q2-2023,Normal
DEAL-02332,Rahul Patel,CLI-0221,DataVault Pro,Webinar,Closed Lost,452376,2023-02-17,2023-08-10,174,14.9,North,Q1-2023,Normal
DEAL-02092,Ananya Sharma,CLI-0026,AI Insights Module,Google Ads,Closed Lost,470136,2023-05-13,2023-09-27,137,,North,Q2-2023,Normal
DEAL-01900,Neha Pillai,CLI-0275,AnalyticsEdge,LinkedIn Campaign,Closed Won,482126,2023-01-05,2023-06-04,150,12.4,North,Q1-2023,Normal
DEAL-00193,Meera Reddy,CLI-0116,DataVault Pro,LinkedIn Campaign,Proposal Sent,252968,2024-03-08,,,,South,Q1-2024,Normal
DEAL-01124,Aditya Pillai,CLI-0219,AnalyticsEdge,Cold Outreach,Closed Won,84826,2024-02-26,2024-06-28,123,24.9,North,Q1-2024,Normal
DEAL-00155,Neha Pillai,CLI-0270,DevOps Accelerator,Referral,Proposal Sent,34920,2024-08-10,,,,North,Q3-2024,Normal
DEAL-02130,Neha Pillai,CLI-0182,DataVault Pro,Google Ads,Prospecting,89128,2024-12-02,,,7.7,West,Q4-2024,Normal
DEAL-02227,Siddharth Gupta,CLI-0104,CloudShift Platform,Email Campaign,Prospecting,138833,2025-02-16,,,,South,Q1-2025,Normal
DEAL-01154,Rohit Mehta,CLI-0078,DataVault Pro,Organic Search,Closed Won,455079,2025-03-04,2025-04-08,35,15.2,West,Q1-2025,Normal
DEAL-00887,Vikram Iyer,CLI-0222,AI Insights Module,Cold Outreach,Negotiation,188014,2024-03-08,,,14.5,East,Q1-2024,Normal
DEAL-00014,Riya Das,CLI-0114,DataVault Pro,LinkedIn Campaign,Negotiation,245606,2023-09-27,,,8.1,West,Q3-2023,Normal
DEAL-01760,Meera Reddy,CLI-0292,DataVault Pro,Organic Search,Proposal Sent,90630,2023-08-15,,,6.2,North,Q3-2023,Normal
DEAL-00539,Riya Das,CLI-0210,AnalyticsEdge,Trade Show,Prospecting,401520,2024-10-30,,,,West,Q4-2024,Normal
DEAL-02334,Vikram Patel,CLI-0270,DevOps Accelerator,Referral,Qualification,395890,2023-07-11,,,10.7,East,Q3-2023,Normal
DEAL-01348,Vikram Iyer,CLI-0070,AI Insights Module,LinkedIn Campaign,Closed Won,322078,2024-10-06,2025-01-18,104,7.1,East,Q4-2024,Normal
DEAL-00064,Aditya Pillai,CLI-0203,DevOps Accelerator,LinkedIn Campaign,Qualification,193667,2023-10-05,,,2.1,East,Q4-2023,Normal
DEAL-01741,Rahul Patel,CLI-0003,CloudShift Platform,Organic Search,Qualification,242818,2023-11-06,,,14.6,North,Q4-2023,Normal
DEAL-00555,Rohit Mehta,CLI-0221,DataVault Pro,Cold Outreach,Prospecting,346611,2024-04-14,,,13.5,South,Q2-2024,Normal
DEAL-01163,Arjun Rao,CLI-0200,DevOps Accelerator,Referral,Negotiation,105268,2023-06-12,,,8.2,West,Q2-2023,Normal
DEAL-00377,Amit Pillai,CLI-0257,CloudShift Platform,LinkedIn Campaign,Qualification,66805,2024-02-11,,,,East,Q1-2024,Normal
DEAL-01583,Vikram Iyer,CLI-0266,AI Insights Module,Cold Outreach,Closed Won,234610,2023-02-17,2023-03-14,25,3.2,East,Q1-2023,Normal
DEAL-02129,Meera Reddy,CLI-0144,AI Insights Module,Cold Outreach,Closed Lost,148395,2024-02-29,2024-05-11,72,0.5,East,Q1-2024,Normal
DEAL-00493,Priya Kumar,CLI-0224,CloudShift Platform,Cold Outreach,Closed Won,436243,2024-11-02,2025-02-27,117,18.5,East,Q4-2024,Normal
DEAL-00145,Riya Das,CLI-0051,CloudShift Platform,Organic Search,Closed Lost,187540,2024-02-18,2024-04-04,46,6.4,East,Q1-2024,Normal
DEAL-01310,Unassigned,CLI-0008,SecureNet Suite,Email Campaign,Proposal Sent,438009,2023-03-02,,,3.7,West,Q1-2023,Normal
DEAL-00136,Rahul Patel,CLI-0070,AnalyticsEdge,Organic Search,Proposal Sent,200090,2024-03-28,,,13.3,East,Q1-2024,Normal
DEAL-00855,Ananya Sharma,CLI-0273,CloudShift Platform,Organic Search,Qualification,156695,2024-05-22,,,6.6,West,Q2-2024,Normal
DEAL-02204,Rohit Mehta,CLI-0125,DataVault Pro,LinkedIn Campaign,Prospecting,327889,2023-07-30,,,3.6,North,Q3-2023,Normal
DEAL-01108,Vikram Patel,CLI-0199,CloudShift Platform,LinkedIn Campaign,Negotiation,147438,2023-03-01,,,5.8,South,Q1-2023,Normal
DEAL-02394,Vikram Patel,CLI-0187,AnalyticsEdge,Cold Outreach,Closed Won,85696,2024-08-21,2024-09-06,16,1.8,East,Q3-2024,Normal
DEAL-02365,Rahul Patel,CLI-0154,CloudShift Platform,Trade Show,Prospecting,486983,2023-02-23,,,2.8,South,Q1-2023,Normal
DEAL-00353,Rohit Mehta,CLI-0080,DevOps Accelerator,Cold Outreach,Closed Won,74527,2023-02-15,2023-03-28,41,2.6,West,Q1-2023,Normal
DEAL-01505,Vikram Iyer,CLI-0212,DataVault Pro,Trade Show,Closed Won,415397,2024-07-10,2024-09-15,67,18.8,West,Q3-2024,Normal
DEAL-01622,Vikram Patel,CLI-0296,CloudShift Platform,Referral,Prospecting,409519,2024-08-25,,,,West,Q3-2024,Normal
DEAL-00262,Amit Pillai,CLI-0220,DataVault Pro,Referral,Proposal Sent,438813,2024-05-01,,,2.4,East,Q2-2024,Normal
DEAL-00849,Riya Das,CLI-0188,AnalyticsEdge,LinkedIn Campaign,Closed Lost,483038,2024-09-16,2025-01-20,126,8.2,South,Q3-2024,Normal
DEAL-01504,Neha Pillai,CLI-0055,AnalyticsEdge,Referral,Prospecting,45317,2025-03-23,,,,North,Q1-2025,Normal
DEAL-01971,Arjun Rao,CLI-0244,CloudShift Platform,Email Campaign,Prospecting,301601,2023-04-16,,,1.9,East,Q2-2023,Normal
DEAL-02434,Aditya Pillai,CLI-0100,CloudShift Platform,Referral,Closed Won,83149,2024-07-09,2024-11-15,129,24.7,West,Q3-2024,Normal
DEAL-00858,Unassigned,CLI-0009,SecureNet Suite,Webinar,Qualification,490153,2023-04-22,,,7,West,Q2-2023,Normal
DEAL-01093,Riya Das,CLI-0041,SecureNet Suite,Google Ads,Proposal Sent,345449,2024-07-03,,,13.1,West,Q3-2024,Normal
DEAL-00203,Deepika Das,CLI-0071,SecureNet Suite,Webinar,Prospecting,205263,2024-02-29,,,5.4,South,Q1-2024,Normal
DEAL-00571,Aditya Pillai,CLI-0061,AnalyticsEdge,Unknown,Closed Won,221854,2024-02-23,2024-06-07,105,3.5,West,Q1-2024,Normal
DEAL-00925,Meera Reddy,CLI-0034,CloudShift Platform,Organic Search,Negotiation,285049,2023-05-22,,,10.5,North,Q2-2023,Normal
DEAL-01099,Siddharth Gupta,CLI-0144,DevOps Accelerator,Trade Show,Closed Won,110850,2025-01-27,2025-02-11,15,20.4,South,Q1-2025,Normal
DEAL-01086,Vikram Patel,CLI-0095,SecureNet Suite,Google Ads,Qualification,291312,2024-01-11,,,,East,Q1-2024,Normal
DEAL-00362,Rahul Patel,CLI-0159,AI Insights Module,Google Ads,Closed Won,232669,2024-12-19,2025-01-30,42,1.8,South,Q4-2024,Normal
DEAL-01888,Meera Reddy,CLI-0027,DataVault Pro,Email Campaign,Closed Lost,90296,2023-06-08,2023-10-03,117,,South,Q2-2023,Normal
DEAL-02007,Unassigned,CLI-0225,DataVault Pro,Email Campaign,Prospecting,227492,2025-02-28,,,10.6,North,Q1-2025,Normal
DEAL-00290,Rahul Patel,CLI-0169,SecureNet Suite,Webinar,Closed Won,113819,2024-05-29,2024-07-11,43,20.4,South,Q2-2024,Normal
DEAL-00196,Aditya Pillai,CLI-0299,DevOps Accelerator,LinkedIn Campaign,Proposal Sent,349896,2024-04-29,,,1.8,East,Q2-2024,Normal
DEAL-01704,Vikram Patel,CLI-0191,AnalyticsEdge,Cold Outreach,Closed Lost,128861,2024-11-19,2025-01-30,72,10.7,West,Q4-2024,Normal
DEAL-00195,Aditya Pillai,CLI-0114,SecureNet Suite,Google Ads,Negotiation,264856,2025-01-12,,,9.2,West,Q1-2025,Normal
DEAL-01683,Neha Pillai,CLI-0206,AnalyticsEdge,Trade Show,Closed Lost,264788,2023-12-21,2024-03-28,98,,South,Q4-2023,Normal
DEAL-01685,Aditya Pillai,CLI-0123,CloudShift Platform,LinkedIn Campaign,Negotiation,90298,2023-12-24,,,6.1,South,Q4-2023,Normal
DEAL-01545,Riya Das,CLI-0054,CloudShift Platform,Email Campaign,Qualification,419316,2024-05-09,,,,North,Q2-2024,Normal
DEAL-01449,Deepika Das,CLI-0220,AI Insights Module,Cold Outreach,Negotiation,62633,2024-07-30,,,8.2,North,Q3-2024,Normal
DEAL-01973,Riya Das,CLI-0058,SecureNet Suite,Organic Search,Closed Won,422706,2024-07-08,2024-09-12,66,12.1,West,Q3-2024,Normal
DEAL-00727,Siddharth Gupta,CLI-0143,AnalyticsEdge,Webinar,Qualification,388925,2024-10-15,,,3.7,East,Q4-2024,Normal
DEAL-01114,Rohit Mehta,CLI-0193,DevOps Accelerator,Organic Search,Qualification,217633,2023-04-09,,,0.1,East,Q2-2023,Normal
DEAL-01432,Vikram Iyer,CLI-0101,DataVault Pro,Referral,Negotiation,110895,2023-06-28,,,5.5,North,Q2-2023,Normal
DEAL-02487,Aditya Pillai,CLI-0274,AnalyticsEdge,Organic Search,Negotiation,104916,2023-09-11,,,,North,Q3-2023,Normal
DEAL-00712,Rahul Patel,CLI-0266,AI Insights Module,Google Ads,Closed Lost,243009,2023-07-05,2023-11-15,133,8.5,North,Q3-2023,Normal
DEAL-00289,Priya Kumar,CLI-0189,AI Insights Module,Cold Outreach,Prospecting,98289,2023-01-02,,,1.5,West,Q1-2023,Normal
DEAL-01903,Siddharth Gupta,CLI-0076,AnalyticsEdge,LinkedIn Campaign,Prospecting,71111,2023-02-28,,,13.7,North,Q1-2023,Normal
DEAL-01825,Arjun Rao,CLI-0103,DevOps Accelerator,Webinar,Closed Won,111301,2023-11-07,2024-02-26,111,15.6,West,Q4-2023,Normal
DEAL-00427,Priya Kumar,CLI-0156,AnalyticsEdge,LinkedIn Campaign,Proposal Sent,26848,2023-12-30,,,3.7,West,Q4-2023,Normal
DEAL-01935,Siddharth Joshi,CLI-0203,DataVault Pro,Organic Search,Closed Lost,371590,2025-01-26,2025-05-14,108,14,South,Q1-2025,Normal
DEAL-00178,Vikram Patel,CLI-0161,SecureNet Suite,Google Ads,Closed Lost,271730,2023-10-15,2024-01-30,107,4.2,East,Q4-2023,Normal
DEAL-00958,Neha Pillai,CLI-0299,DevOps Accelerator,LinkedIn Campaign,Proposal Sent,64345,2023-10-15,,,,East,Q4-2023,Normal
DEAL-01252,Amit Pillai,CLI-0211,CloudShift Platform,Webinar,Closed Won,386714,2024-02-09,2024-08-07,180,4.3,South,Q1-2024,Normal
DEAL-00798,Riya Das,CLI-0076,CloudShift Platform,Unknown,Closed Won,283693,2023-04-12,2023-07-05,84,12.9,East,Q2-2023,Normal
DEAL-00402,Aditya Pillai,CLI-0135,DataVault Pro,LinkedIn Campaign,Proposal Sent,325517,2023-08-11,,,,North,Q3-2023,Normal
DEAL-02298,Siddharth Joshi,CLI-0074,DataVault Pro,Email Campaign,Proposal Sent,128091,2023-11-14,,,,West,Q4-2023,Normal
DEAL-01967,Rahul Patel,CLI-0230,DevOps Accelerator,Organic Search,Closed Won,312200,2024-12-27,2025-02-11,46,4.5,East,Q4-2024,Normal
DEAL-00455,Amit Pillai,CLI-0253,AnalyticsEdge,Cold Outreach,Closed Lost,419053,2024-10-31,2025-01-16,77,4,North,Q4-2024,Normal
DEAL-02000,Rahul Patel,CLI-0089,DataVault Pro,Email Campaign,Proposal Sent,90060,2023-12-27,,,8.5,West,Q4-2023,Normal
DEAL-00561,Riya Das,CLI-0042,AI Insights Module,Referral,Closed Won,200610,2024-02-13,2024-08-06,175,8.2,North,Q1-2024,Normal
DEAL-00194,Arjun Rao,CLI-0138,DevOps Accelerator,Referral,Qualification,308545,2024-02-06,,,,West,Q1-2024,Normal
DEAL-02034,Rohit Mehta,CLI-0242,CloudShift Platform,Trade Show,Closed Lost,159784,2024-06-21,2024-12-14,176,,West,Q2-2024,Normal
DEAL-02010,Riya Das,CLI-0178,DevOps Accelerator,Referral,Closed Lost,153360,2023-09-28,2024-01-11,105,12.3,South,Q3-2023,Normal
DEAL-01149,Aditya Pillai,CLI-0070,DevOps Accelerator,Referral,Closed Won,368486,2023-06-17,2023-07-26,39,13.5,West,Q2-2023,Normal
DEAL-01041,Vikram Patel,CLI-0263,CloudShift Platform,Organic Search,Qualification,219243,2023-11-27,,,11.8,West,Q4-2023,Normal
DEAL-01829,Unassigned,CLI-0017,AnalyticsEdge,Referral,Proposal Sent,338034,2023-03-09,,,6.2,East,Q1-2023,Normal
DEAL-01049,Arjun Rao,CLI-0043,AnalyticsEdge,Webinar,Closed Won,44452,2023-11-24,2024-04-05,133,23.6,North,Q4-2023,Normal
DEAL-02418,Meera Reddy,CLI-0249,AnalyticsEdge,Trade Show,Closed Won,82176,2023-06-20,2023-08-08,49,20.1,West,Q2-2023,Normal
DEAL-01592,Neha Pillai,CLI-0105,CloudShift Platform,Google Ads,Proposal Sent,125285,2024-09-09,,,,South,Q3-2024,Normal
DEAL-02485,Riya Das,CLI-0119,CloudShift Platform,Google Ads,Negotiation,401023,2023-04-23,,,10.6,East,Q2-2023,Normal
DEAL-00572,Rohit Mehta,CLI-0166,SecureNet Suite,Organic Search,Prospecting,234132,2023-11-30,,,8.4,South,Q4-2023,Normal
DEAL-01712,Rahul Patel,CLI-0150,CloudShift Platform,Cold Outreach,Closed Won,137837,2023-11-28,2024-02-19,83,22.5,North,Q4-2023,Normal
DEAL-01427,Meera Reddy,CLI-0209,SecureNet Suite,Trade Show,Proposal Sent,183365,2023-02-24,,,6.1,North,Q1-2023,Normal
DEAL-01682,Neha Pillai,CLI-0132,CloudShift Platform,Cold Outreach,Prospecting,116944,2023-11-04,,,,East,Q4-2023,Normal
DEAL-02093,Rohit Mehta,CLI-0062,SecureNet Suite,Referral,Closed Won,53362,2025-02-01,2025-06-28,147,15.6,East,Q1-2025,Normal
DEAL-02082,Priya Kumar,CLI-0165,AnalyticsEdge,Organic Search,Negotiation,465789,2024-10-08,,,,East,Q4-2024,Normal
DEAL-01308,Vikram Patel,CLI-0110,SecureNet Suite,Unknown,Closed Won,106406,2023-12-09,2024-05-05,148,21.9,North,Q4-2023,Normal
DEAL-01103,Siddharth Joshi,CLI-0128,SecureNet Suite,LinkedIn Campaign,Qualification,326977,2024-10-31,,,5.5,South,Q4-2024,Normal
DEAL-00378,Rohit Mehta,CLI-0046,CloudShift Platform,Cold Outreach,Negotiation,295779,2024-04-26,,,,North,Q2-2024,Normal
DEAL-00293,Aditya Pillai,CLI-0055,SecureNet Suite,Email Campaign,Negotiation,186700,2023-12-11,,,5.6,East,Q4-2023,Normal
DEAL-01347,Ananya Sharma,CLI-0135,SecureNet Suite,Cold Outreach,Closed Lost,319610,2023-02-14,2023-05-21,96,8.4,East,Q1-2023,Normal
DEAL-00425,Aditya Pillai,CLI-0208,AI Insights Module,Webinar,Proposal Sent,161131,2023-10-29,,,,East,Q4-2023,Normal
DEAL-01332,Deepika Das,CLI-0047,CloudShift Platform,Cold Outreach,Prospecting,138885,2025-03-31,,,0.2,East,Q1-2025,Normal
DEAL-00147,Deepika Das,CLI-0152,DataVault Pro,Trade Show,Closed Won,181419,2024-09-28,2025-03-21,174,1.9,West,Q3-2024,Normal
DEAL-00649,Rohit Mehta,CLI-0223,AnalyticsEdge,Trade Show,Negotiation,247141,2024-02-02,,,7,West,Q1-2024,Normal
DEAL-00780,Meera Reddy,CLI-0025,DevOps Accelerator,Trade Show,Qualification,109690,2024-05-10,,,11.6,North,Q2-2024,Normal
DEAL-02100,Amit Pillai,CLI-0267,DevOps Accelerator,Email Campaign,Closed Lost,317711,2025-02-05,2025-03-30,53,10.8,East,Q1-2025,Normal
DEAL-02290,Riya Das,CLI-0012,CloudShift Platform,Google Ads,Qualification,497875,2024-05-21,,,12.2,North,Q2-2024,Normal
DEAL-01556,Amit Pillai,CLI-0137,SecureNet Suite,Referral,Closed Lost,392101,2024-09-03,2024-12-13,101,,East,Q3-2024,Normal
DEAL-01744,Riya Das,CLI-0038,AnalyticsEdge,Referral,Closed Won,376827,2025-03-31,2025-05-25,55,14.2,West,Q1-2025,Normal
DEAL-01344,Rahul Patel,CLI-0003,AI Insights Module,LinkedIn Campaign,Closed Won,234885,2023-01-09,2023-07-02,174,3,South,Q1-2023,Normal
DEAL-00441,Rohit Mehta,CLI-0130,AI Insights Module,LinkedIn Campaign,Negotiation,366160,2025-02-17,,,3.5,South,Q1-2025,Normal
DEAL-00190,Meera Reddy,CLI-0187,SecureNet Suite,Email Campaign,Closed Won,245902,2023-09-29,2024-01-09,102,21.8,South,Q3-2023,Normal
DEAL-01766,Ananya Sharma,CLI-0223,SecureNet Suite,Webinar,Negotiation,266319,2025-01-25,,,10.6,North,Q1-2025,Normal
DEAL-00108,Arjun Rao,CLI-0093,DataVault Pro,LinkedIn Campaign,Closed Lost,250427,2025-02-17,2025-05-30,102,,South,Q1-2025,Normal
DEAL-00269,Rahul Patel,CLI-0005,AI Insights Module,Google Ads,Closed Won,90476,2023-07-02,2023-09-10,70,22.3,South,Q3-2023,Normal
DEAL-00740,Rahul Patel,CLI-0232,DataVault Pro,Trade Show,Proposal Sent,490228,2024-02-24,,,4.7,South,Q1-2024,Normal
DEAL-00745,Deepika Das,CLI-0055,SecureNet Suite,Trade Show,Closed Won,284449,2023-06-20,2023-11-10,143,3.2,North,Q2-2023,Normal
DEAL-00930,Rahul Patel,CLI-0290,AnalyticsEdge,Cold Outreach,Closed Lost,264290,2023-09-30,2023-12-17,78,2.6,South,Q3-2023,Normal
DEAL-00847,Deepika Das,CLI-0086,AnalyticsEdge,LinkedIn Campaign,Negotiation,228997,2023-02-01,,,,South,Q1-2023,Normal
DEAL-00090,Neha Pillai,CLI-0014,SecureNet Suite,Webinar,Closed Won,155378,2024-01-27,2024-05-20,114,1.5,East,Q1-2024,Normal
DEAL-01696,Amit Pillai,CLI-0188,AnalyticsEdge,Cold Outreach,Closed Won,199857,2023-04-11,2023-08-08,119,3.9,East,Q2-2023,Normal
DEAL-01679,Riya Das,CLI-0050,DevOps Accelerator,Trade Show,Proposal Sent,323970,2025-01-09,,,0.1,South,Q1-2025,Normal
DEAL-00272,Ananya Sharma,CLI-0154,DevOps Accelerator,Unknown,Closed Lost,217127,2023-05-04,2023-07-17,74,,West,Q2-2023,Normal
DEAL-00085,Deepika Das,CLI-0207,DataVault Pro,Trade Show,Closed Won,214509,2023-05-29,2023-10-26,150,0.3,West,Q2-2023,Normal
DEAL-01891,Rohit Mehta,CLI-0037,DataVault Pro,Cold Outreach,Qualification,368986,2024-01-18,,,,West,Q1-2024,Normal
DEAL-01998,Ananya Sharma,CLI-0078,DataVault Pro,Organic Search,Prospecting,238543,2025-01-24,,,9.7,North,Q1-2025,Normal
DEAL-00285,Riya Das,CLI-0196,DevOps Accelerator,Email Campaign,Closed Won,203032,2024-10-28,2025-02-18,113,18.4,South,Q4-2024,Normal
DEAL-00038,Rahul Patel,CLI-0192,DataVault Pro,Webinar,Proposal Sent,302206,2025-01-06,,,1.8,South,Q1-2025,Normal
DEAL-01434,Vikram Patel,CLI-0265,DevOps Accelerator,Trade Show,Proposal Sent,150311,2023-02-25,,,10.9,East,Q1-2023,Normal
DEAL-00097,Vikram Iyer,CLI-0296,AI Insights Module,Webinar,Closed Won,132151,2023-02-07,2023-03-30,51,0.5,North,Q1-2023,Normal
DEAL-01813,Riya Das,CLI-0195,AnalyticsEdge,LinkedIn Campaign,Qualification,473977,2023-04-20,,,8.6,North,Q2-2023,Normal
DEAL-00345,Vikram Iyer,CLI-0044,DataVault Pro,Referral,Prospecting,134894,2024-10-16,,,2.2,South,Q4-2024,Normal
DEAL-00974,Meera Reddy,CLI-0120,DevOps Accelerator,Unknown,Closed Lost,281099,2023-02-20,2023-08-01,162,,North,Q1-2023,Normal
DEAL-00226,Vikram Patel,CLI-0228,SecureNet Suite,Referral,Negotiation,277559,2023-06-15,,,11.1,East,Q2-2023,Normal
DEAL-01186,Rahul Patel,CLI-0204,SecureNet Suite,Organic Search,Negotiation,193896,2023-02-07,,,,North,Q1-2023,Normal
DEAL-01159,Vikram Iyer,CLI-0274,DevOps Accelerator,LinkedIn Campaign,Prospecting,181830,2023-05-19,,,4.5,South,Q2-2023,Normal
DEAL-00478,Rahul Patel,CLI-0183,AI Insights Module,Referral,Proposal Sent,155886,2024-09-22,,,4.7,South,Q3-2024,Normal
DEAL-01271,Siddharth Joshi,CLI-0233,DataVault Pro,Organic Search,Closed Won,357963,2024-02-20,2024-04-18,58,24.7,West,Q1-2024,Normal
DEAL-00463,Amit Pillai,CLI-0103,DataVault Pro,Trade Show,Prospecting,51705,2024-09-16,,,8.3,West,Q3-2024,Normal
DEAL-00632,Riya Das,CLI-0267,AI Insights Module,LinkedIn Campaign,Closed Won,57685,2023-11-25,2024-04-22,149,17.6,West,Q4-2023,Normal
DEAL-01378,Arjun Rao,CLI-0053,DevOps Accelerator,Email Campaign,Proposal Sent,422560,2024-06-27,,,,North,Q2-2024,Normal
DEAL-01852,Priya Kumar,CLI-0295,AnalyticsEdge,Trade Show,Qualification,188185,2024-11-23,,,3,North,Q4-2024,Normal
DEAL-00578,Vikram Iyer,CLI-0281,DevOps Accelerator,Email Campaign,Proposal Sent,184982,2025-01-22,,,,North,Q1-2025,Normal
DEAL-01527,Siddharth Joshi,CLI-0242,CloudShift Platform,LinkedIn Campaign,Prospecting,218124,2023-06-05,,,,North,Q2-2023,Normal
DEAL-01815,Aditya Pillai,CLI-0285,AI Insights Module,Organic Search,Proposal Sent,94808,2023-04-22,,,7.2,South,Q2-2023,Normal
DEAL-02370,Rohit Mehta,CLI-0150,SecureNet Suite,Organic Search,Negotiation,311351,2024-09-07,,,9.6,South,Q3-2024,Normal
DEAL-00939,Vikram Iyer,CLI-0020,DataVault Pro,Email Campaign,Proposal Sent,478589,2024-07-20,,,8.4,West,Q3-2024,Normal
DEAL-02392,Priya Kumar,CLI-0158,DevOps Accelerator,Referral,Negotiation,412868,2024-01-19,,,8.2,North,Q1-2024,Normal
DEAL-00287,Riya Das,CLI-0239,AnalyticsEdge,LinkedIn Campaign,Negotiation,108997,2023-06-19,,,,East,Q2-2023,Normal
DEAL-00501,Priya Kumar,CLI-0065,DataVault Pro,Referral,Proposal Sent,69592,2024-03-10,,,7.4,West,Q1-2024,Normal
DEAL-00317,Meera Reddy,CLI-0273,DevOps Accelerator,Referral,Prospecting,394132,2024-10-10,,,,East,Q4-2024,Normal
DEAL-01358,Siddharth Gupta,CLI-0017,DataVault Pro,Trade Show,Closed Lost,479641,2024-01-21,2024-07-12,173,,West,Q1-2024,Normal
DEAL-01146,Priya Kumar,CLI-0035,AnalyticsEdge,Google Ads,Qualification,305973,2023-12-31,,,6.4,East,Q4-2023,Normal
DEAL-02249,Riya Das,CLI-0106,DataVault Pro,Webinar,Closed Won,282645,2024-09-14,2025-01-14,122,14.5,North,Q3-2024,Normal
DEAL-00511,Neha Pillai,CLI-0216,AI Insights Module,Trade Show,Qualification,303493,2023-07-15,,,,North,Q3-2023,Normal
DEAL-01515,Amit Pillai,CLI-0150,SecureNet Suite,Referral,Proposal Sent,143999,2024-07-06,,,1,East,Q3-2024,Normal
DEAL-01182,Priya Kumar,CLI-0093,AI Insights Module,Trade Show,Closed Won,270035,2023-06-21,2023-11-23,155,24.1,West,Q2-2023,Normal
DEAL-01021,Siddharth Joshi,CLI-0100,SecureNet Suite,Email Campaign,Closed Won,256648,2024-12-08,2025-01-16,39,12.9,North,Q4-2024,Normal
DEAL-00166,Rohit Mehta,CLI-0068,AnalyticsEdge,Google Ads,Closed Lost,216032,2023-09-19,2023-12-20,92,,South,Q3-2023,Normal
DEAL-00177,Meera Reddy,CLI-0031,DataVault Pro,Google Ads,Negotiation,146467,2024-05-19,,,14,South,Q2-2024,Normal
DEAL-02247,Rahul Patel,CLI-0207,AI Insights Module,Webinar,Prospecting,416294,2024-11-26,,,9.5,South,Q4-2024,Normal
DEAL-00464,Amit Pillai,CLI-0174,DataVault Pro,Referral,Closed Won,87018,2024-11-02,2024-11-29,27,16.4,South,Q4-2024,Normal
DEAL-00513,Ananya Sharma,CLI-0077,DevOps Accelerator,Unknown,Closed Lost,496316,2024-09-14,2025-03-09,176,2.6,North,Q3-2024,Normal
DEAL-00608,Siddharth Joshi,CLI-0042,CloudShift Platform,Email Campaign,Qualification,269510,2024-03-20,,,,West,Q1-2024,Normal
DEAL-00413,Vikram Patel,CLI-0019,AI Insights Module,LinkedIn Campaign,Qualification,469379,2023-04-23,,,3.6,South,Q2-2023,Normal
DEAL-02200,Ananya Sharma,CLI-0011,CloudShift Platform,LinkedIn Campaign,Prospecting,225336,2023-12-17,,,,West,Q4-2023,Normal
DEAL-01691,Neha Pillai,CLI-0279,AI Insights Module,Cold Outreach,Qualification,411518,2024-04-27,,,,West,Q2-2024,Normal
DEAL-01958,Riya Das,CLI-0051,DevOps Accelerator,Email Campaign,Negotiation,29564,2024-01-02,,,,North,Q1-2024,Normal
DEAL-00432,Ananya Sharma,CLI-0041,SecureNet Suite,LinkedIn Campaign,Closed Won,306455,2023-12-06,2024-01-05,30,14.6,North,Q4-2023,Normal
DEAL-00225,Vikram Iyer,CLI-0280,DevOps Accelerator,Email Campaign,Prospecting,436059,2024-09-27,,,4.3,North,Q3-2024,Normal
DEAL-00891,Rahul Patel,CLI-0248,AI Insights Module,Unknown,Proposal Sent,481266,2024-03-27,,,,West,Q1-2024,Normal
DEAL-01671,Aditya Pillai,CLI-0054,SecureNet Suite,LinkedIn Campaign,Negotiation,405043,2024-04-15,,,12.1,East,Q2-2024,Normal
DEAL-00115,Aditya Pillai,CLI-0097,SecureNet Suite,Organic Search,Qualification,302967,2024-07-28,,,,East,Q3-2024,Normal
DEAL-00238,Priya Kumar,CLI-0117,DataVault Pro,Google Ads,Closed Lost,241692,2024-09-17,2025-03-11,175,,North,Q3-2024,Normal
DEAL-01828,Meera Reddy,CLI-0245,CloudShift Platform,Email Campaign,Proposal Sent,344535,2025-01-05,,,,South,Q1-2025,Normal
DEAL-02496,Arjun Rao,CLI-0014,DataVault Pro,Webinar,Proposal Sent,384313,2025-03-26,,,6.5,West,Q1-2025,Normal
DEAL-00158,Deepika Das,CLI-0212,AI Insights Module,Trade Show,Closed Lost,390955,2024-06-18,2024-08-23,66,,East,Q2-2024,Normal
DEAL-00395,Rohit Mehta,CLI-0122,AnalyticsEdge,Organic Search,Closed Won,246390,2023-07-04,2023-10-03,91,4.5,North,Q3-2023,Normal
DEAL-01068,Ananya Sharma,CLI-0131,DataVault Pro,Referral,Qualification,33949,2024-08-23,,,1,East,Q3-2024,Normal
DEAL-01930,Ananya Sharma,CLI-0103,DevOps Accelerator,Unknown,Qualification,54639,2025-01-05,,,0.7,South,Q1-2025,Normal
DEAL-00902,Amit Pillai,CLI-0281,DataVault Pro,Referral,Qualification,24721,2025-02-09,,,,East,Q1-2025,Normal
DEAL-00259,Rahul Patel,CLI-0284,SecureNet Suite,Trade Show,Closed Lost,117062,2023-03-07,2023-08-05,151,7.1,West,Q1-2023,Normal
DEAL-00391,Vikram Iyer,CLI-0044,AI Insights Module,Unknown,Closed Won,338895,2024-07-20,2024-09-13,55,5.1,North,Q3-2024,Normal
DEAL-02145,Rohit Mehta,CLI-0026,AnalyticsEdge,Organic Search,Closed Won,127582,2023-07-27,2023-10-10,75,12,East,Q3-2023,Normal
DEAL-01797,Rohit Mehta,CLI-0087,DataVault Pro,Email Campaign,Negotiation,164094,2024-05-12,,,,West,Q2-2024,Normal
DEAL-01838,Ananya Sharma,CLI-0290,AnalyticsEdge,Email Campaign,Prospecting,382498,2023-06-01,,,14.4,West,Q2-2023,Normal
DEAL-00563,Aditya Pillai,CLI-0121,DevOps Accelerator,Cold Outreach,Prospecting,109622,2023-03-07,,,,East,Q1-2023,Normal
DEAL-02047,Vikram Patel,CLI-0222,SecureNet Suite,Referral,Negotiation,286439,2024-04-28,,,2.4,West,Q2-2024,Normal
DEAL-00696,Meera Reddy,CLI-0028,CloudShift Platform,Cold Outreach,Proposal Sent,21741,2023-02-05,,,13.5,East,Q1-2023,Normal
DEAL-00112,Arjun Rao,CLI-0267,AI Insights Module,Cold Outreach,Qualification,250796,2025-02-04,,,8.8,West,Q1-2025,Normal
DEAL-00618,Amit Pillai,CLI-0221,AnalyticsEdge,Trade Show,Negotiation,307840,2023-07-10,,,12.7,West,Q3-2023,Normal
DEAL-02472,Arjun Rao,CLI-0260,AnalyticsEdge,Cold Outreach,Closed Won,160723,2024-11-02,2025-01-18,77,14.8,North,Q4-2024,Normal
DEAL-00302,Vikram Iyer,CLI-0154,AnalyticsEdge,Unknown,Proposal Sent,201377,2025-03-26,,,1.9,South,Q1-2025,Normal
DEAL-01573,Ananya Sharma,CLI-0120,AI Insights Module,Email Campaign,Negotiation,365574,2023-11-25,,,,North,Q4-2023,Normal
DEAL-00948,Arjun Rao,CLI-0282,DevOps Accelerator,Google Ads,Closed Lost,252076,2023-05-29,2023-07-07,39,6.6,North,Q2-2023,Normal
DEAL-01352,Arjun Rao,CLI-0216,DevOps Accelerator,Email Campaign,Negotiation,205779,2023-09-19,,,,East,Q3-2023,Normal
DEAL-00856,Rahul Patel,CLI-0255,AnalyticsEdge,Webinar,Negotiation,993083,2025-02-02,,,13.1,West,Q1-2025,High Outlier
DEAL-01088,Riya Das,CLI-0213,DataVault Pro,Google Ads,Qualification,142979,2024-03-27,,,1,West,Q1-2024,Normal
DEAL-02016,Vikram Iyer,CLI-0090,DataVault Pro,Referral,Qualification,78693,2024-03-01,,,10.7,North,Q1-2024,Normal
DEAL-00575,Rahul Patel,CLI-0043,DevOps Accelerator,Cold Outreach,Negotiation,304564,2023-09-09,,,4.9,East,Q3-2023,Normal
DEAL-02172,Vikram Iyer,CLI-0218,DevOps Accelerator,Trade Show,Closed Won,336343,2023-08-08,2023-10-01,54,21.6,South,Q3-2023,Normal
DEAL-01756,Neha Pillai,CLI-0202,AI Insights Module,Email Campaign,Qualification,494444,2024-12-26,,,11.8,East,Q4-2024,Normal
DEAL-01061,Aditya Pillai,CLI-0098,AI Insights Module,Organic Search,Proposal Sent,174537,2025-03-20,,,7.1,East,Q1-2025,Normal
DEAL-01953,Arjun Rao,CLI-0223,SecureNet Suite,Email Campaign,Proposal Sent,472256,2024-12-11,,,,South,Q4-2024,Normal
DEAL-01307,Arjun Rao,CLI-0208,CloudShift Platform,Webinar,Closed Won,135885,2024-04-12,2024-05-11,29,20.1,West,Q2-2024,Normal
DEAL-00605,Deepika Das,CLI-0187,CloudShift Platform,Email Campaign,Qualification,471492,2025-01-07,,,,North,Q1-2025,Normal
DEAL-01304,Vikram Iyer,CLI-0297,DevOps Accelerator,LinkedIn Campaign,Negotiation,220822,2023-06-19,,,9,South,Q2-2023,Normal
DEAL-00510,Priya Kumar,CLI-0273,AnalyticsEdge,Email Campaign,Negotiation,423644,2023-05-04,,,8.4,East,Q2-2023,Normal
DEAL-01613,Vikram Patel,CLI-0199,DevOps Accelerator,Cold Outreach,Qualification,269518,2024-09-27,,,8.1,South,Q3-2024,Normal
DEAL-00216,Riya Das,CLI-0222,AnalyticsEdge,Email Campaign,Closed Won,447090,2025-02-19,2025-04-10,50,11.5,West,Q1-2025,Normal
DEAL-01251,Rahul Patel,CLI-0059,AI Insights Module,Webinar,Closed Lost,268608,2023-03-31,2023-05-25,55,1.8,East,Q1-2023,Normal
DEAL-00515,Ananya Sharma,CLI-0070,SecureNet Suite,Organic Search,Closed Lost,98716,2024-08-23,2024-12-09,108,14.1,North,Q3-2024,Normal
DEAL-00995,Amit Pillai,CLI-0056,SecureNet Suite,Webinar,Negotiation,156291,2025-02-23,,,1.7,North,Q1-2025,Normal
DEAL-02401,Ananya Sharma,CLI-0237,CloudShift Platform,Trade Show,Proposal Sent,315275,2023-02-14,,,8.5,South,Q1-2023,Normal
DEAL-01187,Amit Pillai,CLI-0079,DataVault Pro,Trade Show,Negotiation,222128,2024-12-20,,,4.3,West,Q4-2024,Normal
DEAL-00449,Neha Pillai,CLI-0099,DataVault Pro,Email Campaign,Prospecting,305623,2024-12-20,,,12.5,East,Q4-2024,Normal
DEAL-02117,Neha Pillai,CLI-0008,DataVault Pro,LinkedIn Campaign,Prospecting,203684,2023-06-27,,,0.7,North,Q2-2023,Normal
DEAL-00113,Neha Pillai,CLI-0031,AI Insights Module,Email Campaign,Closed Won,10714,2023-03-14,2023-07-05,113,8.3,North,Q1-2023,Normal
DEAL-01241,Vikram Iyer,CLI-0030,DataVault Pro,Email Campaign,Qualification,229215,2023-12-02,,,8.9,East,Q4-2023,Normal
DEAL-00590,Deepika Das,CLI-0107,AI Insights Module,Webinar,Closed Lost,34379,2025-02-19,2025-08-06,168,,East,Q1-2025,Normal
DEAL-00704,Neha Pillai,CLI-0220,AI Insights Module,Trade Show,Prospecting,229664,2024-05-28,,,8.2,North,Q2-2024,Normal
DEAL-00011,Priya Kumar,CLI-0006,DataVault Pro,Organic Search,Closed Won,140402,2023-04-04,2023-09-24,173,24.2,North,Q2-2023,Normal
DEAL-00955,Deepika Das,CLI-0071,DevOps Accelerator,Google Ads,Negotiation,420264,2025-02-25,,,,North,Q1-2025,Normal
DEAL-00107,Meera Reddy,CLI-0076,DataVault Pro,Email Campaign,Qualification,205813,2025-01-07,,,2.9,East,Q1-2025,Normal
DEAL-02062,Rahul Patel,CLI-0144,DataVault Pro,LinkedIn Campaign,Prospecting,213842,2024-04-23,,,,North,Q2-2024,Normal
DEAL-00170,Siddharth Gupta,CLI-0133,AnalyticsEdge,Webinar,Proposal Sent,370430,2023-12-02,,,,West,Q4-2023,Normal
DEAL-01464,Siddharth Joshi,CLI-0267,DataVault Pro,Webinar,Prospecting,223722,2024-05-28,,,,South,Q2-2024,Normal
DEAL-00508,Rahul Patel,CLI-0046,CloudShift Platform,Organic Search,Prospecting,37362,2024-03-26,,,6.4,East,Q1-2024,Normal
DEAL-00428,Vikram Patel,CLI-0210,DevOps Accelerator,Cold Outreach,Qualification,238493,2023-11-27,,,,South,Q4-2023,Normal
DEAL-01317,Amit Pillai,CLI-0128,DevOps Accelerator,Email Campaign,Closed Won,246422,2024-01-17,2024-05-22,126,3,East,Q1-2024,Normal
DEAL-02478,Aditya Pillai,CLI-0084,CloudShift Platform,Cold Outreach,Qualification,139534,2023-04-30,,,,East,Q2-2023,Normal
DEAL-02144,Aditya Pillai,CLI-0269,DataVault Pro,Google Ads,Proposal Sent,458892,2023-03-08,,,4.8,North,Q1-2023,Normal
DEAL-02261,Rahul Patel,CLI-0041,AnalyticsEdge,Trade Show,Proposal Sent,111386,2024-09-11,,,13,East,Q3-2024,Normal
DEAL-00564,Aditya Pillai,CLI-0067,AnalyticsEdge,LinkedIn Campaign,Negotiation,419685,2025-03-19,,,,North,Q1-2025,Normal
DEAL-01661,Siddharth Joshi,CLI-0223,DevOps Accelerator,Webinar,Proposal Sent,273956,2023-06-05,,,10.3,West,Q2-2023,Normal
DEAL-01265,Ananya Sharma,CLI-0160,DevOps Accelerator,Email Campaign,Negotiation,320000,2023-05-24,,,3.9,South,Q2-2023,Normal
DEAL-02052,Rohit Mehta,CLI-0283,DataVault Pro,Cold Outreach,Closed Won,499075,2024-09-29,2025-02-01,125,11.7,North,Q3-2024,Normal
DEAL-01834,Siddharth Gupta,CLI-0104,AI Insights Module,Google Ads,Closed Won,487021,2023-06-20,2023-11-05,138,23.2,North,Q2-2023,Normal
DEAL-01295,Deepika Das,CLI-0236,SecureNet Suite,Trade Show,Closed Won,410997,2024-02-16,2024-06-23,128,9.8,South,Q1-2024,Normal
DEAL-00874,Arjun Rao,CLI-0128,AI Insights Module,Webinar,Closed Won,425448,2023-02-23,2023-05-17,83,16.6,East,Q1-2023,Normal
DEAL-01588,Deepika Das,CLI-0095,AnalyticsEdge,LinkedIn Campaign,Qualification,453582,2024-05-04,,,11.2,North,Q2-2024,Normal
DEAL-01667,Siddharth Gupta,CLI-0024,AnalyticsEdge,Cold Outreach,Qualification,59161,2023-12-04,,,9.4,South,Q4-2023,Normal
DEAL-02412,Vikram Iyer,CLI-0066,AnalyticsEdge,Email Campaign,Closed Won,25739,2023-08-03,2024-01-28,178,9.6,South,Q3-2023,Normal
DEAL-01407,Vikram Patel,CLI-0219,CloudShift Platform,Trade Show,Qualification,80628,2024-05-06,,,3.3,South,Q2-2024,Normal
DEAL-01356,Priya Kumar,CLI-0067,AnalyticsEdge,LinkedIn Campaign,Negotiation,138115,2024-10-19,,,,North,Q4-2024,Normal
DEAL-00894,Deepika Das,CLI-0188,CloudShift Platform,Webinar,Closed Won,221825,2023-03-31,2023-08-09,131,4.5,East,Q1-2023,Normal
DEAL-01466,Neha Pillai,CLI-0114,SecureNet Suite,Email Campaign,Closed Won,70724,2025-03-11,2025-04-21,41,23.4,East,Q1-2025,Normal
DEAL-01940,Unassigned,CLI-0152,SecureNet Suite,Email Campaign,Closed Won,142582,2025-03-30,2025-06-13,75,8.1,West,Q1-2025,Normal
DEAL-00037,Vikram Patel,CLI-0030,SecureNet Suite,Email Campaign,Negotiation,118400,2024-08-17,,,8.1,South,Q3-2024,Normal
DEAL-01132,Riya Das,CLI-0232,AnalyticsEdge,Email Campaign,Negotiation,273535,2025-01-08,,,13.7,West,Q1-2025,Normal
DEAL-01565,Meera Reddy,CLI-0153,AnalyticsEdge,Webinar,Negotiation,66441,2023-07-24,,,,North,Q3-2023,Normal
DEAL-01478,Amit Pillai,CLI-0189,DevOps Accelerator,LinkedIn Campaign,Proposal Sent,187228,2023-10-16,,,12.7,North,Q4-2023,Normal
DEAL-01979,Siddharth Joshi,CLI-0103,CloudShift Platform,Webinar,Closed Won,222954,2024-08-22,2024-09-21,30,16.6,West,Q3-2024,Normal
DEAL-01680,Amit Pillai,CLI-0136,AnalyticsEdge,Referral,Closed Won,55016,2023-12-02,2024-05-12,162,16,South,Q4-2023,Normal
DEAL-01145,Rohit Mehta,CLI-0199,SecureNet Suite,Trade Show,Qualification,368755,2023-07-05,,,1.8,West,Q3-2023,Normal
DEAL-02321,Rahul Patel,CLI-0098,CloudShift Platform,Cold Outreach,Negotiation,110892,2024-11-27,,,3.6,West,Q4-2024,Normal
DEAL-00998,Arjun Rao,CLI-0223,SecureNet Suite,Trade Show,Prospecting,235059,2024-08-25,,,8.2,East,Q3-2024,Normal
DEAL-01259,Rohit Mehta,CLI-0065,DataVault Pro,Cold Outreach,Closed Won,57430,2024-08-16,2024-09-14,29,8.3,West,Q3-2024,Normal
DEAL-00628,Arjun Rao,CLI-0083,SecureNet Suite,Trade Show,Proposal Sent,429450,2024-07-30,,,,South,Q3-2024,Normal
DEAL-01819,Rohit Mehta,CLI-0141,DevOps Accelerator,Referral,Closed Won,478999,2024-09-15,2025-01-07,114,0.8,North,Q3-2024,Normal
DEAL-00652,Vikram Iyer,CLI-0173,DataVault Pro,Email Campaign,Prospecting,118240,2024-11-14,,,2.6,South,Q4-2024,Normal
DEAL-01270,Rahul Patel,CLI-0127,SecureNet Suite,Referral,Closed Lost,344311,2025-01-24,2025-05-14,110,,South,Q1-2025,Normal
DEAL-00279,Deepika Das,CLI-0111,CloudShift Platform,Email Campaign,Prospecting,110907,2023-05-25,,,,South,Q2-2023,Normal
DEAL-02109,Siddharth Joshi,CLI-0024,AnalyticsEdge,Webinar,Qualification,305509,2024-03-07,,,9.9,South,Q1-2024,Normal
DEAL-02103,Arjun Rao,CLI-0175,CloudShift Platform,Trade Show,Closed Won,456898,2023-12-03,2024-03-04,92,12.5,West,Q4-2023,Normal
DEAL-01092,Priya Kumar,CLI-0056,SecureNet Suite,Email Campaign,Closed Won,63262,2024-05-02,2024-10-28,179,12.4,East,Q2-2024,Normal
DEAL-02324,Siddharth Gupta,CLI-0237,CloudShift Platform,Referral,Closed Won,153168,2024-07-28,2024-12-28,153,16.4,North,Q3-2024,Normal
DEAL-00304,Siddharth Joshi,CLI-0141,AI Insights Module,Email Campaign,Closed Won,123091,2024-12-22,2025-04-12,111,20.3,South,Q4-2024,Normal
DEAL-00792,Amit Pillai,CLI-0119,CloudShift Platform,Referral,Qualification,31079,2023-09-13,,,11.2,West,Q3-2023,Normal
DEAL-01362,Vikram Iyer,CLI-0167,CloudShift Platform,Google Ads,Prospecting,446384,2023-10-19,,,,South,Q4-2023,Normal
DEAL-00802,Rohit Mehta,CLI-0192,DevOps Accelerator,Google Ads,Closed Won,64102,2023-05-21,2023-08-03,74,1.1,West,Q2-2023,Normal
DEAL-01256,Arjun Rao,CLI-0075,DataVault Pro,Organic Search,Prospecting,90721,2024-10-29,,,12.1,North,Q4-2024,Normal
DEAL-01908,Vikram Iyer,CLI-0182,AI Insights Module,Email Campaign,Closed Lost,471152,2023-09-26,2024-01-29,125,2.7,North,Q3-2023,Normal
DEAL-01676,Deepika Das,CLI-0131,DataVault Pro,LinkedIn Campaign,Qualification,343540,2024-05-04,,,4.8,East,Q2-2024,Normal
DEAL-00227,Priya Kumar,CLI-0103,SecureNet Suite,Trade Show,Qualification,274671,2023-11-22,,,13.3,East,Q4-2023,Normal
DEAL-01342,Neha Pillai,CLI-0019,AnalyticsEdge,Google Ads,Proposal Sent,17135,2024-01-29,,,1.1,North,Q1-2024,Normal
DEAL-01707,Vikram Patel,CLI-0243,DataVault Pro,Trade Show,Proposal Sent,315803,2023-05-10,,,10.1,South,Q2-2023,Normal
DEAL-00040,Vikram Patel,CLI-0033,DevOps Accelerator,Referral,Negotiation,131064,2024-01-03,,,1.2,South,Q1-2024,Normal
DEAL-02214,Vikram Iyer,CLI-0078,AnalyticsEdge,Trade Show,Closed Won,391636,2023-09-11,2024-03-04,175,2.7,West,Q3-2023,Normal
DEAL-00100,Siddharth Joshi,CLI-0141,DataVault Pro,Trade Show,Qualification,203948,2024-03-25,,,3.7,South,Q1-2024,Normal
DEAL-01334,Vikram Iyer,CLI-0028,DevOps Accelerator,Trade Show,Closed Won,156119,2024-12-11,2024-12-31,20,13.4,North,Q4-2024,Normal
DEAL-02400,Deepika Das,CLI-0227,SecureNet Suite,LinkedIn Campaign,Closed Lost,366544,2024-02-05,2024-07-02,148,1.1,West,Q1-2024,Normal
DEAL-00790,Deepika Das,CLI-0047,DataVault Pro,Google Ads,Proposal Sent,331523,2023-07-17,,,,South,Q3-2023,Normal
DEAL-00334,Meera Reddy,CLI-0224,DevOps Accelerator,Webinar,Closed Won,107968,2025-02-24,2025-04-09,44,24.9,South,Q1-2025,Normal
DEAL-01399,Arjun Rao,CLI-0049,AnalyticsEdge,Google Ads,Closed Lost,34681,2023-05-16,2023-07-26,71,2.2,West,Q2-2023,Normal
DEAL-00312,Priya Kumar,CLI-0116,DataVault Pro,Trade Show,Closed Won,20352,2024-07-03,2024-11-30,150,13,North,Q3-2024,Normal
DEAL-02431,Neha Pillai,CLI-0123,DataVault Pro,Google Ads,Negotiation,154857,2023-04-20,,,8.6,West,Q2-2023,Normal
DEAL-02450,Rahul Patel,CLI-0056,DevOps Accelerator,LinkedIn Campaign,Negotiation,464984,2023-05-06,,,,East,Q2-2023,Normal
DEAL-01923,Meera Reddy,CLI-0041,AI Insights Module,Referral,Closed Won,149439,2023-12-22,2024-06-16,177,12,East,Q4-2023,Normal
DEAL-01208,Vikram Patel,CLI-0277,SecureNet Suite,Trade Show,Prospecting,224870,2023-06-17,,,14.1,South,Q2-2023,Normal
DEAL-00414,Siddharth Gupta,CLI-0251,CloudShift Platform,LinkedIn Campaign,Proposal Sent,121183,2024-05-29,,,6.5,West,Q2-2024,Normal
DEAL-01802,Aditya Pillai,CLI-0172,AI Insights Module,Organic Search,Closed Won,208372,2024-11-23,2025-05-10,168,7.6,West,Q4-2024,Normal
DEAL-02013,Arjun Rao,CLI-0055,DevOps Accelerator,Google Ads,Qualification,464967,2024-09-28,,,4.4,East,Q3-2024,Normal
DEAL-00217,Siddharth Joshi,CLI-0069,AnalyticsEdge,Referral,Closed Lost,187732,2024-11-17,2025-03-25,128,9.7,North,Q4-2024,Normal
DEAL-02154,Aditya Pillai,CLI-0247,DevOps Accelerator,Google Ads,Closed Won,45254,2023-02-20,2023-03-19,27,24.9,West,Q1-2023,Normal
DEAL-02180,Neha Pillai,CLI-0243,SecureNet Suite,Trade Show,Closed Won,470989,2023-04-30,2023-09-04,127,2.5,East,Q2-2023,Normal
DEAL-01701,Meera Reddy,CLI-0086,CloudShift Platform,Organic Search,Negotiation,419255,2024-07-16,,,11.6,West,Q3-2024,Normal
DEAL-00231,Vikram Patel,CLI-0002,DataVault Pro,LinkedIn Campaign,Closed Won,337804,2025-01-05,2025-03-17,71,12.3,East,Q1-2025,Normal
DEAL-01722,Neha Pillai,CLI-0281,CloudShift Platform,Email Campaign,Proposal Sent,491441,2024-08-10,,,3.3,East,Q3-2024,Normal
DEAL-01499,Neha Pillai,CLI-0172,AnalyticsEdge,Trade Show,Closed Won,104016,2023-08-25,2023-11-29,96,15.3,South,Q3-2023,Normal
DEAL-01320,Rohit Mehta,CLI-0107,SecureNet Suite,LinkedIn Campaign,Qualification,1883359,2024-08-11,,,,West,Q3-2024,High Outlier
DEAL-01728,Siddharth Joshi,CLI-0163,DataVault Pro,Google Ads,Qualification,102823,2025-03-21,,,6.3,West,Q1-2025,Normal
DEAL-00666,Priya Kumar,CLI-0066,AnalyticsEdge,Organic Search,Closed Won,110998,2023-07-22,2023-12-10,141,4.7,East,Q3-2023,Normal
DEAL-02498,Meera Reddy,CLI-0174,AnalyticsEdge,Organic Search,Qualification,417062,2024-03-24,,,,West,Q1-2024,Normal
DEAL-01077,Neha Pillai,CLI-0260,DevOps Accelerator,Cold Outreach,Prospecting,92676,2023-01-09,,,15,West,Q1-2023,Normal
DEAL-02198,Meera Reddy,CLI-0256,DataVault Pro,LinkedIn Campaign,Qualification,1482318,2024-08-15,,,5.4,East,Q3-2024,High Outlier
DEAL-02017,Priya Kumar,CLI-0113,CloudShift Platform,Webinar,Negotiation,421778,2023-07-17,,,,North,Q3-2023,Normal
DEAL-00357,Arjun Rao,CLI-0034,AI Insights Module,Webinar,Proposal Sent,214786,2025-03-26,,,11.8,North,Q1-2025,Normal
DEAL-00665,Aditya Pillai,CLI-0065,CloudShift Platform,Webinar,Qualification,401152,2023-07-10,,,1.4,North,Q3-2023,Normal
DEAL-00975,Riya Das,CLI-0047,CloudShift Platform,LinkedIn Campaign,Closed Won,212343,2024-01-24,2024-03-08,44,0.7,West,Q1-2024,Normal
DEAL-00341,Priya Kumar,CLI-0098,DataVault Pro,Webinar,Prospecting,110509,2024-12-29,,,3.8,East,Q4-2024,Normal
DEAL-01150,Ananya Sharma,CLI-0232,AnalyticsEdge,Cold Outreach,Closed Won,279798,2023-11-01,2024-04-22,173,22.5,West,Q4-2023,Normal
DEAL-00639,Neha Pillai,CLI-0230,SecureNet Suite,Google Ads,Closed Won,217339,2025-02-24,2025-07-03,129,17.2,North,Q1-2025,Normal
DEAL-02408,Arjun Rao,CLI-0056,DataVault Pro,Organic Search,Proposal Sent,118047,2023-12-28,,,7.4,East,Q4-2023,Normal
DEAL-01213,Vikram Patel,CLI-0185,DataVault Pro,Google Ads,Closed Lost,355990,2025-03-31,2025-06-26,87,,West,Q1-2025,Normal
DEAL-00622,Vikram Iyer,CLI-0077,SecureNet Suite,Email Campaign,Closed Lost,87531,2023-12-29,2024-01-29,31,,North,Q4-2023,Normal
DEAL-01790,Ananya Sharma,CLI-0077,SecureNet Suite,Cold Outreach,Negotiation,26436,2025-02-01,,,10.8,South,Q1-2025,Normal
DEAL-01216,Vikram Patel,CLI-0156,AI Insights Module,Cold Outreach,Prospecting,390741,2023-01-31,,,1.8,East,Q1-2023,Normal
DEAL-01624,Amit Pillai,CLI-0219,AnalyticsEdge,Google Ads,Prospecting,146766,2023-03-26,,,1.2,South,Q1-2023,Normal
DEAL-00039,Meera Reddy,CLI-0135,SecureNet Suite,Email Campaign,Closed Won,440806,2025-01-26,2025-04-21,85,4.7,South,Q1-2025,Normal
DEAL-00699,Siddharth Joshi,CLI-0093,AI Insights Module,Cold Outreach,Closed Won,116272,2023-01-25,2023-04-19,84,4.7,West,Q1-2023,Normal
DEAL-00638,Ananya Sharma,CLI-0276,AnalyticsEdge,Cold Outreach,Qualification,470681,2023-10-07,,,,West,Q4-2023,Normal
DEAL-00585,Priya Kumar,CLI-0030,SecureNet Suite,Unknown,Proposal Sent,120272,2025-03-29,,,7.6,North,Q1-2025,Normal
DEAL-00914,Deepika Das,CLI-0044,DataVault Pro,Unknown,Qualification,198227,2024-07-06,,,5.5,South,Q3-2024,Normal
DEAL-01468,Siddharth Gupta,CLI-0118,DevOps Accelerator,Google Ads,Negotiation,253459,2023-01-30,,,1.9,North,Q1-2023,Normal
DEAL-01857,Rohit Mehta,CLI-0115,AI Insights Module,Cold Outreach,Closed Won,255228,2023-05-27,2023-10-02,128,8.1,North,Q2-2023,Normal
DEAL-00024,Meera Reddy,CLI-0081,DataVault Pro,LinkedIn Campaign,Closed Won,425710,2024-05-14,2024-10-23,162,2.4,East,Q2-2024,Normal
DEAL-02375,Neha Pillai,CLI-0048,AI Insights Module,Referral,Negotiation,247584,2024-08-27,,,5,West,Q3-2024,Normal
DEAL-02102,Siddharth Joshi,CLI-0129,SecureNet Suite,Webinar,Closed Lost,201433,2024-12-03,2025-04-04,122,11.8,North,Q4-2024,Normal
DEAL-00134,Siddharth Joshi,CLI-0225,DataVault Pro,Unknown,Closed Lost,443492,2025-03-30,2025-06-30,92,10.5,East,Q1-2025,Normal
DEAL-00142,Meera Reddy,CLI-0050,SecureNet Suite,LinkedIn Campaign,Negotiation,282486,2025-02-19,,,,North,Q1-2025,Normal
DEAL-02362,Rohit Mehta,CLI-0067,DevOps Accelerator,Trade Show,Closed Lost,171763,2023-02-18,2023-08-14,177,4,West,Q1-2023,Normal
DEAL-01250,Riya Das,CLI-0033,SecureNet Suite,Google Ads,Qualification,193392,2024-09-19,,,12.3,North,Q3-2024,Normal
DEAL-00657,Deepika Das,CLI-0228,AnalyticsEdge,Webinar,Closed Won,317324,2024-01-07,2024-05-13,127,4.5,North,Q1-2024,Normal
DEAL-02481,Aditya Pillai,CLI-0002,DataVault Pro,Organic Search,Qualification,376050,2024-02-11,,,0.6,East,Q1-2024,Normal
DEAL-00309,Ananya Sharma,CLI-0126,DevOps Accelerator,Trade Show,Closed Lost,338714,2023-09-08,2023-10-01,23,5.9,South,Q3-2023,Normal
DEAL-00566,Arjun Rao,CLI-0137,AnalyticsEdge,Cold Outreach,Negotiation,102553,2024-05-09,,,7.7,East,Q2-2024,Normal
DEAL-00344,Rohit Mehta,CLI-0155,CloudShift Platform,Webinar,Negotiation,320437,2025-03-20,,,7.7,East,Q1-2025,Normal
DEAL-02467,Vikram Patel,CLI-0117,DataVault Pro,Webinar,Proposal Sent,407639,2023-06-10,,,0.1,North,Q2-2023,Normal
DEAL-00850,Unassigned,CLI-0289,AI Insights Module,Cold Outreach,Prospecting,298680,2024-01-23,,,5.2,South,Q1-2024,Normal
DEAL-01343,Deepika Das,CLI-0111,DataVault Pro,Trade Show,Negotiation,35385,2023-02-23,,,,West,Q1-2023,Normal
DEAL-00043,Meera Reddy,CLI-0001,DevOps Accelerator,Google Ads,Negotiation,246773,2023-02-13,,,,West,Q1-2023,Normal
DEAL-00044,Neha Pillai,CLI-0160,DataVault Pro,Cold Outreach,Proposal Sent,473679,2023-10-20,,,6.9,North,Q4-2023,Normal
DEAL-00047,Siddharth Joshi,CLI-0209,AI Insights Module,Trade Show,Closed Won,278260,2023-06-13,2023-10-02,111,1.1,South,Q2-2023,Normal
DEAL-01960,Meera Reddy,CLI-0078,DataVault Pro,Trade Show,Prospecting,280740,2024-02-14,,,,East,Q1-2024,Normal
DEAL-01865,Vikram Patel,CLI-0105,SecureNet Suite,Email Campaign,Closed Won,307819,2024-02-05,2024-02-27,22,18.3,South,Q1-2024,Normal
DEAL-01876,Siddharth Gupta,CLI-0014,SecureNet Suite,Organic Search,Prospecting,223851,2023-12-07,,,6.4,West,Q4-2023,Normal
DEAL-02490,Vikram Iyer,CLI-0131,SecureNet Suite,Referral,Negotiation,128966,2025-03-24,,,4.2,West,Q1-2025,Normal
DEAL-00283,Siddharth Gupta,CLI-0153,AI Insights Module,Email Campaign,Qualification,490316,2023-01-14,,,12.9,East,Q1-2023,Normal
DEAL-00722,Neha Pillai,CLI-0263,AnalyticsEdge,Webinar,Qualification,283289,2025-03-02,,,1.1,West,Q1-2025,Normal
DEAL-02036,Vikram Patel,CLI-0128,DevOps Accelerator,Trade Show,Negotiation,34102,2024-01-14,,,5.7,West,Q1-2024,Normal
DEAL-00292,Deepika Das,CLI-0267,AI Insights Module,LinkedIn Campaign,Prospecting,149502,2023-01-08,,,10,North,Q1-2023,Normal
DEAL-00664,Amit Pillai,CLI-0270,CloudShift Platform,Google Ads,Closed Won,188852,2024-09-24,2024-10-27,33,15.7,West,Q3-2024,Normal
DEAL-01485,Arjun Rao,CLI-0155,AI Insights Module,Organic Search,Proposal Sent,207542,2023-12-15,,,5.6,East,Q4-2023,Normal
DEAL-01885,Vikram Iyer,CLI-0244,SecureNet Suite,Unknown,Proposal Sent,229721,2024-08-16,,,4.9,East,Q3-2024,Normal
DEAL-02341,Amit Pillai,CLI-0097,SecureNet Suite,Referral,Proposal Sent,386379,2023-03-28,,,,South,Q1-2023,Normal
DEAL-02391,Priya Kumar,CLI-0087,AnalyticsEdge,Referral,Prospecting,315729,2024-03-23,,,8.5,South,Q1-2024,Normal
DEAL-02403,Siddharth Joshi,CLI-0060,DataVault Pro,Organic Search,Proposal Sent,221859,2023-05-12,,,,West,Q2-2023,Normal
DEAL-02425,Meera Reddy,CLI-0127,AnalyticsEdge,Email Campaign,Prospecting,345858,2024-10-06,,,10.4,East,Q4-2024,Normal
DEAL-01100,Unassigned,CLI-0115,SecureNet Suite,Email Campaign,Negotiation,314145,2023-01-13,,,,South,Q1-2023,Normal
DEAL-00352,Ananya Sharma,CLI-0254,CloudShift Platform,Google Ads,Closed Lost,65752,2023-12-13,2024-01-18,36,7.2,West,Q4-2023,Normal
DEAL-00089,Rahul Patel,CLI-0092,AI Insights Module,Webinar,Closed Lost,374722,2023-10-29,2024-03-11,134,1.1,East,Q4-2023,Normal
DEAL-00118,Meera Reddy,CLI-0039,SecureNet Suite,LinkedIn Campaign,Qualification,154673,2023-06-01,,,7.4,North,Q2-2023,Normal
DEAL-00842,Riya Das,CLI-0134,DataVault Pro,Trade Show,Prospecting,132550,2024-09-21,,,,East,Q3-2024,Normal
DEAL-01944,Aditya Pillai,CLI-0228,AI Insights Module,Trade Show,Proposal Sent,198986,2023-04-30,,,,North,Q2-2023,Normal
DEAL-00785,Vikram Patel,CLI-0281,DataVault Pro,LinkedIn Campaign,Closed Lost,498327,2024-09-05,2024-10-15,40,,East,Q3-2024,Normal
DEAL-00439,Aditya Pillai,CLI-0126,AnalyticsEdge,Webinar,Proposal Sent,409826,2024-02-08,,,1,West,Q1-2024,Normal
DEAL-00122,Amit Pillai,CLI-0284,DataVault Pro,Referral,Qualification,176003,2024-03-27,,,,North,Q1-2024,Normal
DEAL-02389,Neha Pillai,CLI-0150,AnalyticsEdge,Google Ads,Qualification,1090695,2025-03-30,,,,West,Q1-2025,High Outlier
DEAL-02234,Priya Kumar,CLI-0072,AI Insights Module,Webinar,Negotiation,25864,2024-05-22,,,4.7,North,Q2-2024,Normal
DEAL-02440,Vikram Iyer,CLI-0287,CloudShift Platform,Webinar,Proposal Sent,323051,2023-06-29,,,5.7,West,Q2-2023,Normal
DEAL-01227,Siddharth Joshi,CLI-0135,CloudShift Platform,LinkedIn Campaign,Closed Won,479053,2023-05-29,2023-09-20,114,12,North,Q2-2023,Normal
DEAL-00416,Rohit Mehta,CLI-0032,CloudShift Platform,Google Ads,Negotiation,135182,2023-04-14,,,4.1,West,Q2-2023,Normal
DEAL-00120,Aditya Pillai,CLI-0148,AI Insights Module,Organic Search,Negotiation,359099,2024-07-15,,,6.7,South,Q3-2024,Normal
DEAL-00251,Deepika Das,CLI-0212,DevOps Accelerator,Trade Show,Closed Won,424514,2023-02-07,2023-04-16,68,5.1,South,Q1-2023,Normal
DEAL-01160,Neha Pillai,CLI-0003,AnalyticsEdge,Referral,Proposal Sent,220793,2024-03-26,,,1.2,West,Q1-2024,Normal
DEAL-01793,Deepika Das,CLI-0045,DevOps Accelerator,Trade Show,Proposal Sent,152328,2024-02-01,,,2.3,South,Q1-2024,Normal
DEAL-00782,Siddharth Gupta,CLI-0256,AI Insights Module,Google Ads,Closed Lost,461939,2023-05-18,2023-06-26,39,,South,Q2-2023,Normal
DEAL-00959,Vikram Patel,CLI-0233,DevOps Accelerator,Trade Show,Closed Lost,13208,2024-07-03,2024-07-21,18,8.8,West,Q3-2024,Normal
DEAL-01054,Arjun Rao,CLI-0060,DataVault Pro,Trade Show,Closed Won,423092,2025-02-21,2025-07-15,144,20.7,South,Q1-2025,Normal
DEAL-00753,Aditya Pillai,CLI-0239,SecureNet Suite,Trade Show,Qualification,33075,2023-05-17,,,2.9,West,Q2-2023,Normal
DEAL-00479,Riya Das,CLI-0051,SecureNet Suite,Cold Outreach,Closed Lost,405034,2023-08-26,2023-11-20,86,3.1,South,Q3-2023,Normal
DEAL-01060,Vikram Iyer,CLI-0295,CloudShift Platform,Organic Search,Qualification,475818,2023-08-14,,,,North,Q3-2023,Normal
DEAL-00061,Vikram Iyer,CLI-0284,DataVault Pro,Organic Search,Closed Lost,394010,2023-11-14,2024-02-20,98,13.1,South,Q4-2023,Normal
DEAL-01605,Meera Reddy,CLI-0168,CloudShift Platform,Trade Show,Qualification,323646,2023-09-22,,,,East,Q3-2023,Normal
DEAL-01936,Siddharth Joshi,CLI-0243,DevOps Accelerator,Webinar,Prospecting,446328,2024-05-18,,,,South,Q2-2024,Normal
DEAL-00294,Meera Reddy,CLI-0077,SecureNet Suite,Organic Search,Closed Won,11617,2024-12-16,2025-04-12,117,22.2,South,Q4-2024,Normal
DEAL-00813,Riya Das,CLI-0160,DevOps Accelerator,LinkedIn Campaign,Qualification,299552,2024-06-21,,,,East,Q2-2024,Normal
DEAL-01922,Meera Reddy,CLI-0150,AI Insights Module,Referral,Qualification,275194,2024-05-09,,,,East,Q2-2024,Normal
DEAL-00117,Vikram Iyer,CLI-0065,AnalyticsEdge,Cold Outreach,Negotiation,203014,2024-12-10,,,12.1,North,Q4-2024,Normal
DEAL-01211,Siddharth Gupta,CLI-0217,CloudShift Platform,Trade Show,Closed Lost,67070,2023-11-07,2024-03-29,143,14.9,South,Q4-2023,Normal
DEAL-01761,Riya Das,CLI-0236,CloudShift Platform,Organic Search,Qualification,136734,2024-12-28,,,1.7,South,Q4-2024,Normal
DEAL-00157,Meera Reddy,CLI-0137,DevOps Accelerator,Email Campaign,Closed Won,297080,2023-01-20,2023-07-14,175,21.6,West,Q1-2023,Normal
DEAL-01451,Siddharth Joshi,CLI-0269,CloudShift Platform,Cold Outreach,Closed Won,493760,2023-02-09,2023-04-03,53,20.8,West,Q1-2023,Normal
DEAL-00540,Vikram Patel,CLI-0151,DevOps Accelerator,Referral,Closed Won,35601,2024-04-29,2024-07-08,70,10.9,South,Q2-2024,Normal
DEAL-02031,Siddharth Gupta,CLI-0194,CloudShift Platform,Trade Show,Closed Won,372970,2023-09-26,2024-01-06,102,14.9,South,Q3-2023,Normal
DEAL-02372,Rohit Mehta,CLI-0071,AnalyticsEdge,Google Ads,Closed Lost,288260,2024-07-18,2025-01-10,176,9.5,North,Q3-2024,Normal
DEAL-00645,Vikram Iyer,CLI-0070,DevOps Accelerator,Webinar,Closed Won,178640,2023-05-27,2023-07-07,41,0.1,North,Q2-2023,Normal
DEAL-01924,Rahul Patel,CLI-0133,AnalyticsEdge,Google Ads,Prospecting,183325,2024-06-27,,,5.3,South,Q2-2024,Normal
DEAL-01974,Aditya Pillai,CLI-0103,CloudShift Platform,Referral,Prospecting,82624,2023-11-30,,,5.7,West,Q4-2023,Normal
DEAL-01874,Rohit Mehta,CLI-0006,CloudShift Platform,Webinar,Negotiation,393998,2023-01-15,,,12.6,West,Q1-2023,Normal
DEAL-00775,Rahul Patel,CLI-0282,AI Insights Module,Referral,Prospecting,235181,2024-10-24,,,3.7,North,Q4-2024,Normal
DEAL-00299,Riya Das,CLI-0281,AnalyticsEdge,Cold Outreach,Qualification,145071,2024-11-17,,,,West,Q4-2024,Normal
DEAL-00516,Priya Kumar,CLI-0121,CloudShift Platform,Webinar,Proposal Sent,154454,2024-12-06,,,,North,Q4-2024,Normal
DEAL-02459,Priya Kumar,CLI-0164,AnalyticsEdge,Trade Show,Qualification,206789,2025-02-08,,,14.6,East,Q1-2025,Normal
DEAL-00702,Riya Das,CLI-0174,AI Insights Module,Trade Show,Proposal Sent,236341,2023-09-17,,,13.3,East,Q3-2023,Normal
DEAL-02336,Siddharth Joshi,CLI-0190,AnalyticsEdge,Email Campaign,Negotiation,69212,2024-04-24,,,11.9,West,Q2-2024,Normal
DEAL-01479,Meera Reddy,CLI-0217,DataVault Pro,Cold Outreach,Qualification,247071,2025-02-20,,,3.2,East,Q1-2025,Normal
DEAL-01859,Unassigned,CLI-0099,CloudShift Platform,Referral,Proposal Sent,236819,2023-03-14,,,1.9,South,Q1-2023,Normal
DEAL-01212,Vikram Patel,CLI-0244,SecureNet Suite,Trade Show,Closed Lost,405260,2023-06-06,2023-07-19,43,5,East,Q2-2023,Normal
DEAL-02407,Unassigned,CLI-0033,CloudShift Platform,Trade Show,Qualification,367655,2024-06-20,,,5.4,West,Q2-2024,Normal
DEAL-01460,Meera Reddy,CLI-0030,SecureNet Suite,Referral,Closed Lost,26056,2024-08-28,2025-02-19,175,5.1,West,Q3-2024,Normal
DEAL-01104,Riya Das,CLI-0135,DataVault Pro,Google Ads,Qualification,176590,2024-11-11,,,10.5,West,Q4-2024,Normal
DEAL-01820,Amit Pillai,CLI-0013,SecureNet Suite,Email Campaign,Closed Won,72097,2023-05-05,2023-08-27,114,0.6,South,Q2-2023,Normal
DEAL-00673,Arjun Rao,CLI-0289,AI Insights Module,Webinar,Qualification,106421,2023-01-17,,,,East,Q1-2023,Normal
DEAL-00367,Meera Reddy,CLI-0191,CloudShift Platform,Organic Search,Closed Won,112094,2023-04-17,2023-05-21,34,19.5,East,Q2-2023,Normal
DEAL-00081,Priya Kumar,CLI-0197,AI Insights Module,Cold Outreach,Prospecting,258072,2024-08-09,,,0.8,North,Q3-2024,Normal
DEAL-00602,Priya Kumar,CLI-0103,AI Insights Module,Cold Outreach,Qualification,394544,2023-03-10,,,0.9,South,Q1-2023,Normal
DEAL-01454,Siddharth Gupta,CLI-0287,CloudShift Platform,LinkedIn Campaign,Closed Won,70820,2023-05-19,2023-06-28,40,7.7,North,Q2-2023,Normal
DEAL-00725,Vikram Patel,CLI-0104,DevOps Accelerator,Referral,Proposal Sent,484905,2023-09-03,,,8.5,East,Q3-2023,Normal
DEAL-01376,Amit Pillai,CLI-0146,CloudShift Platform,Webinar,Proposal Sent,211426,2023-01-08,,,1.5,East,Q1-2023,Normal
DEAL-01807,Rohit Mehta,CLI-0291,AnalyticsEdge,Cold Outreach,Proposal Sent,338931,2024-06-21,,,6.7,South,Q2-2024,Normal
DEAL-01539,Vikram Iyer,CLI-0262,CloudShift Platform,Cold Outreach,Qualification,231349,2024-04-30,,,15,East,Q2-2024,Normal
DEAL-01692,Arjun Rao,CLI-0265,SecureNet Suite,Google Ads,Negotiation,373821,2023-04-26,,,5.2,West,Q2-2023,Normal
DEAL-02138,Meera Reddy,CLI-0020,AnalyticsEdge,Unknown,Proposal Sent,32667,2023-07-26,,,6,East,Q3-2023,Normal
DEAL-00206,Amit Pillai,CLI-0197,AI Insights Module,Organic Search,Closed Lost,14143,2024-06-24,2024-12-12,171,10.5,South,Q2-2024,Normal
DEAL-02040,Rohit Mehta,CLI-0245,AI Insights Module,Webinar,Qualification,76519,2024-12-29,,,1.9,South,Q4-2024,Normal
DEAL-00670,Arjun Rao,CLI-0022,SecureNet Suite,Organic Search,Closed Won,327459,2023-03-09,2023-08-16,160,21,West,Q1-2023,Normal
DEAL-00499,Priya Kumar,CLI-0222,DataVault Pro,Google Ads,Proposal Sent,306386,2023-01-06,,,,West,Q1-2023,Normal
DEAL-00920,Neha Pillai,CLI-0056,DevOps Accelerator,Referral,Qualification,219001,2023-04-03,,,7.3,North,Q2-2023,Normal
DEAL-02271,Arjun Rao,CLI-0248,CloudShift Platform,Trade Show,Prospecting,271472,2024-01-22,,,,South,Q1-2024,Normal
DEAL-01335,Siddharth Gupta,CLI-0079,AnalyticsEdge,Cold Outreach,Closed Won,381874,2023-07-28,2023-10-11,75,10.4,South,Q3-2023,Normal
DEAL-00761,Rahul Patel,CLI-0004,SecureNet Suite,Organic Search,Closed Won,55885,2023-11-14,2024-02-21,99,24.9,North,Q4-2023,Normal
DEAL-00985,Amit Pillai,CLI-0083,DevOps Accelerator,Organic Search,Closed Lost,48188,2024-01-05,2024-04-14,100,,West,Q1-2024,Normal
DEAL-00973,Rohit Mehta,CLI-0208,AI Insights Module,Referral,Negotiation,95319,2023-09-01,,,,North,Q3-2023,Normal
DEAL-00818,Ananya Sharma,CLI-0019,DevOps Accelerator,Email Campaign,Proposal Sent,283794,2023-03-20,,,2.3,East,Q1-2023,Normal
DEAL-01179,Siddharth Joshi,CLI-0001,SecureNet Suite,Referral,Proposal Sent,295056,2023-01-11,,,5.1,East,Q1-2023,Normal
DEAL-01547,Arjun Rao,CLI-0083,AI Insights Module,Webinar,Proposal Sent,321618,2023-07-05,,,7.8,West,Q3-2023,Normal
DEAL-01236,Vikram Iyer,CLI-0013,AnalyticsEdge,Google Ads,Qualification,265158,2023-08-22,,,8,West,Q3-2023,Normal
DEAL-01448,Neha Pillai,CLI-0224,DevOps Accelerator,Cold Outreach,Closed Won,27766,2023-03-25,2023-05-28,64,6.8,East,Q1-2023,Normal
DEAL-01705,Priya Kumar,CLI-0212,DevOps Accelerator,Google Ads,Qualification,412466,2024-11-14,,,,West,Q4-2024,Normal
DEAL-00408,Neha Pillai,CLI-0242,CloudShift Platform,Google Ads,Closed Lost,49343,2024-12-05,2025-05-25,171,5.7,South,Q4-2024,Normal
DEAL-00332,Deepika Das,CLI-0036,AnalyticsEdge,Webinar,Proposal Sent,410761,2024-02-14,,,7.5,West,Q1-2024,Normal
DEAL-00908,Arjun Rao,CLI-0043,AI Insights Module,Webinar,Qualification,92525,2024-12-04,,,13.9,West,Q4-2024,Normal
DEAL-01896,Priya Kumar,CLI-0114,CloudShift Platform,LinkedIn Campaign,Prospecting,363674,2024-04-26,,,5.5,West,Q2-2024,Normal
DEAL-00254,Vikram Iyer,CLI-0282,AI Insights Module,LinkedIn Campaign,Closed Won,495808,2023-05-02,2023-06-04,33,13.7,East,Q2-2023,Normal
DEAL-01057,Rohit Mehta,CLI-0284,DataVault Pro,Webinar,Closed Lost,1022571,2025-02-11,2025-07-31,170,15,South,Q1-2025,High Outlier
DEAL-01363,Priya Kumar,CLI-0043,DataVault Pro,Email Campaign,Proposal Sent,254770,2023-03-19,,,6.2,North,Q1-2023,Normal
DEAL-01655,Riya Das,CLI-0031,DevOps Accelerator,Email Campaign,Closed Won,136962,2023-02-23,2023-08-07,165,2.5,North,Q1-2023,Normal
DEAL-01028,Meera Reddy,CLI-0262,CloudShift Platform,Referral,Qualification,47244,2024-10-29,,,2.4,West,Q4-2024,Normal
DEAL-00535,Aditya Pillai,CLI-0276,DataVault Pro,Email Campaign,Proposal Sent,253669,2023-05-05,,,13,North,Q2-2023,Normal
DEAL-01957,Meera Reddy,CLI-0141,DevOps Accelerator,Trade Show,Closed Won,383141,2024-02-07,2024-04-21,74,2.2,North,Q1-2024,Normal
DEAL-01628,Priya Kumar,CLI-0251,DataVault Pro,Trade Show,Prospecting,445913,2024-08-24,,,2.5,West,Q3-2024,Normal
DEAL-00442,Meera Reddy,CLI-0046,CloudShift Platform,Google Ads,Closed Won,70017,2025-02-06,2025-03-11,33,9.4,North,Q1-2025,Normal
DEAL-01233,Riya Das,CLI-0235,SecureNet Suite,LinkedIn Campaign,Qualification,320522,2024-07-30,,,,East,Q3-2024,Normal
DEAL-01808,Priya Kumar,CLI-0245,CloudShift Platform,Webinar,Closed Won,222085,2023-03-14,2023-03-30,16,0.4,South,Q1-2023,Normal
DEAL-00394,Rahul Patel,CLI-0084,SecureNet Suite,Webinar,Prospecting,269126,2023-08-01,,,5.9,North,Q3-2023,Normal
DEAL-00873,Rahul Patel,CLI-0185,AnalyticsEdge,Email Campaign,Closed Won,90695,2023-05-13,2023-08-17,96,4.9,North,Q2-2023,Normal
DEAL-00006,Vikram Iyer,CLI-0219,DataVault Pro,LinkedIn Campaign,Proposal Sent,75556,2025-01-14,,,,North,Q1-2025,Normal
DEAL-02356,Vikram Patel,CLI-0170,SecureNet Suite,LinkedIn Campaign,Closed Won,473485,2023-11-10,2024-01-16,67,7.3,South,Q4-2023,Normal
DEAL-00982,Aditya Pillai,CLI-0142,DevOps Accelerator,Trade Show,Qualification,328207,2023-01-16,,,7.9,North,Q1-2023,Normal
DEAL-02079,Siddharth Gupta,CLI-0152,DataVault Pro,Email Campaign,Closed Won,193184,2023-02-03,2023-06-21,138,9.4,South,Q1-2023,Normal
DEAL-01650,Priya Kumar,CLI-0285,AnalyticsEdge,Cold Outreach,Closed Lost,463261,2023-11-06,2023-12-15,39,14.5,North,Q4-2023,Normal
DEAL-01513,Meera Reddy,CLI-0033,DevOps Accelerator,Referral,Negotiation,63912,2023-04-20,,,5.5,West,Q2-2023,Normal
DEAL-00173,Deepika Das,CLI-0044,DataVault Pro,Referral,Qualification,461903,2023-09-30,,,4.3,South,Q3-2023,Normal
DEAL-01516,Siddharth Gupta,CLI-0017,DataVault Pro,Webinar,Proposal Sent,213369,2023-05-26,,,1.4,West,Q2-2023,Normal
DEAL-00350,Rahul Patel,CLI-0061,AI Insights Module,Referral,Prospecting,47774,2024-04-10,,,13.6,North,Q2-2024,Normal
DEAL-00592,Aditya Pillai,CLI-0130,AnalyticsEdge,Email Campaign,Closed Won,456676,2023-05-09,2023-07-19,71,20.1,South,Q2-2023,Normal
DEAL-00229,Vikram Iyer,CLI-0118,AnalyticsEdge,LinkedIn Campaign,Closed Won,350313,2024-07-05,2024-07-27,22,20.4,West,Q3-2024,Normal
DEAL-02206,Vikram Patel,CLI-0047,SecureNet Suite,LinkedIn Campaign,Closed Won,491136,2023-03-11,2023-08-01,143,1.9,East,Q1-2023,Normal
DEAL-01968,Aditya Pillai,CLI-0242,SecureNet Suite,Unknown,Closed Won,398958,2024-05-02,2024-08-15,105,3.3,East,Q2-2024,Normal
DEAL-00460,Riya Das,CLI-0245,DevOps Accelerator,Email Campaign,Proposal Sent,387078,2024-06-15,,,3.9,West,Q2-2024,Normal
DEAL-01996,Aditya Pillai,CLI-0211,DevOps Accelerator,Organic Search,Closed Won,147926,2023-05-16,2023-10-12,149,5.3,North,Q2-2023,Normal
DEAL-01067,Ananya Sharma,CLI-0095,AI Insights Module,Cold Outreach,Qualification,325945,2025-02-27,,,5.7,North,Q1-2025,Normal
DEAL-01907,Neha Pillai,CLI-0084,AnalyticsEdge,Cold Outreach,Closed Won,293027,2023-11-09,2024-03-01,113,4.4,South,Q4-2023,Normal
DEAL-01731,Deepika Das,CLI-0056,CloudShift Platform,LinkedIn Campaign,Qualification,263816,2024-08-12,,,7.1,West,Q3-2024,Normal
DEAL-00058,Aditya Pillai,CLI-0299,DevOps Accelerator,Google Ads,Qualification,369395,2025-03-25,,,5.3,East,Q1-2025,Normal
DEAL-00922,Siddharth Joshi,CLI-0224,CloudShift Platform,Email Campaign,Closed Won,184136,2023-02-18,2023-05-17,88,13.3,East,Q1-2023,Normal
DEAL-01422,Vikram Iyer,CLI-0128,AnalyticsEdge,Webinar,Qualification,487419,2024-08-09,,,0,South,Q3-2024,Normal
DEAL-01847,Meera Reddy,CLI-0088,DevOps Accelerator,Trade Show,Closed Won,257068,2023-11-09,2023-11-26,17,21.5,East,Q4-2023,Normal
DEAL-02310,Meera Reddy,CLI-0134,SecureNet Suite,LinkedIn Campaign,Proposal Sent,402463,2023-07-25,,,5,West,Q3-2023,Normal
DEAL-00219,Ananya Sharma,CLI-0207,DataVault Pro,Google Ads,Proposal Sent,117901,2024-12-23,,,12.6,North,Q4-2024,Normal
DEAL-02169,Rohit Mehta,CLI-0228,DevOps Accelerator,Organic Search,Negotiation,194726,2023-07-10,,,,South,Q3-2023,Normal
DEAL-01585,Siddharth Gupta,CLI-0278,CloudShift Platform,LinkedIn Campaign,Closed Won,428668,2024-01-06,2024-03-27,81,10.5,West,Q1-2024,Normal
DEAL-01447,Meera Reddy,CLI-0036,DataVault Pro,Referral,Proposal Sent,324615,2023-04-18,,,,East,Q2-2023,Normal
DEAL-01225,Vikram Patel,CLI-0197,DataVault Pro,Referral,Closed Lost,107634,2023-05-05,2023-08-28,115,11.8,West,Q2-2023,Normal
DEAL-01164,Rahul Patel,CLI-0055,CloudShift Platform,Trade Show,Closed Won,144440,2024-12-22,2025-04-21,120,22.3,West,Q4-2024,Normal
DEAL-01727,Arjun Rao,CLI-0199,AnalyticsEdge,Cold Outreach,Qualification,180182,2024-11-02,,,12.6,West,Q4-2024,Normal
DEAL-02291,Priya Kumar,CLI-0112,CloudShift Platform,Referral,Negotiation,356244,2023-04-14,,,,East,Q2-2023,Normal
DEAL-00094,Siddharth Gupta,CLI-0197,AnalyticsEdge,Google Ads,Closed Won,349253,2024-07-01,2024-10-11,102,11.5,East,Q3-2024,Normal
DEAL-02395,Riya Das,CLI-0206,AnalyticsEdge,Email Campaign,Negotiation,183137,2023-01-10,,,11.8,West,Q1-2023,Normal
DEAL-00169,Deepika Das,CLI-0153,CloudShift Platform,Trade Show,Qualification,170194,2023-03-26,,,,South,Q1-2023,Normal
DEAL-01895,Deepika Das,CLI-0103,AI Insights Module,Organic Search,Prospecting,900800,2023-06-02,,,,West,Q2-2023,Normal
DEAL-00222,Rahul Patel,CLI-0056,SecureNet Suite,Cold Outreach,Proposal Sent,443974,2023-02-23,,,3,South,Q1-2023,Normal
DEAL-00929,Deepika Das,CLI-0162,AI Insights Module,LinkedIn Campaign,Qualification,319496,2023-05-04,,,12.2,East,Q2-2023,Normal
DEAL-00069,Aditya Pillai,CLI-0185,DataVault Pro,LinkedIn Campaign,Proposal Sent,384484,2023-11-30,,,,East,Q4-2023,Normal
DEAL-00760,Amit Pillai,CLI-0190,CloudShift Platform,Unknown,Prospecting,1933238,2024-03-14,,,,South,Q1-2024,High Outlier
DEAL-01589,Riya Das,CLI-0245,AI Insights Module,Trade Show,Closed Lost,168296,2024-02-05,2024-05-27,112,6.4,North,Q1-2024,Normal
DEAL-01069,Aditya Pillai,CLI-0106,SecureNet Suite,Email Campaign,Prospecting,1682617,2024-07-28,,,7,West,Q3-2024,High Outlier
DEAL-02248,Rahul Patel,CLI-0068,AnalyticsEdge,Email Campaign,Negotiation,153082,2024-10-01,,,3.2,South,Q4-2024,Normal
DEAL-01905,Deepika Das,CLI-0023,AI Insights Module,Cold Outreach,Closed Won,456390,2025-02-16,2025-03-13,25,3.7,West,Q1-2025,Normal
DEAL-02038,Amit Pillai,CLI-0107,CloudShift Platform,Organic Search,Closed Won,283930,2023-11-13,2024-04-29,168,1.6,South,Q4-2023,Normal
DEAL-01458,Meera Reddy,CLI-0006,AI Insights Module,Trade Show,Closed Lost,107279,2024-02-21,2024-07-25,155,,East,Q1-2024,Normal
DEAL-00803,Ananya Sharma,CLI-0047,AnalyticsEdge,Webinar,Qualification,122477,2023-04-10,,,,West,Q2-2023,Normal
DEAL-01649,Vikram Patel,CLI-0084,CloudShift Platform,Google Ads,Closed Lost,401278,2023-06-20,2023-08-31,72,,East,Q2-2023,Normal
DEAL-01653,Amit Pillai,CLI-0136,AnalyticsEdge,Email Campaign,Proposal Sent,335495,2024-07-04,,,3.1,South,Q3-2024,Normal
DEAL-00005,Meera Reddy,CLI-0145,CloudShift Platform,Unknown,Qualification,67858,2024-09-24,,,6.8,West,Q3-2024,Normal
DEAL-00411,Ananya Sharma,CLI-0290,AnalyticsEdge,Trade Show,Qualification,64806,2024-08-27,,,11.4,East,Q3-2024,Normal
DEAL-00646,Siddharth Joshi,CLI-0162,AI Insights Module,Google Ads,Negotiation,1799142,2024-08-08,,,,West,Q3-2024,High Outlier
DEAL-00675,Siddharth Joshi,CLI-0014,AI Insights Module,Email Campaign,Closed Won,84175,2024-05-21,2024-07-30,70,0.3,East,Q2-2024,Normal
DEAL-01014,Unassigned,CLI-0015,CloudShift Platform,Google Ads,Negotiation,347196,2024-03-07,,,,South,Q1-2024,Normal
DEAL-00015,Siddharth Gupta,CLI-0017,SecureNet Suite,LinkedIn Campaign,Closed Won,292568,2023-07-14,2023-12-10,149,19.1,South,Q3-2023,Normal
DEAL-00623,Rahul Patel,CLI-0052,DataVault Pro,Email Campaign,Proposal Sent,375536,2023-12-05,,,3.5,West,Q4-2023,Normal
DEAL-02366,Neha Pillai,CLI-0060,DataVault Pro,Webinar,Qualification,100519,2024-02-05,,,,East,Q1-2024,Normal
DEAL-01331,Siddharth Joshi,CLI-0010,SecureNet Suite,Email Campaign,Proposal Sent,386603,2024-02-06,,,,North,Q1-2024,Normal
DEAL-00071,Siddharth Joshi,CLI-0123,AnalyticsEdge,LinkedIn Campaign,Negotiation,252697,2023-04-10,,,,West,Q2-2023,Normal
DEAL-00943,Rohit Mehta,CLI-0183,AnalyticsEdge,Webinar,Closed Lost,217192,2025-02-09,2025-07-08,149,8.6,North,Q1-2025,Normal
DEAL-01133,Arjun Rao,CLI-0050,AI Insights Module,Referral,Proposal Sent,475859,2023-02-18,,,3.5,East,Q1-2023,Normal
DEAL-01656,Vikram Patel,CLI-0079,CloudShift Platform,Cold Outreach,Closed Won,56200,2023-03-27,2023-07-05,100,8.9,South,Q1-2023,Normal
DEAL-01134,Arjun Rao,CLI-0061,AnalyticsEdge,Cold Outreach,Closed Won,231217,2024-02-15,2024-06-04,110,23.5,West,Q1-2024,Normal
DEAL-00647,Aditya Pillai,CLI-0137,SecureNet Suite,Email Campaign,Negotiation,481113,2024-07-03,,,,East,Q3-2024,Normal
DEAL-00570,Deepika Das,CLI-0104,AnalyticsEdge,Cold Outreach,Qualification,147811,2023-11-07,,,5.6,East,Q4-2023,Normal
DEAL-01386,Vikram Iyer,CLI-0254,DataVault Pro,Organic Search,Negotiation,330090,2023-01-18,,,7,South,Q1-2023,Normal
DEAL-01147,Deepika Das,CLI-0068,AI Insights Module,Trade Show,Closed Lost,320635,2024-08-25,2024-09-25,31,3.4,South,Q3-2024,Normal
DEAL-01129,Siddharth Joshi,CLI-0167,CloudShift Platform,Referral,Closed Lost,431788,2024-05-09,2024-08-10,93,,West,Q2-2024,Normal
DEAL-00417,Riya Das,CLI-0212,AnalyticsEdge,Referral,Qualification,116732,2023-10-22,,,,North,Q4-2023,Normal
DEAL-02042,Amit Pillai,CLI-0156,AI Insights Module,Email Campaign,Closed Lost,262556,2024-07-11,2024-09-02,53,4.6,North,Q3-2024,Normal
DEAL-00906,Riya Das,CLI-0184,CloudShift Platform,Webinar,Closed Won,97807,2025-01-17,2025-07-01,165,16.6,North,Q1-2025,Normal
DEAL-00940,Neha Pillai,CLI-0189,DataVault Pro,Cold Outreach,Closed Won,473872,2024-03-07,2024-09-01,178,15.2,West,Q1-2024,Normal
DEAL-01937,Ananya Sharma,CLI-0153,AnalyticsEdge,Trade Show,Closed Won,472268,2023-07-27,2023-08-17,21,19.4,South,Q3-2023,Normal
DEAL-00248,Riya Das,CLI-0177,DataVault Pro,Referral,Negotiation,374041,2024-09-05,,,6.4,North,Q3-2024,Normal
DEAL-00872,Rahul Patel,CLI-0152,DevOps Accelerator,Email Campaign,Proposal Sent,419074,2024-09-20,,,1,West,Q3-2024,Normal
DEAL-00720,Amit Pillai,CLI-0243,AnalyticsEdge,LinkedIn Campaign,Negotiation,139534,2024-02-28,,,12.6,South,Q1-2024,Normal
DEAL-02437,Rohit Mehta,CLI-0060,DataVault Pro,Google Ads,Negotiation,192583,2024-07-26,,,1.2,South,Q3-2024,Normal
DEAL-00624,Siddharth Gupta,CLI-0111,DevOps Accelerator,Google Ads,Closed Won,197878,2025-03-04,2025-04-06,33,13.2,South,Q1-2025,Normal
DEAL-00682,Vikram Iyer,CLI-0129,SecureNet Suite,Referral,Closed Won,231769,2023-01-12,2023-04-13,91,3.6,North,Q1-2023,Normal
DEAL-02078,Siddharth Gupta,CLI-0261,AnalyticsEdge,Email Campaign,Qualification,1372299,2024-11-26,,,12.5,West,Q4-2024,High Outlier
DEAL-00487,Neha Pillai,CLI-0245,AnalyticsEdge,Email Campaign,Proposal Sent,357297,2023-06-30,,,7,North,Q2-2023,Normal
DEAL-01791,Rohit Mehta,CLI-0055,DevOps Accelerator,Email Campaign,Qualification,207922,2023-08-08,,,0.2,East,Q3-2023,Normal
DEAL-01383,Riya Das,CLI-0230,DataVault Pro,Cold Outreach,Proposal Sent,90140,2023-04-23,,,3.1,East,Q2-2023,Normal
DEAL-01884,Arjun Rao,CLI-0128,DataVault Pro,Webinar,Qualification,356152,2024-12-11,,,,North,Q4-2024,Normal
DEAL-00325,Priya Kumar,CLI-0111,AI Insights Module,Trade Show,Closed Won,403041,2025-01-26,2025-06-25,150,1.1,West,Q1-2025,Normal
DEAL-01618,Ananya Sharma,CLI-0258,DevOps Accelerator,Referral,Closed Lost,144927,2024-01-15,2024-02-25,41,11.1,East,Q1-2024,Normal
DEAL-01984,Neha Pillai,CLI-0149,AI Insights Module,Cold Outreach,Closed Won,217076,2023-05-17,2023-09-18,124,9,East,Q2-2023,Normal
DEAL-02210,Rahul Patel,CLI-0012,AI Insights Module,Email Campaign,Closed Won,86934,2023-05-11,2023-07-24,74,8.9,West,Q2-2023,Normal
DEAL-00829,Amit Pillai,CLI-0004,DataVault Pro,Referral,Closed Lost,119543,2023-12-30,2024-03-03,64,3.9,North,Q4-2023,Normal
DEAL-02197,Amit Pillai,CLI-0047,AnalyticsEdge,Email Campaign,Proposal Sent,389172,2025-03-03,,,13.5,West,Q1-2025,Normal
DEAL-00373,Vikram Iyer,CLI-0027,AnalyticsEdge,LinkedIn Campaign,Negotiation,98980,2023-06-15,,,1,East,Q2-2023,Normal
DEAL-00474,Priya Kumar,CLI-0075,CloudShift Platform,Webinar,Negotiation,287510,2024-03-08,,,5.3,South,Q1-2024,Normal
DEAL-00905,Riya Das,CLI-0229,AI Insights Module,LinkedIn Campaign,Closed Won,458363,2023-11-25,2024-01-07,43,8.7,South,Q4-2023,Normal
DEAL-00036,Siddharth Gupta,CLI-0061,AI Insights Module,Webinar,Prospecting,210386,2024-11-25,,,9.2,South,Q4-2024,Normal
DEAL-00168,Priya Kumar,CLI-0144,DevOps Accelerator,LinkedIn Campaign,Proposal Sent,325682,2024-07-14,,,11.1,North,Q3-2024,Normal
DEAL-01192,Priya Kumar,CLI-0288,AI Insights Module,Webinar,Closed Lost,198365,2023-01-02,2023-03-11,68,,West,Q1-2023,Normal
DEAL-02048,Priya Kumar,CLI-0242,DevOps Accelerator,Webinar,Negotiation,269598,2024-12-24,,,10.4,North,Q4-2024,Normal
DEAL-00819,Deepika Das,CLI-0097,DevOps Accelerator,Trade Show,Negotiation,33145,2023-01-03,,,9.9,West,Q1-2023,Normal
DEAL-00288,Aditya Pillai,CLI-0101,AI Insights Module,Trade Show,Closed Won,494610,2023-04-02,2023-05-14,42,19.4,East,Q2-2023,Normal
DEAL-02124,Arjun Rao,CLI-0284,AI Insights Module,Trade Show,Closed Won,315836,2024-07-22,2024-12-28,159,6.7,West,Q3-2024,Normal
DEAL-02257,Vikram Patel,CLI-0243,AnalyticsEdge,Organic Search,Prospecting,426963,2023-05-05,,,14.2,North,Q2-2023,Normal
DEAL-01652,Aditya Pillai,CLI-0281,SecureNet Suite,Google Ads,Closed Won,283948,2024-11-24,2024-12-28,34,24.3,West,Q4-2024,Normal
DEAL-02460,Arjun Rao,CLI-0233,AI Insights Module,Organic Search,Negotiation,489088,2024-01-23,,,2.3,East,Q1-2024,Normal
DEAL-01600,Siddharth Joshi,CLI-0095,AI Insights Module,Google Ads,Negotiation,233356,2023-12-23,,,2.8,South,Q4-2023,Normal
DEAL-01640,Priya Kumar,CLI-0054,AI Insights Module,Cold Outreach,Proposal Sent,285426,2025-03-30,,,5,East,Q1-2025,Normal
DEAL-00023,Vikram Patel,CLI-0114,DevOps Accelerator,Webinar,Prospecting,251366,2023-05-22,,,4,South,Q2-2023,Normal
DEAL-02026,Amit Pillai,CLI-0167,DataVault Pro,Google Ads,Qualification,197263,2025-02-02,,,7.6,South,Q1-2025,Normal
DEAL-01759,Ananya Sharma,CLI-0078,AI Insights Module,Google Ads,Negotiation,14972,2024-03-05,,,10.5,West,Q1-2024,Normal
DEAL-01031,Vikram Iyer,CLI-0021,AnalyticsEdge,Trade Show,Negotiation,404863,2023-02-11,,,5.7,South,Q1-2023,Normal
DEAL-01392,Vikram Iyer,CLI-0266,CloudShift Platform,Trade Show,Closed Lost,133504,2025-01-12,2025-03-04,51,7.1,North,Q1-2025,Normal
DEAL-01167,Aditya Pillai,CLI-0298,DataVault Pro,Google Ads,Negotiation,311535,2024-03-04,,,,North,Q1-2024,Normal
DEAL-01166,Rahul Patel,CLI-0230,AnalyticsEdge,Referral,Proposal Sent,499489,2023-04-15,,,,East,Q2-2023,Normal
DEAL-00056,Siddharth Joshi,CLI-0101,SecureNet Suite,Organic Search,Closed Won,69683,2023-12-16,2024-04-10,116,15.4,North,Q4-2023,Normal
DEAL-02191,Unassigned,CLI-0126,DataVault Pro,Cold Outreach,Closed Won,37136,2023-08-12,2023-09-05,24,9.3,North,Q3-2023,Normal
DEAL-02353,Aditya Pillai,CLI-0005,DevOps Accelerator,Trade Show,Closed Won,222473,2023-06-09,2023-10-23,136,24.3,South,Q2-2023,Normal
DEAL-01523,Ananya Sharma,CLI-0221,AI Insights Module,Email Campaign,Closed Lost,59249,2025-03-13,2025-07-15,124,10.2,West,Q1-2025,Normal
DEAL-01203,Siddharth Gupta,CLI-0142,CloudShift Platform,Cold Outreach,Closed Won,477798,2023-02-02,2023-03-04,30,4.3,North,Q1-2023,Normal
DEAL-01338,Rahul Patel,CLI-0062,AnalyticsEdge,LinkedIn Campaign,Prospecting,291602,2023-12-13,,,8.4,West,Q4-2023,Normal
DEAL-01811,Neha Pillai,CLI-0265,DevOps Accelerator,Cold Outreach,Negotiation,280933,2023-01-13,,,,North,Q1-2023,Normal
DEAL-02035,Rahul Patel,CLI-0229,DataVault Pro,Email Campaign,Closed Lost,54460,2024-02-04,2024-05-28,114,10.8,North,Q1-2024,Normal
DEAL-00934,Deepika Das,CLI-0219,AI Insights Module,Cold Outreach,Closed Lost,276452,2023-03-14,2023-08-15,154,13.4,South,Q1-2023,Normal
DEAL-01283,Amit Pillai,CLI-0062,DevOps Accelerator,Cold Outreach,Proposal Sent,408907,2023-06-19,,,,East,Q2-2023,Normal
DEAL-00098,Ananya Sharma,CLI-0160,SecureNet Suite,LinkedIn Campaign,Negotiation,99490,2023-03-07,,,,West,Q1-2023,Normal
DEAL-01590,Deepika Das,CLI-0237,CloudShift Platform,Cold Outreach,Qualification,361767,2023-07-10,,,,West,Q3-2023,Normal
DEAL-00871,Vikram Iyer,CLI-0132,AnalyticsEdge,Google Ads,Closed Won,241423,2023-07-03,2023-09-16,75,10,West,Q3-2023,Normal
DEAL-00953,Arjun Rao,CLI-0160,CloudShift Platform,Cold Outreach,Closed Won,166611,2024-08-17,2024-11-04,79,7.3,West,Q3-2024,Normal
DEAL-00390,Ananya Sharma,CLI-0061,CloudShift Platform,Trade Show,Qualification,343590,2025-01-15,,,2.6,South,Q1-2025,Normal
DEAL-02373,Ananya Sharma,CLI-0057,AnalyticsEdge,Google Ads,Closed Lost,181260,2025-03-27,2025-05-24,58,,West,Q1-2025,Normal
DEAL-02160,Deepika Das,CLI-0138,DevOps Accelerator,Referral,Proposal Sent,332027,2024-11-13,,,10.2,East,Q4-2024,Normal
DEAL-01131,Neha Pillai,CLI-0255,CloudShift Platform,Organic Search,Closed Won,19063,2024-01-02,2024-04-25,114,13.9,South,Q1-2024,Normal
DEAL-01033,Rohit Mehta,CLI-0045,AnalyticsEdge,Organic Search,Prospecting,349331,2023-06-21,,,,South,Q2-2023,Normal
DEAL-02273,Meera Reddy,CLI-0017,DevOps Accelerator,Email Campaign,Proposal Sent,468744,2024-01-02,,,13.4,East,Q1-2024,Normal
DEAL-02285,Aditya Pillai,CLI-0061,CloudShift Platform,Organic Search,Prospecting,111112,2024-04-13,,,14,South,Q2-2024,Normal
DEAL-02069,Riya Das,CLI-0137,AnalyticsEdge,Google Ads,Proposal Sent,339693,2024-11-05,,,9,East,Q4-2024,Normal
DEAL-01747,Siddharth Gupta,CLI-0201,CloudShift Platform,Trade Show,Proposal Sent,271247,2024-11-05,,,,East,Q4-2024,Normal
DEAL-01004,Riya Das,CLI-0142,SecureNet Suite,Google Ads,Prospecting,460851,2024-12-17,,,,North,Q4-2024,Normal
DEAL-01076,Priya Kumar,CLI-0181,DataVault Pro,Webinar,Qualification,321071,2024-03-06,,,1.9,South,Q1-2024,Normal
DEAL-00001,Amit Pillai,CLI-0178,SecureNet Suite,Email Campaign,Qualification,375755,2024-08-28,,,9,West,Q3-2024,Normal
DEAL-00827,Arjun Rao,CLI-0075,AnalyticsEdge,Trade Show,Proposal Sent,425285,2023-10-25,,,7.7,North,Q4-2023,Normal
DEAL-01274,Meera Reddy,CLI-0197,DataVault Pro,LinkedIn Campaign,Negotiation,159443,2023-01-20,,,10.8,North,Q1-2023,Normal
DEAL-01787,Riya Das,CLI-0022,DevOps Accelerator,Google Ads,Closed Lost,353839,2024-08-25,2024-10-16,52,0.5,East,Q3-2024,Normal
DEAL-00381,Deepika Das,CLI-0147,AI Insights Module,Webinar,Closed Lost,239000,2024-12-10,2025-05-20,161,0.1,South,Q4-2024,Normal
DEAL-01032,Siddharth Gupta,CLI-0236,SecureNet Suite,Cold Outreach,Closed Won,420634,2024-11-02,2024-11-26,24,10.8,South,Q4-2024,Normal
DEAL-01647,Riya Das,CLI-0086,CloudShift Platform,Cold Outreach,Prospecting,45249,2023-04-01,,,8,East,Q2-2023,Normal
DEAL-02426,Rohit Mehta,CLI-0100,AnalyticsEdge,Email Campaign,Negotiation,176538,2024-04-06,,,,West,Q2-2024,Normal
DEAL-02080,Aditya Pillai,CLI-0145,DataVault Pro,Unknown,Qualification,325010,2025-01-28,,,7.9,East,Q1-2025,Normal
DEAL-01972,Siddharth Joshi,CLI-0017,CloudShift Platform,Cold Outreach,Closed Lost,417993,2024-08-02,2024-11-02,92,1.3,East,Q3-2024,Normal
DEAL-01110,Priya Kumar,CLI-0223,AI Insights Module,LinkedIn Campaign,Negotiation,389700,2023-10-31,,,,South,Q4-2023,Normal
DEAL-01199,Meera Reddy,CLI-0173,AnalyticsEdge,Webinar,Closed Won,60064,2023-05-22,2023-08-13,83,18,South,Q2-2023,Normal
DEAL-00135,Siddharth Gupta,CLI-0267,AnalyticsEdge,Organic Search,Closed Lost,95474,2023-06-08,2023-10-29,143,2.8,North,Q2-2023,Normal
DEAL-00968,Arjun Rao,CLI-0025,DevOps Accelerator,LinkedIn Campaign,Closed Won,217795,2024-06-01,2024-08-28,88,1.7,West,Q2-2024,Normal
DEAL-02025,Siddharth Joshi,CLI-0044,DevOps Accelerator,Trade Show,Prospecting,347232,2023-03-25,,,13.5,South,Q1-2023,Normal
DEAL-02333,Vikram Patel,CLI-0045,AI Insights Module,LinkedIn Campaign,Qualification,117424,2024-01-25,,,,East,Q1-2024,Normal
DEAL-01763,Neha Pillai,CLI-0295,DataVault Pro,Webinar,Negotiation,344166,2025-03-23,,,14.4,East,Q1-2025,Normal
DEAL-00415,Priya Kumar,CLI-0280,DataVault Pro,Cold Outreach,Qualification,102612,2024-06-26,,,9.1,North,Q2-2024,Normal
DEAL-01709,Vikram Patel,CLI-0201,AnalyticsEdge,Organic Search,Closed Won,104824,2023-11-21,2024-02-15,86,1.9,North,Q4-2023,Normal
DEAL-01540,Neha Pillai,CLI-0267,AnalyticsEdge,Email Campaign,Closed Won,61534,2024-05-05,2024-08-29,116,3.1,South,Q2-2024,Normal
DEAL-00833,Amit Pillai,CLI-0006,DevOps Accelerator,Google Ads,Qualification,207809,2024-10-14,,,,East,Q4-2024,Normal
DEAL-01976,Siddharth Joshi,CLI-0270,SecureNet Suite,Trade Show,Proposal Sent,210186,2023-03-25,,,14.5,South,Q1-2023,Normal
DEAL-00506,Meera Reddy,CLI-0108,DevOps Accelerator,Referral,Prospecting,89912,2023-08-10,,,,North,Q3-2023,Normal
DEAL-02250,Rahul Patel,CLI-0228,CloudShift Platform,Email Campaign,Proposal Sent,96577,2023-07-18,,,13.4,West,Q3-2023,Normal
DEAL-00276,Vikram Patel,CLI-0268,AI Insights Module,Trade Show,Closed Won,334935,2023-05-21,2023-09-08,110,5.1,West,Q2-2023,Normal
DEAL-02143,Aditya Pillai,CLI-0231,DataVault Pro,Webinar,Closed Lost,380285,2023-02-02,2023-03-26,52,,East,Q1-2023,Normal
DEAL-00962,Neha Pillai,CLI-0207,CloudShift Platform,Email Campaign,Negotiation,439392,2024-01-13,,,14.8,South,Q1-2024,Normal
DEAL-02457,Arjun Rao,CLI-0271,AnalyticsEdge,Webinar,Closed Won,477749,2025-02-26,2025-03-16,18,5.2,West,Q1-2025,Normal
DEAL-00838,Priya Kumar,CLI-0130,CloudShift Platform,Webinar,Proposal Sent,888412,2023-07-17,,,,South,Q3-2023,Normal
DEAL-01396,Ananya Sharma,CLI-0062,DataVault Pro,Trade Show,Closed Won,120151,2024-07-17,2024-12-10,146,5.1,North,Q3-2024,Normal
DEAL-00379,Neha Pillai,CLI-0127,AnalyticsEdge,Email Campaign,Qualification,120883,2025-02-15,,,,South,Q1-2025,Normal
DEAL-00621,Priya Kumar,CLI-0114,DataVault Pro,Email Campaign,Proposal Sent,448626,2024-09-25,,,6.6,North,Q3-2024,Normal
DEAL-01486,Siddharth Gupta,CLI-0254,SecureNet Suite,Google Ads,Closed Won,313755,2023-05-27,2023-08-08,73,19.8,East,Q2-2023,Normal
DEAL-01737,Neha Pillai,CLI-0261,CloudShift Platform,Webinar,Qualification,319008,2023-09-16,,,,West,Q3-2023,Normal
DEAL-01171,Meera Reddy,CLI-0026,AnalyticsEdge,Email Campaign,Prospecting,141632,2025-01-04,,,,North,Q1-2025,Normal
DEAL-00138,Arjun Rao,CLI-0156,CloudShift Platform,Google Ads,Closed Won,279210,2024-04-25,2024-06-09,45,1.1,East,Q2-2024,Normal
DEAL-01162,Amit Pillai,CLI-0053,AnalyticsEdge,Referral,Negotiation,307847,2023-12-22,,,,West,Q4-2023,Normal
DEAL-01839,Vikram Iyer,CLI-0004,AI Insights Module,Webinar,Qualification,26058,2024-07-10,,,0.6,South,Q3-2024,Normal
DEAL-00067,Priya Kumar,CLI-0057,CloudShift Platform,Email Campaign,Proposal Sent,347860,2024-04-21,,,7.1,South,Q2-2024,Normal
DEAL-00583,Rohit Mehta,CLI-0110,SecureNet Suite,Google Ads,Qualification,481271,2023-05-07,,,12.5,West,Q2-2023,Normal
DEAL-01541,Riya Das,CLI-0002,CloudShift Platform,LinkedIn Campaign,Closed Won,217886,2025-03-12,2025-09-06,178,23.1,South,Q1-2025,Normal
DEAL-01473,Rahul Patel,CLI-0185,AI Insights Module,Google Ads,Closed Won,326010,2024-08-03,2025-01-28,178,7.5,South,Q3-2024,Normal
DEAL-01948,Arjun Rao,CLI-0235,CloudShift Platform,Cold Outreach,Closed Lost,258905,2023-12-20,2024-01-18,29,7.4,South,Q4-2023,Normal
DEAL-01754,Amit Pillai,CLI-0300,DevOps Accelerator,Email Campaign,Prospecting,325381,2023-01-20,,,13.6,West,Q1-2023,Normal
DEAL-02045,Vikram Patel,CLI-0216,DataVault Pro,Trade Show,Qualification,378192,2024-06-19,,,,West,Q2-2024,Normal
DEAL-02024,Riya Das,CLI-0256,AI Insights Module,Webinar,Closed Won,350612,2023-03-02,2023-06-24,114,20.8,North,Q1-2023,Normal
DEAL-00233,Unassigned,CLI-0081,DataVault Pro,Cold Outreach,Qualification,365456,2024-12-10,,,10.2,West,Q4-2024,Normal
DEAL-02152,Rahul Patel,CLI-0042,AnalyticsEdge,Organic Search,Proposal Sent,352125,2023-07-06,,,6.8,South,Q3-2023,Normal
DEAL-00588,Aditya Pillai,CLI-0279,AI Insights Module,Cold Outreach,Proposal Sent,227514,2024-03-05,,,2.6,South,Q1-2024,Normal
DEAL-01381,Riya Das,CLI-0187,SecureNet Suite,Webinar,Closed Lost,278799,2023-03-04,2023-05-02,59,10.4,South,Q1-2023,Normal
DEAL-00026,Aditya Pillai,CLI-0034,SecureNet Suite,Referral,Qualification,363178,2024-02-07,,,14.6,North,Q1-2024,Normal
DEAL-01898,Neha Pillai,CLI-0276,AI Insights Module,Webinar,Prospecting,53715,2023-04-26,,,5.2,West,Q2-2023,Normal
DEAL-01946,Riya Das,CLI-0015,AnalyticsEdge,LinkedIn Campaign,Prospecting,353510,2024-07-15,,,,North,Q3-2024,Normal
DEAL-00123,Deepika Das,CLI-0178,DataVault Pro,Cold Outreach,Qualification,23067,2024-05-26,,,11.5,East,Q2-2024,Normal
DEAL-02367,Meera Reddy,CLI-0228,DevOps Accelerator,Email Campaign,Negotiation,146979,2023-03-05,,,,East,Q1-2023,Normal
DEAL-00083,Neha Pillai,CLI-0277,AnalyticsEdge,Webinar,Closed Won,461943,2023-03-28,2023-05-19,52,20.5,West,Q1-2023,Normal
DEAL-01599,Vikram Iyer,CLI-0218,CloudShift Platform,Referral,Negotiation,371623,2024-10-25,,,8.7,West,Q4-2024,Normal
DEAL-00384,Ananya Sharma,CLI-0019,CloudShift Platform,Organic Search,Closed Won,18488,2023-11-11,2024-04-02,143,3.1,West,Q4-2023,Normal
DEAL-00260,Ananya Sharma,CLI-0114,DataVault Pro,Google Ads,Closed Won,326336,2023-07-11,2023-09-14,65,24.1,East,Q3-2023,Normal
DEAL-00453,Meera Reddy,CLI-0147,DevOps Accelerator,Google Ads,Closed Lost,17811,2023-09-13,2023-10-12,29,,North,Q3-2023,Normal
DEAL-02463,Rahul Patel,CLI-0223,SecureNet Suite,LinkedIn Campaign,Closed Lost,228320,2024-05-18,2024-10-19,154,4.8,South,Q2-2024,Normal
DEAL-01617,Rohit Mehta,CLI-0295,DataVault Pro,Cold Outreach,Closed Won,460186,2023-01-03,2023-04-24,111,4.4,South,Q1-2023,Normal
DEAL-02454,Siddharth Gupta,CLI-0068,CloudShift Platform,Trade Show,Closed Won,274107,2024-03-23,2024-05-12,50,3.7,East,Q1-2024,Normal
DEAL-02427,Priya Kumar,CLI-0071,SecureNet Suite,Trade Show,Closed Lost,352780,2025-02-03,2025-04-20,76,0.8,West,Q1-2025,Normal
DEAL-02473,Arjun Rao,CLI-0201,AI Insights Module,Email Campaign,Closed Won,185416,2023-11-19,2024-01-03,45,22.8,West,Q4-2023,Normal
DEAL-02491,Meera Reddy,CLI-0235,CloudShift Platform,Email Campaign,Closed Won,238173,2023-09-19,2023-12-08,80,23,North,Q3-2023,Normal
DEAL-02293,Rohit Mehta,CLI-0277,DevOps Accelerator,Referral,Closed Lost,194972,2023-06-09,2023-09-05,88,,South,Q2-2023,Normal
DEAL-01991,Neha Pillai,CLI-0013,AI Insights Module,Email Campaign,Closed Won,394486,2023-02-24,2023-03-12,16,14.6,South,Q1-2023,Normal
DEAL-01431,Arjun Rao,CLI-0109,DataVault Pro,Webinar,Qualification,102327,2024-01-22,,,,North,Q1-2024,Normal
DEAL-00167,Siddharth Gupta,CLI-0285,CloudShift Platform,Cold Outreach,Closed Lost,441592,2024-05-18,2024-09-30,135,13.9,West,Q2-2024,Normal
DEAL-02075,Amit Pillai,CLI-0147,SecureNet Suite,Referral,Closed Lost,490145,2024-02-25,2024-05-20,85,,South,Q1-2024,Normal
DEAL-02230,Rahul Patel,CLI-0270,AI Insights Module,Cold Outreach,Proposal Sent,349072,2025-03-13,,,13.9,South,Q1-2025,Normal
DEAL-00786,Aditya Pillai,CLI-0066,DataVault Pro,Google Ads,Proposal Sent,451171,2025-02-11,,,8.1,East,Q1-2025,Normal
DEAL-00911,Rahul Patel,CLI-0106,AI Insights Module,Cold Outreach,Closed Won,64331,2025-03-14,2025-06-09,87,2.3,North,Q1-2025,Normal
DEAL-00933,Neha Pillai,CLI-0190,DataVault Pro,Organic Search,Closed Won,403701,2024-06-09,2024-11-23,167,24.8,West,Q2-2024,Normal
DEAL-01056,Neha Pillai,CLI-0289,AI Insights Module,Cold Outreach,Negotiation,145408,2024-05-04,,,3,East,Q2-2024,Normal
DEAL-02326,Ananya Sharma,CLI-0008,CloudShift Platform,Unknown,Closed Won,469621,2025-03-29,2025-04-20,22,5.4,East,Q1-2025,Normal
DEAL-01040,Neha Pillai,CLI-0198,AnalyticsEdge,Referral,Closed Lost,76308,2023-12-18,2024-03-15,88,8,East,Q4-2023,Normal
DEAL-00456,Aditya Pillai,CLI-0267,SecureNet Suite,LinkedIn Campaign,Qualification,81896,2024-06-17,,,3.5,South,Q2-2024,Normal
DEAL-00291,Rohit Mehta,CLI-0276,AnalyticsEdge,Email Campaign,Closed Won,337376,2024-10-13,2024-12-09,57,2.1,North,Q4-2024,Normal
DEAL-01436,Meera Reddy,CLI-0031,SecureNet Suite,LinkedIn Campaign,Proposal Sent,410572,2023-06-11,,,,North,Q2-2023,Normal
DEAL-02305,Aditya Pillai,CLI-0184,SecureNet Suite,Webinar,Qualification,408536,2024-12-25,,,,South,Q4-2024,Normal
DEAL-01755,Vikram Patel,CLI-0041,SecureNet Suite,Email Campaign,Closed Won,315567,2024-01-30,2024-03-18,48,2,South,Q1-2024,Normal
DEAL-02464,Siddharth Gupta,CLI-0080,DataVault Pro,Unknown,Qualification,120865,2024-08-08,,,,East,Q3-2024,Normal
DEAL-02203,Aditya Pillai,CLI-0081,DataVault Pro,Organic Search,Closed Lost,171065,2025-01-29,2025-05-05,96,,South,Q1-2025,Normal
DEAL-00990,Amit Pillai,CLI-0202,DataVault Pro,Webinar,Closed Lost,330353,2025-01-08,2025-04-04,86,1.3,South,Q1-2025,Normal
DEAL-02156,Siddharth Joshi,CLI-0025,DevOps Accelerator,Organic Search,Proposal Sent,353952,2024-09-06,,,13.6,North,Q3-2024,Normal
DEAL-01823,Arjun Rao,CLI-0073,AnalyticsEdge,Google Ads,Prospecting,359600,2025-03-26,,,12.3,North,Q1-2025,Normal
DEAL-02053,Ananya Sharma,CLI-0210,DataVault Pro,Cold Outreach,Proposal Sent,324389,2025-01-26,,,10.7,West,Q1-2025,Normal
DEAL-01981,Arjun Rao,CLI-0145,AI Insights Module,Email Campaign,Prospecting,406892,2023-01-22,,,6.7,West,Q1-2023,Normal
DEAL-00695,Siddharth Joshi,CLI-0041,CloudShift Platform,Google Ads,Closed Won,1375104,2023-01-01,2023-04-03,92,18.2,South,Q1-2023,High Outlier
DEAL-00371,Riya Das,CLI-0184,AI Insights Module,Referral,Closed Lost,433349,2023-05-25,2023-07-20,56,7.5,East,Q2-2023,Normal
DEAL-01453,Arjun Rao,CLI-0279,SecureNet Suite,Referral,Prospecting,42182,2024-08-02,,,,North,Q3-2024,Normal
DEAL-01157,Priya Kumar,CLI-0180,AI Insights Module,Google Ads,Closed Won,360715,2023-05-10,2023-09-03,116,18.6,North,Q2-2023,Normal
DEAL-00498,Deepika Das,CLI-0266,DataVault Pro,LinkedIn Campaign,Qualification,333217,2024-06-19,,,10.8,South,Q2-2024,Normal
DEAL-01437,Vikram Patel,CLI-0098,SecureNet Suite,Referral,Qualification,455118,2024-01-15,,,2.4,East,Q1-2024,Normal
DEAL-02385,Deepika Das,CLI-0114,DevOps Accelerator,Google Ads,Closed Won,368693,2023-02-02,2023-07-15,163,10.4,West,Q1-2023,Normal
DEAL-00800,Arjun Rao,CLI-0281,AI Insights Module,Trade Show,Negotiation,10765,2023-07-11,,,1.6,West,Q3-2023,Normal
DEAL-01231,Siddharth Gupta,CLI-0259,SecureNet Suite,LinkedIn Campaign,Prospecting,1048494,2025-02-18,,,4.1,East,Q1-2025,High Outlier
DEAL-00541,Riya Das,CLI-0063,AI Insights Module,Cold Outreach,Proposal Sent,223481,2025-03-11,,,,East,Q1-2025,Normal
DEAL-00538,Amit Pillai,CLI-0209,DevOps Accelerator,Email Campaign,Prospecting,181226,2023-05-31,,,9.1,North,Q2-2023,Normal
DEAL-01942,Priya Kumar,CLI-0169,AnalyticsEdge,Trade Show,Negotiation,55709,2023-09-02,,,,North,Q3-2023,Normal
DEAL-02355,Riya Das,CLI-0148,DataVault Pro,Trade Show,Qualification,99824,2024-06-24,,,,South,Q2-2024,Normal
DEAL-01254,Arjun Rao,CLI-0051,CloudShift Platform,Google Ads,Closed Won,493585,2023-06-25,2023-12-09,167,4.7,North,Q2-2023,Normal
DEAL-01644,Ananya Sharma,CLI-0069,DevOps Accelerator,Email Campaign,Closed Won,157148,2025-01-20,2025-07-03,164,16.8,West,Q1-2025,Normal
DEAL-00232,Aditya Pillai,CLI-0279,CloudShift Platform,Referral,Closed Lost,344724,2023-10-12,2024-03-20,160,,South,Q4-2023,Normal
DEAL-01889,Ananya Sharma,CLI-0159,SecureNet Suite,LinkedIn Campaign,Proposal Sent,10686,2024-05-19,,,1.1,West,Q2-2024,Normal
DEAL-00239,Neha Pillai,CLI-0135,DataVault Pro,Google Ads,Negotiation,253379,2024-09-27,,,9.3,North,Q3-2024,Normal
DEAL-00928,Neha Pillai,CLI-0073,CloudShift Platform,Cold Outreach,Closed Won,273106,2024-08-26,2024-11-25,91,14.9,West,Q3-2024,Normal
DEAL-00742,Deepika Das,CLI-0114,SecureNet Suite,Unknown,Qualification,498715,2025-03-16,,,0.1,East,Q1-2025,Normal
DEAL-02461,Vikram Iyer,CLI-0223,DevOps Accelerator,Trade Show,Prospecting,210618,2025-03-03,,,,North,Q1-2025,Normal
DEAL-01632,Amit Pillai,CLI-0021,DataVault Pro,Email Campaign,Negotiation,284821,2024-05-01,,,,East,Q2-2024,Normal
DEAL-01037,Siddharth Gupta,CLI-0077,SecureNet Suite,Referral,Qualification,146703,2023-02-05,,,,North,Q1-2023,Normal
DEAL-02378,Rahul Patel,CLI-0141,DevOps Accelerator,Trade Show,Proposal Sent,94991,2024-10-01,,,,North,Q4-2024,Normal
DEAL-00923,Siddharth Joshi,CLI-0156,CloudShift Platform,Google Ads,Negotiation,105276,2024-06-24,,,10.1,West,Q2-2024,Normal
DEAL-01074,Amit Pillai,CLI-0004,AI Insights Module,Referral,Proposal Sent,144950,2025-03-21,,,13.5,West,Q1-2025,Normal
DEAL-00717,Rahul Patel,CLI-0027,DevOps Accelerator,Webinar,Closed Won,243885,2024-07-13,2024-10-31,110,11.9,South,Q3-2024,Normal
DEAL-01507,Riya Das,CLI-0289,DevOps Accelerator,Webinar,Prospecting,204233,2023-10-14,,,8.5,North,Q4-2023,Normal
DEAL-01083,Rohit Mehta,CLI-0285,DataVault Pro,Unknown,Prospecting,140369,2024-04-13,,,,South,Q2-2024,Normal
DEAL-02235,Deepika Das,CLI-0300,SecureNet Suite,Cold Outreach,Closed Won,441197,2023-05-15,2023-08-29,106,17.6,West,Q2-2023,Normal
DEAL-01703,Rohit Mehta,CLI-0204,CloudShift Platform,Referral,Qualification,191092,2025-02-10,,,,East,Q1-2025,Normal
DEAL-01258,Riya Das,CLI-0250,SecureNet Suite,Referral,Proposal Sent,95569,2023-05-16,,,0.1,East,Q2-2023,Normal
DEAL-02328,Siddharth Joshi,CLI-0075,AnalyticsEdge,Google Ads,Qualification,74064,2024-03-12,,,,North,Q1-2024,Normal
DEAL-01638,Arjun Rao,CLI-0251,DataVault Pro,Google Ads,Closed Lost,261667,2023-12-30,2024-02-03,35,,North,Q4-2023,Normal
DEAL-02343,Rohit Mehta,CLI-0108,CloudShift Platform,Trade Show,Closed Lost,455556,2023-02-01,2023-03-06,33,8.9,South,Q1-2023,Normal
DEAL-01670,Neha Pillai,CLI-0019,DevOps Accelerator,Google Ads,Qualification,18743,2023-05-05,,,11.4,East,Q2-2023,Normal
DEAL-02166,Deepika Das,CLI-0060,AnalyticsEdge,Organic Search,Closed Lost,14233,2024-08-04,2024-10-28,85,12.2,North,Q3-2024,Normal
DEAL-01619,Siddharth Gupta,CLI-0245,DataVault Pro,Cold Outreach,Qualification,304660,2024-09-27,,,14.2,East,Q3-2024,Normal
DEAL-00900,Arjun Rao,CLI-0001,SecureNet Suite,Cold Outreach,Closed Lost,312833,2025-03-04,2025-07-24,142,,West,Q1-2025,Normal
DEAL-00191,Vikram Patel,CLI-0041,AnalyticsEdge,Google Ads,Prospecting,1800592,2024-04-16,,,10.4,West,Q2-2024,High Outlier
DEAL-01141,Siddharth Gupta,CLI-0286,DevOps Accelerator,Google Ads,Proposal Sent,324198,2024-04-03,,,,South,Q2-2024,Normal
DEAL-02330,Neha Pillai,CLI-0066,AnalyticsEdge,Trade Show,Closed Lost,451919,2023-08-06,2023-10-04,59,12.7,East,Q3-2023,Normal
DEAL-01883,Deepika Das,CLI-0093,DataVault Pro,Email Campaign,Closed Won,175442,2024-07-27,2024-11-01,97,13.5,West,Q3-2024,Normal
DEAL-02376,Siddharth Gupta,CLI-0296,DataVault Pro,Email Campaign,Closed Lost,142124,2025-02-06,2025-05-22,105,11.2,South,Q1-2025,Normal
DEAL-01631,Unassigned,CLI-0075,CloudShift Platform,LinkedIn Campaign,Closed Lost,84083,2024-08-14,2024-12-03,111,1.3,South,Q3-2024,Normal
DEAL-01091,Neha Pillai,CLI-0119,AI Insights Module,Google Ads,Prospecting,386281,2023-06-17,,,,North,Q2-2023,Normal
DEAL-01582,Priya Kumar,CLI-0135,DataVault Pro,Trade Show,Closed Won,134549,2024-11-23,2024-12-30,37,17.5,South,Q4-2024,Normal
DEAL-00033,Ananya Sharma,CLI-0158,CloudShift Platform,Google Ads,Proposal Sent,473157,2023-08-25,,,14.7,North,Q3-2023,Normal
DEAL-00774,Neha Pillai,CLI-0295,DevOps Accelerator,Google Ads,Negotiation,314179,2024-11-08,,,8.3,South,Q4-2024,Normal
DEAL-02483,Ananya Sharma,CLI-0138,AnalyticsEdge,Google Ads,Proposal Sent,318524,2023-02-10,,,8.6,North,Q1-2023,Normal
DEAL-00484,Ananya Sharma,CLI-0156,SecureNet Suite,Email Campaign,Qualification,436701,2024-05-23,,,,North,Q2-2024,Normal
DEAL-00924,Vikram Iyer,CLI-0083,SecureNet Suite,Referral,Closed Lost,431345,2023-07-25,2024-01-11,170,12.3,West,Q3-2023,Normal
DEAL-02032,Siddharth Gupta,CLI-0001,AI Insights Module,Google Ads,Negotiation,84270,2023-10-08,,,,North,Q4-2023,Normal
DEAL-01608,Riya Das,CLI-0145,SecureNet Suite,LinkedIn Campaign,Proposal Sent,276454,2023-07-31,,,3.2,South,Q3-2023,Normal
DEAL-02068,Vikram Patel,CLI-0248,DevOps Accelerator,Webinar,Closed Won,147126,2024-09-10,2024-09-28,18,21.6,West,Q3-2024,Normal
DEAL-00553,Vikram Patel,CLI-0116,CloudShift Platform,Google Ads,Proposal Sent,443981,2023-10-27,,,12.2,North,Q4-2023,Normal
DEAL-01604,Aditya Pillai,CLI-0155,SecureNet Suite,LinkedIn Campaign,Closed Won,451997,2023-09-18,2024-02-06,141,22.5,North,Q3-2023,Normal
DEAL-01219,Deepika Das,CLI-0164,DevOps Accelerator,Email Campaign,Closed Won,300862,2025-03-10,2025-04-20,41,18.9,South,Q1-2025,Normal
DEAL-00336,Meera Reddy,CLI-0115,DevOps Accelerator,Referral,Prospecting,36715,2024-06-21,,,4.6,South,Q2-2024,Normal
DEAL-02331,Neha Pillai,CLI-0287,CloudShift Platform,Organic Search,Closed Lost,173900,2024-05-19,2024-08-19,92,1.7,North,Q2-2024,Normal
DEAL-02094,Vikram Iyer,CLI-0181,AI Insights Module,Organic Search,Closed Lost,318084,2023-07-24,2023-09-24,62,0.5,East,Q3-2023,Normal
DEAL-02241,Rahul Patel,CLI-0028,CloudShift Platform,Referral,Closed Won,373092,2023-11-01,2024-01-18,78,14.9,East,Q4-2023,Normal
DEAL-01596,Aditya Pillai,CLI-0275,DevOps Accelerator,Google Ads,Proposal Sent,497513,2023-04-20,,,,West,Q2-2023,Normal
DEAL-01279,Rahul Patel,CLI-0186,AI Insights Module,LinkedIn Campaign,Proposal Sent,154714,2023-10-22,,,1.7,West,Q4-2023,Normal
DEAL-02236,Riya Das,CLI-0141,DevOps Accelerator,Trade Show,Proposal Sent,317914,2023-11-10,,,6.4,North,Q4-2023,Normal
DEAL-00854,Aditya Pillai,CLI-0247,CloudShift Platform,Cold Outreach,Closed Won,48358,2023-11-26,2023-12-24,28,19.3,South,Q4-2023,Normal
DEAL-00268,Siddharth Joshi,CLI-0190,DevOps Accelerator,Referral,Closed Won,239493,2023-10-13,2023-12-08,56,0.5,North,Q4-2023,Normal
DEAL-00970,Vikram Iyer,CLI-0041,CloudShift Platform,Organic Search,Qualification,322347,2024-07-03,,,6.8,East,Q3-2024,Normal
DEAL-00518,Neha Pillai,CLI-0213,DataVault Pro,Organic Search,Negotiation,469904,2023-09-10,,,4.6,South,Q3-2023,Normal
DEAL-00008,Vikram Patel,CLI-0238,CloudShift Platform,LinkedIn Campaign,Closed Lost,384699,2025-02-28,2025-07-06,128,,North,Q1-2025,Normal
DEAL-01298,Vikram Iyer,CLI-0280,SecureNet Suite,Cold Outreach,Qualification,317920,2023-01-31,,,3.1,South,Q1-2023,Normal
DEAL-01950,Neha Pillai,CLI-0080,SecureNet Suite,Email Campaign,Closed Lost,26240,2025-02-16,2025-07-27,161,,West,Q1-2025,Normal
DEAL-01055,Rahul Patel,CLI-0052,CloudShift Platform,Organic Search,Closed Won,441817,2023-08-16,2024-01-20,157,15.8,South,Q3-2023,Normal
DEAL-01230,Siddharth Gupta,CLI-0218,AnalyticsEdge,Email Campaign,Closed Won,410372,2024-07-17,2024-11-08,114,10.1,South,Q3-2024,Normal
DEAL-00237,Siddharth Gupta,CLI-0244,SecureNet Suite,Referral,Closed Lost,416716,2024-03-25,2024-05-03,39,,North,Q1-2024,Normal
DEAL-00338,Siddharth Gupta,CLI-0300,SecureNet Suite,Email Campaign,Proposal Sent,327992,2023-07-09,,,3.8,East,Q3-2023,Normal
DEAL-02213,Vikram Patel,CLI-0158,CloudShift Platform,Cold Outreach,Proposal Sent,397587,2024-06-06,,,,West,Q2-2024,Normal
DEAL-02451,Riya Das,CLI-0162,DataVault Pro,Google Ads,Closed Lost,410708,2024-02-06,2024-04-08,62,,North,Q1-2024,Normal
DEAL-00642,Neha Pillai,CLI-0243,DataVault Pro,Trade Show,Closed Won,239695,2024-03-28,2024-09-11,167,16.6,South,Q1-2024,Normal
DEAL-02263,Neha Pillai,CLI-0027,CloudShift Platform,Trade Show,Closed Won,238985,2023-06-04,2023-10-06,124,2.3,West,Q2-2023,Normal
DEAL-01775,Vikram Patel,CLI-0108,CloudShift Platform,Email Campaign,Qualification,372810,2025-02-13,,,4.7,North,Q1-2025,Normal
DEAL-01489,Siddharth Gupta,CLI-0169,AI Insights Module,Email Campaign,Closed Won,408283,2023-05-09,2023-05-30,21,4,North,Q2-2023,Normal
DEAL-01716,Amit Pillai,CLI-0187,AI Insights Module,Organic Search,Closed Won,144586,2024-04-23,2024-07-23,91,15.3,West,Q2-2024,Normal
DEAL-01126,Neha Pillai,CLI-0129,SecureNet Suite,LinkedIn Campaign,Proposal Sent,137156,2024-04-14,,,7.8,South,Q2-2024,Normal
DEAL-01752,Siddharth Joshi,CLI-0001,DataVault Pro,Google Ads,Qualification,304833,2025-01-11,,,,South,Q1-2025,Normal
DEAL-00595,Arjun Rao,CLI-0273,AI Insights Module,Google Ads,Closed Won,134691,2023-11-27,2023-12-14,17,12.1,East,Q4-2023,Normal
DEAL-00994,Deepika Das,CLI-0166,AI Insights Module,LinkedIn Campaign,Closed Lost,310942,2024-07-29,2024-11-04,98,3.4,West,Q3-2024,Normal
DEAL-00448,Siddharth Joshi,CLI-0265,AnalyticsEdge,Cold Outreach,Closed Won,26921,2023-09-25,2023-11-30,66,19.1,South,Q3-2023,Normal
DEAL-00372,Aditya Pillai,CLI-0192,CloudShift Platform,Trade Show,Qualification,330018,2023-06-06,,,8.5,North,Q2-2023,Normal
DEAL-02297,Ananya Sharma,CLI-0208,DataVault Pro,Referral,Closed Won,378366,2023-05-13,2023-09-30,140,16.1,West,Q2-2023,Normal
DEAL-00707,Vikram Patel,CLI-0261,AnalyticsEdge,Cold Outreach,Closed Won,294146,2023-07-15,2023-08-05,21,7.4,South,Q3-2023,Normal
DEAL-00153,Arjun Rao,CLI-0293,AI Insights Module,Trade Show,Negotiation,482598,2023-01-21,,,10.4,East,Q1-2023,Normal
DEAL-01262,Siddharth Joshi,CLI-0287,SecureNet Suite,Referral,Closed Won,77165,2023-10-08,2024-02-21,136,16.7,West,Q4-2023,Normal
DEAL-02381,Vikram Patel,CLI-0177,AI Insights Module,Trade Show,Closed Won,21411,2024-06-07,2024-09-20,105,9.9,South,Q2-2024,Normal
DEAL-02380,Deepika Das,CLI-0109,DataVault Pro,Organic Search,Prospecting,115757,2024-09-14,,,13.1,South,Q3-2024,Normal
DEAL-02205,Rohit Mehta,CLI-0244,AnalyticsEdge,Unknown,Closed Won,314855,2024-11-20,2024-12-11,21,20.4,North,Q4-2024,Normal
DEAL-02050,Deepika Das,CLI-0231,AI Insights Module,LinkedIn Campaign,Proposal Sent,148059,2024-10-12,,,,West,Q4-2024,Normal
DEAL-00320,Amit Pillai,CLI-0118,CloudShift Platform,Organic Search,Closed Won,463717,2023-10-05,2024-03-23,170,1.2,East,Q4-2023,Normal
DEAL-01654,Vikram Iyer,CLI-0183,AI Insights Module,Google Ads,Closed Lost,289377,2023-09-22,2024-01-13,113,1.9,South,Q3-2023,Normal
DEAL-01183,Unassigned,CLI-0244,DataVault Pro,Referral,Closed Won,163687,2023-05-15,2023-07-16,62,2.3,West,Q2-2023,Normal
DEAL-01977,Vikram Patel,CLI-0073,AI Insights Module,Cold Outreach,Closed Lost,266624,2025-01-19,2025-06-15,147,12.9,South,Q1-2025,Normal
DEAL-01887,Vikram Patel,CLI-0202,AnalyticsEdge,Cold Outreach,Prospecting,11889,2024-12-16,,,9.1,West,Q4-2024,Normal
DEAL-00469,Rahul Patel,CLI-0238,AI Insights Module,LinkedIn Campaign,Closed Lost,127745,2024-08-11,2025-02-03,176,6.3,North,Q3-2024,Normal
DEAL-00837,Vikram Iyer,CLI-0147,AnalyticsEdge,Google Ads,Closed Won,340552,2025-03-22,2025-07-01,101,23.4,West,Q1-2025,Normal
DEAL-01591,Riya Das,CLI-0256,SecureNet Suite,Email Campaign,Prospecting,141204,2024-01-22,,,8.1,West,Q1-2024,Normal
DEAL-00567,Ananya Sharma,CLI-0181,DevOps Accelerator,Cold Outreach,Closed Won,68442,2023-07-06,2023-11-22,139,22.3,West,Q3-2023,Normal
DEAL-02342,Riya Das,CLI-0292,DevOps Accelerator,Webinar,Negotiation,71763,2024-07-14,,,,East,Q3-2024,Normal
DEAL-01855,Amit Pillai,CLI-0016,DataVault Pro,Referral,Proposal Sent,378321,2024-12-09,,,11.5,East,Q4-2024,Normal
DEAL-01496,Meera Reddy,CLI-0214,DataVault Pro,Organic Search,Prospecting,85759,2023-10-14,,,4.7,South,Q4-2023,Normal
DEAL-00480,Vikram Iyer,CLI-0116,DataVault Pro,Google Ads,Negotiation,441173,2023-07-28,,,4.2,West,Q3-2023,Normal
DEAL-00450,Aditya Pillai,CLI-0278,DevOps Accelerator,Email Campaign,Closed Lost,151824,2023-04-17,2023-05-11,24,3.4,West,Q2-2023,Normal
DEAL-00497,Neha Pillai,CLI-0105,AnalyticsEdge,Organic Search,Negotiation,67120,2023-12-07,,,2.2,North,Q4-2023,Normal
DEAL-00677,Deepika Das,CLI-0031,AnalyticsEdge,Referral,Qualification,181023,2023-11-17,,,9.5,West,Q4-2023,Normal
DEAL-00796,Vikram Patel,CLI-0169,AnalyticsEdge,Google Ads,Negotiation,409839,2024-08-23,,,6.8,South,Q3-2024,Normal
DEAL-02255,Vikram Iyer,CLI-0262,SecureNet Suite,Organic Search,Qualification,322585,2024-12-17,,,4.9,North,Q4-2024,Normal
DEAL-01299,Siddharth Gupta,CLI-0210,AI Insights Module,Google Ads,Qualification,198110,2024-09-17,,,14.7,West,Q3-2024,Normal
DEAL-01606,Neha Pillai,CLI-0286,DevOps Accelerator,Referral,Prospecting,414652,2024-09-04,,,6,East,Q3-2024,Normal
DEAL-01501,Amit Pillai,CLI-0111,SecureNet Suite,Organic Search,Closed Lost,389080,2023-05-21,2023-09-08,110,7.8,North,Q2-2023,Normal
DEAL-02240,Arjun Rao,CLI-0064,DevOps Accelerator,Webinar,Proposal Sent,81342,2025-03-24,,,1.6,South,Q1-2025,Normal
DEAL-02347,Deepika Das,CLI-0074,AnalyticsEdge,LinkedIn Campaign,Negotiation,187381,2024-08-01,,,,West,Q3-2024,Normal
DEAL-01123,Rohit Mehta,CLI-0101,DevOps Accelerator,Webinar,Proposal Sent,127186,2024-11-18,,,6.5,West,Q4-2024,Normal
DEAL-01089,Deepika Das,CLI-0088,DataVault Pro,Email Campaign,Closed Won,192123,2023-11-19,2024-02-05,78,1.4,East,Q4-2023,Normal
DEAL-02167,Deepika Das,CLI-0221,DevOps Accelerator,LinkedIn Campaign,Negotiation,116870,2023-05-09,,,,East,Q2-2023,Normal
DEAL-01586,Amit Pillai,CLI-0032,DevOps Accelerator,Webinar,Negotiation,271366,2024-03-25,,,6.7,North,Q1-2024,Normal
DEAL-01205,Siddharth Joshi,CLI-0096,CloudShift Platform,Webinar,Prospecting,484191,2024-06-29,,,,West,Q2-2024,Normal
DEAL-00163,Neha Pillai,CLI-0009,SecureNet Suite,Trade Show,Closed Won,400048,2024-03-09,2024-05-18,70,4.4,East,Q1-2024,Normal
DEAL-02246,Unassigned,CLI-0241,CloudShift Platform,LinkedIn Campaign,Qualification,208061,2023-03-23,,,14.4,East,Q1-2023,Normal
DEAL-01566,Siddharth Gupta,CLI-0046,SecureNet Suite,Trade Show,Closed Won,409767,2023-06-20,2023-10-21,123,2.5,West,Q2-2023,Normal
DEAL-00520,Siddharth Gupta,CLI-0087,SecureNet Suite,Organic Search,Closed Won,284225,2024-10-08,2024-12-05,58,20.9,West,Q4-2024,Normal
DEAL-02176,Rohit Mehta,CLI-0231,DataVault Pro,Cold Outreach,Proposal Sent,488711,2025-03-31,,,9.4,East,Q1-2025,Normal
DEAL-01008,Priya Kumar,CLI-0026,CloudShift Platform,LinkedIn Campaign,Negotiation,338655,2023-04-07,,,14.3,East,Q2-2023,Normal
DEAL-01218,Aditya Pillai,CLI-0240,DevOps Accelerator,Google Ads,Prospecting,433408,2023-01-14,,,3.1,West,Q1-2023,Normal
DEAL-00997,Rohit Mehta,CLI-0041,CloudShift Platform,Email Campaign,Closed Lost,121849,2025-03-13,2025-06-28,107,7.9,South,Q1-2025,Normal
DEAL-01614,Rahul Patel,CLI-0234,SecureNet Suite,LinkedIn Campaign,Closed Won,336940,2023-07-03,2023-10-24,113,16.7,North,Q3-2023,Normal
DEAL-01394,Deepika Das,CLI-0240,DevOps Accelerator,Organic Search,Closed Won,47015,2024-03-31,2024-07-31,122,7.8,North,Q1-2024,Normal
DEAL-01139,Deepika Das,CLI-0174,DataVault Pro,Trade Show,Closed Won,291055,2025-01-19,2025-04-07,78,13.9,East,Q1-2025,Normal
DEAL-02476,Vikram Patel,CLI-0247,DevOps Accelerator,Trade Show,Proposal Sent,12575,2023-08-13,,,5.9,East,Q3-2023,Normal
DEAL-01152,Deepika Das,CLI-0116,DevOps Accelerator,LinkedIn Campaign,Closed Won,166887,2023-07-12,2024-01-06,178,21.5,North,Q3-2023,Normal
DEAL-02127,Priya Kumar,CLI-0055,SecureNet Suite,Email Campaign,Negotiation,36978,2025-03-17,,,4.9,East,Q1-2025,Normal
DEAL-00223,Siddharth Joshi,CLI-0212,CloudShift Platform,Organic Search,Negotiation,223425,2023-01-30,,,,North,Q1-2023,Normal
DEAL-02153,Amit Pillai,CLI-0239,AI Insights Module,Unknown,Qualification,238647,2023-01-21,,,,South,Q1-2023,Normal
DEAL-01085,Vikram Patel,CLI-0238,DevOps Accelerator,Google Ads,Qualification,431903,2024-10-24,,,9.9,East,Q4-2024,Normal
DEAL-01751,Vikram Iyer,CLI-0274,DevOps Accelerator,Unknown,Prospecting,201355,2023-04-20,,,8.5,West,Q2-2023,Normal
DEAL-00025,Neha Pillai,CLI-0080,SecureNet Suite,Organic Search,Closed Lost,237700,2023-05-04,2023-07-16,73,12.7,West,Q2-2023,Normal
DEAL-01333,Neha Pillai,CLI-0020,DevOps Accelerator,Webinar,Qualification,431670,2024-11-28,,,3.1,South,Q4-2024,Normal
DEAL-00228,Unassigned,CLI-0135,SecureNet Suite,Unknown,Negotiation,324317,2024-12-09,,,2,West,Q4-2024,Normal
DEAL-02226,Siddharth Joshi,CLI-0060,AnalyticsEdge,Cold Outreach,Qualification,139740,2023-09-28,,,13.8,East,Q3-2023,Normal
DEAL-00694,Deepika Das,CLI-0229,AI Insights Module,Organic Search,Negotiation,214867,2023-06-19,,,13.8,East,Q2-2023,Normal
DEAL-01388,Riya Das,CLI-0260,AI Insights Module,Webinar,Qualification,272595,2025-01-11,,,1.9,West,Q1-2025,Normal
DEAL-01524,Siddharth Gupta,CLI-0128,AnalyticsEdge,Email Campaign,Proposal Sent,31334,2025-01-10,,,10.2,South,Q1-2025,Normal
DEAL-02444,Arjun Rao,CLI-0021,CloudShift Platform,Trade Show,Closed Won,453768,2023-01-10,2023-06-29,170,12.6,South,Q1-2023,Normal
DEAL-00636,Rohit Mehta,CLI-0164,AnalyticsEdge,Webinar,Closed Lost,383508,2025-01-01,2025-03-09,67,8.6,North,Q1-2025,Normal
DEAL-00826,Siddharth Gupta,CLI-0040,SecureNet Suite,Google Ads,Qualification,423484,2024-11-22,,,5.5,South,Q4-2024,Normal
DEAL-00648,Vikram Patel,CLI-0193,SecureNet Suite,Google Ads,Proposal Sent,167211,2024-04-15,,,6.2,South,Q2-2024,Normal
DEAL-02202,Neha Pillai,CLI-0257,CloudShift Platform,Referral,Closed Lost,443092,2023-08-10,2024-02-03,177,1.7,West,Q3-2023,Normal
DEAL-01106,Rohit Mehta,CLI-0041,DataVault Pro,Google Ads,Prospecting,310887,2023-08-18,,,,North,Q3-2023,Normal
DEAL-01470,Meera Reddy,CLI-0091,SecureNet Suite,Webinar,Negotiation,101900,2024-06-06,,,10.1,South,Q2-2024,Normal
DEAL-01119,Priya Kumar,CLI-0198,DevOps Accelerator,Email Campaign,Proposal Sent,410689,2024-12-18,,,0.3,West,Q4-2024,Normal
DEAL-02245,Riya Das,CLI-0177,AnalyticsEdge,Trade Show,Qualification,224252,2023-10-05,,,10.7,East,Q4-2023,Normal
DEAL-00101,Neha Pillai,CLI-0120,CloudShift Platform,Email Campaign,Prospecting,13787,2023-04-02,,,10.6,East,Q2-2023,Normal
DEAL-01550,Arjun Rao,CLI-0042,AnalyticsEdge,Referral,Prospecting,81356,2025-03-15,,,2.6,West,Q1-2025,Normal
DEAL-01548,Rohit Mehta,CLI-0070,DataVault Pro,Referral,Prospecting,63307,2023-06-03,,,,West,Q2-2023,Normal
DEAL-01128,Arjun Rao,CLI-0250,AnalyticsEdge,Webinar,Closed Lost,30491,2023-10-24,2024-03-28,156,0.9,South,Q4-2023,Normal
DEAL-02140,Deepika Das,CLI-0009,CloudShift Platform,Unknown,Prospecting,196775,2024-12-02,,,13.8,North,Q4-2024,Normal
DEAL-00021,Siddharth Gupta,CLI-0028,AnalyticsEdge,Trade Show,Closed Won,179581,2024-07-30,2024-12-31,154,19.1,East,Q3-2024,Normal
DEAL-00211,Aditya Pillai,CLI-0246,SecureNet Suite,Email Campaign,Prospecting,383104,2024-02-26,,,,South,Q1-2024,Normal
DEAL-02384,Siddharth Joshi,CLI-0134,AI Insights Module,Cold Outreach,Qualification,352198,2024-03-16,,,,North,Q1-2024,Normal
DEAL-01065,Aditya Pillai,CLI-0255,AnalyticsEdge,Email Campaign,Proposal Sent,306953,2024-04-30,,,,West,Q2-2024,Normal
DEAL-01519,Rahul Patel,CLI-0038,SecureNet Suite,Cold Outreach,Proposal Sent,1941623,2024-04-23,,,12.3,North,Q2-2024,High Outlier
DEAL-01402,Siddharth Joshi,CLI-0014,SecureNet Suite,Organic Search,Closed Won,367221,2023-11-22,2024-03-28,127,0.8,South,Q4-2023,Normal
DEAL-00932,Amit Pillai,CLI-0178,DataVault Pro,LinkedIn Campaign,Prospecting,38795,2024-11-07,,,,East,Q4-2024,Normal
DEAL-00070,Aditya Pillai,CLI-0226,DevOps Accelerator,Webinar,Closed Lost,211230,2023-08-02,2024-01-15,166,14.7,East,Q3-2023,Normal
DEAL-00658,Riya Das,CLI-0126,CloudShift Platform,Organic Search,Prospecting,80749,2024-11-24,,,,South,Q4-2024,Normal
DEAL-00738,Meera Reddy,CLI-0240,AnalyticsEdge,LinkedIn Campaign,Proposal Sent,192572,2024-01-11,,,,South,Q1-2024,Normal
DEAL-01385,Aditya Pillai,CLI-0047,CloudShift Platform,Webinar,Closed Won,1326332,2023-10-04,2023-11-25,52,20.2,North,Q4-2023,High Outlier
DEAL-00568,Ananya Sharma,CLI-0197,CloudShift Platform,Email Campaign,Proposal Sent,370164,2023-07-07,,,,South,Q3-2023,Normal
DEAL-01801,Arjun Rao,CLI-0239,CloudShift Platform,Google Ads,Proposal Sent,497944,2023-04-05,,,13.1,North,Q2-2023,Normal
DEAL-01557,Arjun Rao,CLI-0006,DataVault Pro,Cold Outreach,Proposal Sent,96604,2023-01-09,,,,South,Q1-2023,Normal
DEAL-01022,Deepika Das,CLI-0233,AI Insights Module,Referral,Prospecting,206837,2023-06-08,,,7.6,South,Q2-2023,Normal
DEAL-00635,Arjun Rao,CLI-0197,AnalyticsEdge,Referral,Proposal Sent,291943,2024-12-01,,,13.1,South,Q4-2024,Normal
DEAL-02494,Vikram Patel,CLI-0100,AI Insights Module,Email Campaign,Negotiation,398419,2024-01-19,,,1.7,West,Q1-2024,Normal
DEAL-01558,Aditya Pillai,CLI-0176,AI Insights Module,Email Campaign,Proposal Sent,489554,2023-05-26,,,12.7,East,Q2-2023,Normal
DEAL-00841,Vikram Patel,CLI-0097,CloudShift Platform,Referral,Proposal Sent,1906897,2024-04-03,,,11.7,South,Q2-2024,High Outlier
DEAL-01537,Vikram Iyer,CLI-0243,SecureNet Suite,Cold Outreach,Closed Won,478781,2023-09-20,2024-01-30,132,21.8,South,Q3-2023,Normal
DEAL-00993,Arjun Rao,CLI-0127,DataVault Pro,Email Campaign,Prospecting,308588,2023-02-14,,,,West,Q1-2023,Normal
DEAL-01733,Vikram Patel,CLI-0228,DevOps Accelerator,Organic Search,Closed Won,15980,2024-01-24,2024-07-08,166,4.5,West,Q1-2024,Normal
DEAL-00840,Meera Reddy,CLI-0263,DevOps Accelerator,Webinar,Proposal Sent,67028,2024-05-11,,,6.4,South,Q2-2024,Normal
DEAL-01226,Ananya Sharma,CLI-0163,CloudShift Platform,Trade Show,Closed Won,367690,2023-03-09,2023-07-13,126,3,East,Q1-2023,Normal
DEAL-00719,Rohit Mehta,CLI-0267,DataVault Pro,Referral,Closed Won,260754,2023-04-12,2023-06-10,59,15.8,North,Q2-2023,Normal
DEAL-00398,Ananya Sharma,CLI-0232,AnalyticsEdge,Email Campaign,Proposal Sent,219684,2023-09-14,,,2.6,East,Q3-2023,Normal
DEAL-02244,Amit Pillai,CLI-0273,AnalyticsEdge,LinkedIn Campaign,Negotiation,79584,2024-11-30,,,,South,Q4-2024,Normal
DEAL-00768,Rahul Patel,CLI-0111,DataVault Pro,Cold Outreach,Proposal Sent,265272,2023-12-09,,,2.2,South,Q4-2023,Normal
DEAL-00213,Priya Kumar,CLI-0296,DataVault Pro,LinkedIn Campaign,Closed Won,248777,2025-02-03,2025-03-30,55,9.2,North,Q1-2025,Normal
DEAL-02091,Vikram Iyer,CLI-0143,DevOps Accelerator,Cold Outreach,Proposal Sent,393124,2023-07-20,,,,East,Q3-2023,Normal
DEAL-01255,Riya Das,CLI-0268,DevOps Accelerator,Google Ads,Proposal Sent,294276,2023-02-05,,,,South,Q1-2023,Normal
DEAL-02304,Siddharth Joshi,CLI-0176,CloudShift Platform,Cold Outreach,Closed Won,109399,2023-08-09,2023-12-02,115,6.3,South,Q3-2023,Normal
DEAL-02228,Vikram Patel,CLI-0150,AI Insights Module,Organic Search,Qualification,82389,2024-10-26,,,,North,Q4-2024,Normal
DEAL-01113,Vikram Iyer,CLI-0023,CloudShift Platform,Google Ads,Prospecting,468848,2024-02-24,,,0.3,South,Q1-2024,Normal
DEAL-00295,Unassigned,CLI-0020,SecureNet Suite,Email Campaign,Closed Won,355440,2024-06-11,2024-10-09,120,0.1,East,Q2-2024,Normal
DEAL-00731,Meera Reddy,CLI-0143,CloudShift Platform,Google Ads,Prospecting,187002,2025-01-06,,,4.2,South,Q1-2025,Normal
DEAL-00483,Priya Kumar,CLI-0055,SecureNet Suite,Referral,Closed Won,356622,2024-10-03,2024-10-27,24,15.7,South,Q4-2024,Normal
DEAL-02049,Siddharth Gupta,CLI-0095,CloudShift Platform,Referral,Closed Won,214485,2024-09-10,2024-11-12,63,19.4,South,Q3-2024,Normal
DEAL-01246,Aditya Pillai,CLI-0199,DataVault Pro,Webinar,Qualification,481066,2024-02-28,,,14.9,North,Q1-2024,Normal
DEAL-00364,Ananya Sharma,CLI-0042,SecureNet Suite,LinkedIn Campaign,Qualification,471980,2024-09-10,,,11.3,North,Q3-2024,Normal
DEAL-02495,Amit Pillai,CLI-0135,SecureNet Suite,Email Campaign,Closed Won,202007,2024-04-17,2024-09-22,158,23.5,South,Q2-2024,Normal
DEAL-01121,Aditya Pillai,CLI-0214,AnalyticsEdge,LinkedIn Campaign,Negotiation,273804,2023-12-27,,,14.5,South,Q4-2023,Normal
DEAL-00303,Siddharth Gupta,CLI-0076,SecureNet Suite,Referral,Negotiation,248962,2023-10-18,,,2.2,North,Q4-2023,Normal
DEAL-02438,Deepika Das,CLI-0263,AnalyticsEdge,Google Ads,Proposal Sent,444743,2024-04-08,,,7.4,South,Q2-2024,Normal
DEAL-01366,Neha Pillai,CLI-0241,DevOps Accelerator,Unknown,Proposal Sent,230330,2024-08-05,,,13.9,West,Q3-2024,Normal
DEAL-00012,Neha Pillai,CLI-0041,DataVault Pro,Email Campaign,Qualification,302736,2025-02-13,,,5.2,South,Q1-2025,Normal
DEAL-01581,Siddharth Joshi,CLI-0277,DevOps Accelerator,Webinar,Proposal Sent,133756,2025-02-28,,,,North,Q1-2025,Normal
DEAL-00896,Deepika Das,CLI-0238,AI Insights Module,Referral,Closed Won,215780,2023-07-06,2023-11-10,127,16.1,South,Q3-2023,Normal
DEAL-00053,Siddharth Gupta,CLI-0206,AnalyticsEdge,Referral,Closed Won,330892,2024-08-08,2025-01-31,176,2.2,East,Q3-2024,Normal
DEAL-01369,Aditya Pillai,CLI-0132,AnalyticsEdge,Google Ads,Negotiation,335174,2023-11-18,,,,South,Q4-2023,Normal
DEAL-01005,Riya Das,CLI-0216,AI Insights Module,Cold Outreach,Proposal Sent,476929,2023-02-02,,,,West,Q1-2023,Normal
DEAL-01140,Vikram Patel,CLI-0007,AI Insights Module,Organic Search,Qualification,460477,2024-02-20,,,1.7,West,Q1-2024,Normal
DEAL-00662,Amit Pillai,CLI-0020,AnalyticsEdge,Organic Search,Qualification,191529,2024-07-19,,,,North,Q3-2024,Normal
DEAL-01120,Neha Pillai,CLI-0031,DevOps Accelerator,Webinar,Prospecting,481258,2024-06-19,,,1.5,East,Q2-2024,Normal
DEAL-02277,Vikram Patel,CLI-0201,DevOps Accelerator,Cold Outreach,Closed Lost,194080,2025-03-25,2025-08-10,138,12.5,North,Q1-2025,Normal
DEAL-00266,Deepika Das,CLI-0135,DevOps Accelerator,LinkedIn Campaign,Closed Lost,50125,2024-05-31,2024-09-06,98,,North,Q2-2024,Normal
DEAL-00741,Neha Pillai,CLI-0169,SecureNet Suite,Email Campaign,Closed Lost,479196,2023-01-18,2023-03-24,65,1.2,East,Q1-2023,Normal
DEAL-01781,Meera Reddy,CLI-0263,AnalyticsEdge,Organic Search,Prospecting,438500,2024-03-06,,,,East,Q1-2024,Normal
DEAL-01419,Meera Reddy,CLI-0286,CloudShift Platform,Trade Show,Qualification,404059,2023-08-12,,,1,East,Q3-2023,Normal
DEAL-02371,Priya Kumar,CLI-0274,CloudShift Platform,Organic Search,Negotiation,327322,2024-11-19,,,8,East,Q4-2024,Normal
DEAL-00318,Rahul Patel,CLI-0122,DataVault Pro,Organic Search,Closed Lost,237345,2024-09-10,2024-11-27,78,,West,Q3-2024,Normal
DEAL-01576,Rahul Patel,CLI-0142,DevOps Accelerator,Email Campaign,Negotiation,241772,2023-12-21,,,12.8,North,Q4-2023,Normal
DEAL-01229,Vikram Iyer,CLI-0117,DataVault Pro,Google Ads,Prospecting,488609,2024-03-11,,,9,North,Q1-2024,Normal
DEAL-01143,Rohit Mehta,CLI-0195,SecureNet Suite,Referral,Negotiation,290135,2023-07-19,,,,North,Q3-2023,Normal
DEAL-00689,Ananya Sharma,CLI-0052,CloudShift Platform,Cold Outreach,Negotiation,361085,2024-02-29,,,,North,Q1-2024,Normal
DEAL-00747,Amit Pillai,CLI-0147,AI Insights Module,Webinar,Closed Won,168320,2023-05-26,2023-06-14,19,22.6,East,Q2-2023,Normal
DEAL-01365,Ananya Sharma,CLI-0245,CloudShift Platform,Google Ads,Closed Won,424756,2025-01-15,2025-02-12,28,12.4,North,Q1-2025,Normal
DEAL-02430,Riya Das,CLI-0107,AnalyticsEdge,Referral,Negotiation,177890,2024-03-27,,,13.8,East,Q1-2024,Normal
DEAL-00969,Riya Das,CLI-0158,SecureNet Suite,Cold Outreach,Proposal Sent,442984,2024-07-01,,,13.2,West,Q3-2024,Normal
DEAL-01812,Neha Pillai,CLI-0057,CloudShift Platform,LinkedIn Campaign,Proposal Sent,411195,2024-10-31,,,7.2,East,Q4-2024,Normal
DEAL-01542,Deepika Das,CLI-0151,AI Insights Module,Google Ads,Negotiation,370598,2024-10-21,,,6,East,Q4-2024,Normal
DEAL-00848,Vikram Iyer,CLI-0033,DataVault Pro,Organic Search,Closed Won,325831,2024-10-27,2025-01-12,77,13,North,Q4-2024,Normal
DEAL-01917,Amit Pillai,CLI-0060,SecureNet Suite,Trade Show,Proposal Sent,195408,2024-12-26,,,,North,Q4-2024,Normal
DEAL-02139,Vikram Patel,CLI-0091,SecureNet Suite,Organic Search,Proposal Sent,230718,2023-05-23,,,13.4,West,Q2-2023,Normal
DEAL-01851,Rahul Patel,CLI-0008,CloudShift Platform,Organic Search,Negotiation,297439,2024-04-11,,,9.7,South,Q2-2024,Normal
DEAL-00130,Deepika Das,CLI-0183,SecureNet Suite,Cold Outreach,Negotiation,397897,2023-01-28,,,,East,Q1-2023,Normal
DEAL-02448,Riya Das,CLI-0076,AnalyticsEdge,LinkedIn Campaign,Proposal Sent,358700,2024-11-18,,,,West,Q4-2024,Normal
DEAL-01324,Meera Reddy,CLI-0069,CloudShift Platform,Unknown,Negotiation,261811,2025-02-21,,,9.8,East,Q1-2025,Normal
DEAL-01281,Deepika Das,CLI-0281,SecureNet Suite,LinkedIn Campaign,Negotiation,981493,2024-05-21,,,9.3,South,Q2-2024,High Outlier
DEAL-01435,Deepika Das,CLI-0226,SecureNet Suite,Organic Search,Qualification,257410,2023-12-31,,,6.1,East,Q4-2023,Normal
DEAL-00354,Meera Reddy,CLI-0053,DataVault Pro,Organic Search,Closed Won,128428,2024-12-01,2025-03-24,113,17.9,North,Q4-2024,Normal
DEAL-00545,Rahul Patel,CLI-0249,DevOps Accelerator,Trade Show,Proposal Sent,411048,2023-10-18,,,8.3,South,Q4-2023,Normal
DEAL-01078,Deepika Das,CLI-0242,AnalyticsEdge,Organic Search,Proposal Sent,456497,2023-07-17,,,4.3,West,Q3-2023,Normal
DEAL-00139,Riya Das,CLI-0090,DataVault Pro,Referral,Qualification,194304,2023-05-30,,,12.7,East,Q2-2023,Normal
DEAL-01714,Siddharth Joshi,CLI-0146,DataVault Pro,Email Campaign,Proposal Sent,398215,2023-01-03,,,7.2,North,Q1-2023,Normal
DEAL-01520,Riya Das,CLI-0199,AI Insights Module,Email Campaign,Closed Won,127314,2025-01-02,2025-02-28,57,19.8,West,Q1-2025,Normal
DEAL-01420,Ananya Sharma,CLI-0131,SecureNet Suite,Webinar,Closed Won,264786,2024-01-20,2024-04-11,82,7.5,North,Q1-2024,Normal
DEAL-02358,Rohit Mehta,CLI-0129,CloudShift Platform,Organic Search,Prospecting,337176,2024-02-22,,,4.1,South,Q1-2024,Normal
DEAL-01840,Aditya Pillai,CLI-0075,AI Insights Module,Cold Outreach,Closed Lost,302877,2024-04-22,2024-07-03,72,,North,Q2-2024,Normal
DEAL-01024,Rohit Mehta,CLI-0153,AI Insights Module,Webinar,Prospecting,56494,2024-05-13,,,14.8,South,Q2-2024,Normal
DEAL-00737,Vikram Patel,CLI-0105,AnalyticsEdge,Email Campaign,Closed Lost,369919,2023-09-07,2024-03-05,180,6.8,West,Q3-2023,Normal
DEAL-02338,Siddharth Joshi,CLI-0221,AI Insights Module,Organic Search,Qualification,459382,2024-11-20,,,0.2,North,Q4-2024,Normal
DEAL-00589,Riya Das,CLI-0136,DataVault Pro,Unknown,Negotiation,170466,2024-01-18,,,,East,Q1-2024,Normal
DEAL-01098,Deepika Das,CLI-0229,AI Insights Module,Cold Outreach,Qualification,302320,2023-06-17,,,0.3,South,Q2-2023,Normal
DEAL-02383,Siddharth Joshi,CLI-0117,AnalyticsEdge,LinkedIn Campaign,Closed Won,432261,2023-09-09,2023-11-14,66,18.4,South,Q3-2023,Normal
DEAL-01553,Meera Reddy,CLI-0211,DevOps Accelerator,Trade Show,Proposal Sent,468226,2024-11-13,,,,South,Q4-2024,Normal
DEAL-00890,Vikram Iyer,CLI-0143,AI Insights Module,Trade Show,Negotiation,105498,2023-10-18,,,4.5,West,Q4-2023,Normal
DEAL-02218,Vikram Patel,CLI-0084,CloudShift Platform,Email Campaign,Closed Won,491503,2024-08-30,2024-12-28,120,17.5,South,Q3-2024,Normal
DEAL-01910,Vikram Iyer,CLI-0276,AnalyticsEdge,Cold Outreach,Closed Lost,133522,2023-04-29,2023-10-17,171,2,South,Q2-2023,Normal
DEAL-00041,Siddharth Gupta,CLI-0155,AnalyticsEdge,Email Campaign,Negotiation,95871,2023-02-03,,,6.1,East,Q1-2023,Normal
DEAL-00862,Deepika Das,CLI-0233,CloudShift Platform,Webinar,Closed Lost,398453,2024-11-14,2025-04-09,146,,South,Q4-2024,Normal
DEAL-00537,Rohit Mehta,CLI-0114,CloudShift Platform,LinkedIn Campaign,Qualification,85835,2024-03-17,,,13.4,West,Q1-2024,Normal
DEAL-00965,Siddharth Joshi,CLI-0138,AnalyticsEdge,Trade Show,Closed Won,137347,2024-10-22,2025-04-19,179,4.2,South,Q4-2024,Normal
DEAL-02142,Rohit Mehta,CLI-0105,CloudShift Platform,Organic Search,Proposal Sent,157784,2024-12-18,,,,West,Q4-2024,Normal
DEAL-01172,Ananya Sharma,CLI-0122,CloudShift Platform,Webinar,Negotiation,217564,2023-09-28,,,11.8,East,Q3-2023,Normal
DEAL-02251,Unassigned,CLI-0148,DataVault Pro,Email Campaign,Prospecting,483224,2023-09-12,,,,South,Q3-2023,Normal
DEAL-00801,Ananya Sharma,CLI-0049,AI Insights Module,Organic Search,Prospecting,257387,2023-09-08,,,4.9,East,Q3-2023,Normal
DEAL-01892,Aditya Pillai,CLI-0103,AI Insights Module,Cold Outreach,Negotiation,283835,2024-12-20,,,,West,Q4-2024,Normal
DEAL-00435,Rohit Mehta,CLI-0282,SecureNet Suite,Email Campaign,Closed Lost,333568,2023-05-30,2023-11-23,177,2.1,South,Q2-2023,Normal
DEAL-00215,Riya Das,CLI-0295,SecureNet Suite,Referral,Qualification,397795,2023-05-06,,,,North,Q2-2023,Normal
DEAL-02484,Amit Pillai,CLI-0222,DevOps Accelerator,Email Campaign,Closed Lost,132166,2023-04-07,2023-04-30,23,,East,Q2-2023,Normal
DEAL-01872,Aditya Pillai,CLI-0242,CloudShift Platform,Referral,Closed Won,174607,2024-12-12,2025-04-21,130,1,South,Q4-2024,Normal
DEAL-02155,Siddharth Gupta,CLI-0209,AnalyticsEdge,Email Campaign,Closed Won,456241,2023-02-20,2023-03-28,36,14.7,South,Q1-2023,Normal
DEAL-02044,Rahul Patel,CLI-0223,DataVault Pro,Trade Show,Proposal Sent,252831,2024-09-23,,,11.3,South,Q3-2024,Normal
DEAL-00261,Deepika Das,CLI-0077,SecureNet Suite,Google Ads,Qualification,460734,2024-02-05,,,,West,Q1-2024,Normal
DEAL-01346,Siddharth Gupta,CLI-0105,CloudShift Platform,Webinar,Closed Lost,31841,2025-01-03,2025-06-03,151,2,East,Q1-2025,Normal
DEAL-00102,Priya Kumar,CLI-0172,DataVault Pro,Webinar,Closed Won,284248,2023-09-02,2023-10-31,59,0.9,South,Q3-2023,Normal
DEAL-00020,Ananya Sharma,CLI-0296,AI Insights Module,Trade Show,Closed Lost,97456,2024-07-17,2024-11-11,117,9.9,West,Q3-2024,Normal
DEAL-00980,Meera Reddy,CLI-0031,SecureNet Suite,LinkedIn Campaign,Closed Won,379140,2023-08-19,2023-11-14,87,11.2,East,Q3-2023,Normal
DEAL-00375,Deepika Das,CLI-0241,DevOps Accelerator,Organic Search,Proposal Sent,367669,2024-04-05,,,3.9,North,Q2-2024,Normal
DEAL-01125,Arjun Rao,CLI-0181,CloudShift Platform,Email Campaign,Proposal Sent,366366,2024-07-26,,,5.3,East,Q3-2024,Normal
DEAL-01894,Rahul Patel,CLI-0232,AnalyticsEdge,LinkedIn Campaign,Closed Won,181716,2023-04-04,2023-04-27,23,14.3,North,Q2-2023,Normal
DEAL-01994,Meera Reddy,CLI-0001,AI Insights Module,Trade Show,Negotiation,478527,2024-10-04,,,5.8,East,Q4-2024,Normal
DEAL-02043,Rohit Mehta,CLI-0184,DataVault Pro,Email Campaign,Closed Won,306668,2025-02-02,2025-06-29,147,2.7,North,Q1-2025,Normal
DEAL-02101,Siddharth Joshi,CLI-0147,DataVault Pro,Email Campaign,Qualification,365724,2024-06-11,,,13.1,East,Q2-2024,Normal
DEAL-01232,Neha Pillai,CLI-0262,AnalyticsEdge,LinkedIn Campaign,Proposal Sent,139384,2023-11-25,,,11.2,North,Q4-2023,Normal
DEAL-02475,Rohit Mehta,CLI-0166,SecureNet Suite,Trade Show,Negotiation,476440,2023-10-11,,,13.7,East,Q4-2023,Normal
DEAL-01248,Riya Das,CLI-0197,AnalyticsEdge,Google Ads,Closed Lost,868992,2023-10-26,2024-04-07,164,2.8,South,Q4-2023,Normal
DEAL-00787,Meera Reddy,CLI-0097,SecureNet Suite,Trade Show,Prospecting,184727,2023-02-23,,,,North,Q1-2023,Normal
DEAL-01689,Rahul Patel,CLI-0126,DataVault Pro,LinkedIn Campaign,Proposal Sent,154489,2023-07-02,,,7.8,South,Q3-2023,Normal
DEAL-01204,Rahul Patel,CLI-0181,DataVault Pro,Webinar,Negotiation,25531,2025-02-02,,,,South,Q1-2025,Normal
DEAL-02314,Rohit Mehta,CLI-0267,AnalyticsEdge,Trade Show,Prospecting,46745,2024-03-15,,,,West,Q1-2024,Normal
DEAL-01818,Amit Pillai,CLI-0206,AnalyticsEdge,Organic Search,Closed Lost,137717,2023-06-07,2023-10-22,137,5.8,North,Q2-2023,Normal
DEAL-00183,Ananya Sharma,CLI-0212,DevOps Accelerator,Google Ads,Proposal Sent,32988,2024-04-08,,,4.9,South,Q2-2024,Normal
DEAL-01886,Amit Pillai,CLI-0115,AI Insights Module,Trade Show,Closed Lost,149077,2024-12-12,2025-06-05,175,12.2,East,Q4-2024,Normal
DEAL-00076,Rohit Mehta,CLI-0103,AnalyticsEdge,Organic Search,Closed Won,90880,2024-11-17,2025-01-03,47,1.8,North,Q4-2024,Normal
DEAL-01578,Vikram Patel,CLI-0216,CloudShift Platform,Webinar,Negotiation,273716,2025-02-18,,,,North,Q1-2025,Normal
DEAL-01463,Rahul Patel,CLI-0144,CloudShift Platform,Email Campaign,Closed Won,63795,2023-01-04,2023-07-01,178,10.3,North,Q1-2023,Normal
DEAL-01198,Arjun Rao,CLI-0015,SecureNet Suite,Referral,Proposal Sent,135395,2024-02-25,,,0.4,East,Q1-2024,Normal
DEAL-02175,Rohit Mehta,CLI-0071,AI Insights Module,Cold Outreach,Closed Won,336622,2023-06-23,2023-08-13,51,14.2,North,Q2-2023,Normal
DEAL-01059,Unassigned,CLI-0267,DataVault Pro,LinkedIn Campaign,Closed Lost,70156,2023-10-06,2024-01-30,116,,South,Q4-2023,Normal
DEAL-02208,Deepika Das,CLI-0213,DataVault Pro,Webinar,Closed Lost,156855,2023-11-15,2024-04-04,141,10.9,South,Q4-2023,Normal
DEAL-00739,Aditya Pillai,CLI-0003,DataVault Pro,Google Ads,Closed Lost,201140,2023-08-23,2023-09-30,38,2.4,North,Q3-2023,Normal
DEAL-01904,Riya Das,CLI-0060,DevOps Accelerator,Organic Search,Negotiation,439133,2023-09-06,,,5.4,North,Q3-2023,Normal
DEAL-02159,Riya Das,CLI-0209,AnalyticsEdge,Email Campaign,Qualification,293818,2023-05-14,,,11,West,Q2-2023,Normal
DEAL-01428,Rohit Mehta,CLI-0058,AI Insights Module,LinkedIn Campaign,Proposal Sent,148033,2025-01-30,,,2.9,North,Q1-2025,Normal
DEAL-00961,Meera Reddy,CLI-0270,DataVault Pro,LinkedIn Campaign,Closed Lost,38034,2023-09-15,2023-11-27,73,13.3,West,Q3-2023,Normal
DEAL-02283,Aditya Pillai,CLI-0168,DataVault Pro,Unknown,Closed Won,55990,2023-02-26,2023-05-01,64,17.4,South,Q1-2023,Normal
DEAL-00903,Vikram Iyer,CLI-0145,DataVault Pro,Google Ads,Closed Lost,149099,2024-05-15,2024-11-01,170,10.3,West,Q2-2024,Normal
DEAL-02211,Neha Pillai,CLI-0005,AI Insights Module,Email Campaign,Closed Won,485121,2024-04-09,2024-08-27,140,18.4,East,Q2-2024,Normal
DEAL-01115,Riya Das,CLI-0277,DevOps Accelerator,Google Ads,Closed Lost,300010,2024-03-03,2024-08-22,172,11.7,North,Q1-2024,Normal
DEAL-01806,Meera Reddy,CLI-0201,SecureNet Suite,Email Campaign,Qualification,410855,2023-12-02,,,9.9,East,Q4-2023,Normal
DEAL-01190,Neha Pillai,CLI-0134,DataVault Pro,Trade Show,Closed Won,392920,2023-07-22,2023-10-28,98,7,East,Q3-2023,Normal
DEAL-00650,Priya Kumar,CLI-0154,DevOps Accelerator,Referral,Closed Lost,392366,2024-09-25,2025-01-11,108,8.2,West,Q3-2024,Normal
DEAL-01735,Amit Pillai,CLI-0285,DataVault Pro,Trade Show,Qualification,255595,2025-02-02,,,12.1,North,Q1-2025,Normal
DEAL-01651,Vikram Iyer,CLI-0040,DataVault Pro,Cold Outreach,Closed Lost,229366,2024-07-01,2024-08-05,35,14.3,East,Q3-2024,Normal
DEAL-00335,Neha Pillai,CLI-0271,AI Insights Module,Webinar,Qualification,458199,2024-10-11,,,,West,Q4-2024,Normal
DEAL-01288,Deepika Das,CLI-0016,AI Insights Module,Trade Show,Closed Won,221881,2025-03-11,2025-04-12,32,7.4,North,Q1-2025,Normal
DEAL-02066,Rohit Mehta,CLI-0103,CloudShift Platform,Cold Outreach,Qualification,422416,2023-05-14,,,2.9,North,Q2-2023,Normal
DEAL-00328,Vikram Iyer,CLI-0195,AnalyticsEdge,Email Campaign,Prospecting,13088,2023-12-03,,,,East,Q4-2023,Normal
DEAL-00748,Riya Das,CLI-0143,AnalyticsEdge,Webinar,Proposal Sent,36920,2023-05-30,,,13.5,East,Q2-2023,Normal
DEAL-00852,Vikram Patel,CLI-0263,SecureNet Suite,Google Ads,Closed Lost,446485,2024-05-04,2024-07-15,72,10,West,Q2-2024,Normal
DEAL-01800,Amit Pillai,CLI-0136,DevOps Accelerator,Google Ads,Closed Won,209365,2024-10-08,2025-03-22,165,23,North,Q4-2024,Normal
DEAL-00505,Rahul Patel,CLI-0243,SecureNet Suite,Referral,Proposal Sent,17407,2023-10-09,,,4.3,West,Q4-2023,Normal
DEAL-01918,Rahul Patel,CLI-0126,DataVault Pro,LinkedIn Campaign,Closed Lost,489655,2024-12-22,2025-05-24,153,8.8,East,Q4-2024,Normal
DEAL-02188,Priya Kumar,CLI-0137,AnalyticsEdge,Webinar,Closed Lost,259882,2024-10-06,2024-12-22,77,2.4,East,Q4-2024,Normal
DEAL-01978,Vikram Patel,CLI-0203,AI Insights Module,Email Campaign,Negotiation,39625,2024-07-27,,,13.3,East,Q3-2024,Normal
DEAL-01534,Amit Pillai,CLI-0104,DevOps Accelerator,Referral,Prospecting,242452,2025-01-14,,,0.1,North,Q1-2025,Normal
DEAL-00976,Amit Pillai,CLI-0231,DataVault Pro,Organic Search,Proposal Sent,58727,2025-01-11,,,3.5,East,Q1-2025,Normal
DEAL-01841,Vikram Iyer,CLI-0190,CloudShift Platform,Unknown,Closed Won,130338,2023-12-28,2024-03-26,89,3.7,North,Q4-2023,Normal
DEAL-01409,Siddharth Gupta,CLI-0203,SecureNet Suite,Cold Outreach,Closed Won,440778,2023-06-29,2023-09-28,91,21.4,East,Q2-2023,Normal
DEAL-00401,Meera Reddy,CLI-0140,SecureNet Suite,Referral,Prospecting,354433,2023-05-29,,,,East,Q2-2023,Normal
DEAL-01544,Meera Reddy,CLI-0014,DevOps Accelerator,Email Campaign,Proposal Sent,23074,2023-07-12,,,13.7,North,Q3-2023,Normal
DEAL-01568,Aditya Pillai,CLI-0225,SecureNet Suite,LinkedIn Campaign,Proposal Sent,269035,2023-11-15,,,5,South,Q4-2023,Normal
DEAL-00746,Vikram Patel,CLI-0161,DevOps Accelerator,Trade Show,Proposal Sent,167033,2023-11-19,,,7.3,South,Q4-2023,Normal
DEAL-01340,Vikram Patel,CLI-0231,AnalyticsEdge,Google Ads,Closed Lost,365937,2025-03-02,2025-04-21,50,,North,Q1-2025,Normal
DEAL-01664,Deepika Das,CLI-0112,SecureNet Suite,Referral,Negotiation,74013,2023-12-25,,,1.3,North,Q4-2023,Normal
DEAL-00419,Vikram Patel,CLI-0005,DataVault Pro,Google Ads,Negotiation,258423,2024-05-15,,,13.1,North,Q2-2024,Normal
DEAL-00186,Rohit Mehta,CLI-0118,AnalyticsEdge,Trade Show,Negotiation,305204,2023-04-03,,,11.3,South,Q2-2023,Normal
DEAL-01027,Siddharth Joshi,CLI-0237,SecureNet Suite,Google Ads,Proposal Sent,217551,2024-11-29,,,,South,Q4-2024,Normal
DEAL-02063,Neha Pillai,CLI-0092,SecureNet Suite,LinkedIn Campaign,Prospecting,225361,2024-08-16,,,5.2,East,Q3-2024,Normal
DEAL-01743,Deepika Das,CLI-0107,CloudShift Platform,Organic Search,Negotiation,227425,2024-08-29,,,11.6,West,Q3-2024,Normal
DEAL-01328,Amit Pillai,CLI-0275,SecureNet Suite,Google Ads,Closed Won,268674,2024-03-30,2024-08-28,151,3.2,South,Q1-2024,Normal
DEAL-02028,Unassigned,CLI-0223,DevOps Accelerator,Google Ads,Closed Lost,198382,2023-06-17,2023-07-24,37,11.3,West,Q2-2023,Normal
DEAL-02223,Arjun Rao,CLI-0149,AI Insights Module,Cold Outreach,Qualification,405689,2023-09-08,,,2,West,Q3-2023,Normal
DEAL-02209,Arjun Rao,CLI-0264,SecureNet Suite,Trade Show,Prospecting,16284,2023-04-24,,,,East,Q2-2023,Normal
DEAL-00947,Meera Reddy,CLI-0049,CloudShift Platform,Email Campaign,Closed Won,263881,2025-02-04,2025-03-07,31,3.2,East,Q1-2025,Normal
DEAL-01046,Vikram Patel,CLI-0121,AI Insights Module,Email Campaign,Prospecting,270686,2023-06-17,,,13,North,Q2-2023,Normal
DEAL-01906,Deepika Das,CLI-0200,CloudShift Platform,Organic Search,Closed Lost,165454,2023-06-17,2023-11-26,162,13.3,North,Q2-2023,Normal
DEAL-00116,Neha Pillai,CLI-0119,AI Insights Module,Referral,Closed Won,408923,2023-12-28,2024-03-20,83,10.6,North,Q4-2023,Normal
DEAL-00531,Rohit Mehta,CLI-0210,AnalyticsEdge,LinkedIn Campaign,Proposal Sent,352907,2023-06-04,,,4.3,West,Q2-2023,Normal
DEAL-00797,Deepika Das,CLI-0062,SecureNet Suite,Webinar,Negotiation,239705,2023-01-18,,,11.7,West,Q1-2023,Normal
DEAL-00159,Riya Das,CLI-0198,AI Insights Module,Referral,Closed Won,149950,2024-10-23,2024-12-18,56,15,West,Q4-2024,Normal
DEAL-01986,Rahul Patel,CLI-0189,DevOps Accelerator,Referral,Prospecting,75539,2024-02-03,,,9.9,East,Q1-2024,Normal
DEAL-00735,Meera Reddy,CLI-0219,DevOps Accelerator,Cold Outreach,Qualification,363008,2025-03-19,,,13.1,North,Q1-2025,Normal
DEAL-00111,Amit Pillai,CLI-0164,AnalyticsEdge,Email Campaign,Qualification,302808,2024-12-10,,,11,South,Q4-2024,Normal
DEAL-00242,Siddharth Gupta,CLI-0199,DevOps Accelerator,Webinar,Prospecting,275870,2024-07-26,,,12.9,South,Q3-2024,Normal
DEAL-01457,Siddharth Joshi,CLI-0228,CloudShift Platform,Cold Outreach,Qualification,346286,2023-12-23,,,,South,Q4-2023,Normal
DEAL-00298,Amit Pillai,CLI-0057,DataVault Pro,Email Campaign,Closed Lost,262795,2023-09-04,2023-11-20,77,11.3,North,Q3-2023,Normal
DEAL-00807,Rahul Patel,CLI-0156,DataVault Pro,Referral,Qualification,251620,2024-04-05,,,,North,Q2-2024,Normal
DEAL-01336,Vikram Patel,CLI-0094,CloudShift Platform,Google Ads,Closed Won,450628,2023-02-13,2023-07-07,144,15.1,West,Q1-2023,Normal
DEAL-00127,Arjun Rao,CLI-0158,AnalyticsEdge,Webinar,Closed Won,234206,2024-01-17,2024-02-04,18,8.8,West,Q1-2024,Normal
DEAL-02368,Ananya Sharma,CLI-0046,DataVault Pro,Email Campaign,Qualification,379914,2024-03-09,,,1,East,Q1-2024,Normal
DEAL-00446,Amit Pillai,CLI-0218,DevOps Accelerator,LinkedIn Campaign,Qualification,281186,2023-05-01,,,,East,Q2-2023,Normal
DEAL-02005,Vikram Iyer,CLI-0038,AnalyticsEdge,Trade Show,Closed Won,391292,2024-03-28,2024-06-04,68,18.6,West,Q1-2024,Normal
DEAL-00806,Neha Pillai,CLI-0133,DevOps Accelerator,Webinar,Prospecting,61123,2024-08-08,,,,South,Q3-2024,Normal
DEAL-00690,Priya Kumar,CLI-0278,DevOps Accelerator,Organic Search,Negotiation,444653,2023-08-06,,,,East,Q3-2023,Normal
DEAL-01240,Meera Reddy,CLI-0078,SecureNet Suite,Trade Show,Negotiation,132555,2024-12-11,,,5,South,Q4-2024,Normal
DEAL-01821,Vikram Patel,CLI-0049,DataVault Pro,Email Campaign,Prospecting,165173,2024-10-05,,,9.7,North,Q4-2024,Normal
DEAL-02001,Rohit Mehta,CLI-0006,DevOps Accelerator,Cold Outreach,Closed Won,490747,2023-01-08,2023-03-15,66,8.7,East,Q1-2023,Normal
DEAL-00653,Rahul Patel,CLI-0135,SecureNet Suite,Email Campaign,Qualification,397168,2024-05-13,,,4.7,North,Q2-2024,Normal
DEAL-01999,Deepika Das,CLI-0237,AnalyticsEdge,Unknown,Closed Lost,444549,2024-11-25,2025-04-25,151,2.1,North,Q4-2024,Normal
DEAL-00079,Priya Kumar,CLI-0066,DataVault Pro,Cold Outreach,Negotiation,51017,2024-09-16,,,1.3,North,Q3-2024,Normal
DEAL-02212,Ananya Sharma,CLI-0005,DataVault Pro,Referral,Closed Won,54053,2024-08-10,2024-10-21,72,16.1,South,Q3-2024,Normal
DEAL-01189,Rohit Mehta,CLI-0074,AI Insights Module,LinkedIn Campaign,Closed Lost,67428,2024-05-17,2024-08-14,89,,East,Q2-2024,Normal
DEAL-00457,Arjun Rao,CLI-0277,AI Insights Module,Email Campaign,Closed Won,247902,2023-01-22,2023-06-13,142,6.8,West,Q1-2023,Normal
DEAL-01961,Siddharth Gupta,CLI-0276,DataVault Pro,Trade Show,Negotiation,139393,2025-02-10,,,3.8,South,Q1-2025,Normal
DEAL-02315,Rahul Patel,CLI-0039,DevOps Accelerator,Webinar,Qualification,335023,2024-01-06,,,,South,Q1-2024,Normal
DEAL-01430,Siddharth Gupta,CLI-0270,SecureNet Suite,Organic Search,Closed Won,306951,2023-04-08,2023-08-03,117,6.2,South,Q2-2023,Normal
DEAL-01804,Siddharth Joshi,CLI-0105,DataVault Pro,Organic Search,Closed Won,243273,2024-11-15,2024-11-30,15,11.3,East,Q4-2024,Normal
DEAL-00684,Aditya Pillai,CLI-0112,SecureNet Suite,Google Ads,Qualification,464944,2024-05-03,,,5.5,West,Q2-2024,Normal
DEAL-00904,Priya Kumar,CLI-0028,AI Insights Module,Organic Search,Qualification,344195,2023-03-04,,,12,North,Q1-2023,Normal
DEAL-01740,Vikram Iyer,CLI-0267,SecureNet Suite,Referral,Qualification,313383,2025-02-22,,,12,East,Q1-2025,Normal
DEAL-02415,Siddharth Gupta,CLI-0172,AI Insights Module,Email Campaign,Closed Lost,183026,2023-04-11,2023-09-22,164,0.7,South,Q2-2023,Normal
DEAL-01764,Deepika Das,CLI-0067,CloudShift Platform,Organic Search,Qualification,1154021,2023-06-20,,,6.5,East,Q2-2023,High Outlier
DEAL-01579,Rohit Mehta,CLI-0201,AnalyticsEdge,Email Campaign,Closed Won,166026,2024-07-03,2024-08-24,52,10.6,North,Q3-2024,Normal
DEAL-00220,Arjun Rao,CLI-0288,CloudShift Platform,Organic Search,Proposal Sent,227546,2024-06-24,,,,North,Q2-2024,Normal
DEAL-00485,Arjun Rao,CLI-0289,CloudShift Platform,Email Campaign,Negotiation,119338,2023-02-09,,,,West,Q1-2023,Normal
DEAL-01373,Rahul Patel,CLI-0112,DataVault Pro,Email Campaign,Negotiation,296280,2023-03-01,,,4.9,East,Q1-2023,Normal
DEAL-00830,Siddharth Joshi,CLI-0079,CloudShift Platform,Email Campaign,Negotiation,388143,2023-05-07,,,8.2,South,Q2-2023,Normal
DEAL-02500,Siddharth Joshi,CLI-0230,AI Insights Module,Trade Show,Negotiation,81037,2023-06-21,,,12.7,South,Q2-2023,Normal
DEAL-00420,Amit Pillai,CLI-0283,DevOps Accelerator,Webinar,Closed Won,416457,2023-11-08,2024-02-16,100,18.4,East,Q4-2023,Normal
DEAL-01245,Neha Pillai,CLI-0232,DataVault Pro,Organic Search,Qualification,150616,2024-02-18,,,,East,Q1-2024,Normal
DEAL-01965,Deepika Das,CLI-0264,DevOps Accelerator,Referral,Proposal Sent,419412,2024-08-10,,,1.3,East,Q3-2024,Normal
DEAL-01309,Neha Pillai,CLI-0273,SecureNet Suite,Webinar,Closed Won,206049,2024-09-02,2024-09-21,19,23.5,South,Q3-2024,Normal
DEAL-01929,Arjun Rao,CLI-0213,AI Insights Module,Trade Show,Closed Lost,135384,2023-09-26,2023-12-30,95,8.9,South,Q3-2023,Normal
DEAL-01249,Amit Pillai,CLI-0050,AnalyticsEdge,Webinar,Negotiation,420265,2023-09-05,,,,South,Q3-2023,Normal
DEAL-02260,Vikram Patel,CLI-0200,CloudShift Platform,Cold Outreach,Closed Won,491746,2024-07-20,2024-10-12,84,8.1,North,Q3-2024,Normal
DEAL-00181,Vikram Patel,CLI-0205,AI Insights Module,Referral,Negotiation,12163,2024-08-07,,,2.7,South,Q3-2024,Normal
DEAL-00776,Ananya Sharma,CLI-0004,AI Insights Module,Cold Outreach,Proposal Sent,484981,2025-01-16,,,,East,Q1-2025,Normal
DEAL-01858,Riya Das,CLI-0139,DevOps Accelerator,Email Campaign,Closed Lost,30434,2023-04-22,2023-08-04,104,,South,Q2-2023,Normal
DEAL-01912,Vikram Patel,CLI-0134,SecureNet Suite,Cold Outreach,Negotiation,137088,2025-03-18,,,10,North,Q1-2025,Normal
DEAL-02477,Rahul Patel,CLI-0111,DevOps Accelerator,LinkedIn Campaign,Negotiation,111166,2024-08-31,,,3.2,East,Q3-2024,Normal
DEAL-02189,Vikram Patel,CLI-0215,DataVault Pro,Trade Show,Proposal Sent,30633,2024-04-30,,,5.8,South,Q2-2024,Normal
DEAL-01535,Siddharth Gupta,CLI-0247,CloudShift Platform,Organic Search,Negotiation,324644,2024-10-01,,,10.2,South,Q4-2024,Normal
DEAL-00851,Ananya Sharma,CLI-0076,DataVault Pro,Organic Search,Negotiation,494350,2023-09-15,,,12.6,West,Q3-2023,Normal
DEAL-02174,Unassigned,CLI-0135,SecureNet Suite,Webinar,Proposal Sent,168276,2023-12-09,,,,South,Q4-2023,Normal
DEAL-02115,Deepika Das,CLI-0203,SecureNet Suite,Webinar,Prospecting,386542,2024-08-20,,,3.5,West,Q3-2024,Normal
DEAL-00791,Vikram Patel,CLI-0212,DataVault Pro,LinkedIn Campaign,Closed Won,143693,2024-05-24,2024-06-08,15,10.1,South,Q2-2024,Normal
DEAL-02177,Meera Reddy,CLI-0160,DataVault Pro,LinkedIn Campaign,Prospecting,313085,2024-01-02,,,,South,Q1-2024,Normal
DEAL-02195,Vikram Iyer,CLI-0264,AnalyticsEdge,Google Ads,Proposal Sent,351161,2023-12-27,,,13.6,South,Q4-2023,Normal
DEAL-01890,Vikram Iyer,CLI-0151,CloudShift Platform,Referral,Prospecting,450050,2024-02-16,,,5.7,East,Q1-2024,Normal
DEAL-02083,Vikram Patel,CLI-0061,AnalyticsEdge,Google Ads,Qualification,456045,2023-05-20,,,,West,Q2-2023,Normal
DEAL-02308,Siddharth Gupta,CLI-0151,AI Insights Module,Trade Show,Closed Won,259479,2023-12-05,2024-03-01,87,13.8,North,Q4-2023,Normal
DEAL-02416,Arjun Rao,CLI-0106,CloudShift Platform,Webinar,Closed Won,415205,2023-06-05,2023-08-31,87,15.6,North,Q2-2023,Normal
DEAL-02098,Arjun Rao,CLI-0219,SecureNet Suite,Webinar,Qualification,358285,2023-05-24,,,10.5,West,Q2-2023,Normal
DEAL-01071,Deepika Das,CLI-0023,CloudShift Platform,Trade Show,Closed Lost,306246,2023-07-10,2023-11-20,133,1.6,East,Q3-2023,Normal
DEAL-02182,Aditya Pillai,CLI-0204,DevOps Accelerator,LinkedIn Campaign,Proposal Sent,976351,2023-08-10,,,12.2,West,Q3-2023,High Outlier
DEAL-02369,Priya Kumar,CLI-0225,AI Insights Module,Cold Outreach,Negotiation,179695,2024-12-15,,,6.6,West,Q4-2024,Normal
DEAL-01355,Riya Das,CLI-0014,AI Insights Module,Email Campaign,Proposal Sent,361562,2024-02-10,,,,West,Q1-2024,Normal
DEAL-00114,Aditya Pillai,CLI-0179,DevOps Accelerator,Referral,Closed Won,52445,2023-12-10,2024-01-08,29,22.8,East,Q4-2023,Normal
DEAL-01529,Siddharth Joshi,CLI-0026,DevOps Accelerator,Trade Show,Negotiation,57862,2024-01-29,,,3.6,West,Q1-2024,Normal
DEAL-00192,Priya Kumar,CLI-0052,SecureNet Suite,LinkedIn Campaign,Qualification,17274,2023-01-17,,,,North,Q1-2023,Normal
DEAL-01867,Deepika Das,CLI-0242,AnalyticsEdge,LinkedIn Campaign,Proposal Sent,285905,2023-08-12,,,14.9,West,Q3-2023,Normal
DEAL-02027,Neha Pillai,CLI-0026,AI Insights Module,Organic Search,Closed Won,300964,2024-06-01,2024-11-17,169,20.4,North,Q2-2024,Normal
DEAL-01794,Rahul Patel,CLI-0076,SecureNet Suite,Webinar,Negotiation,181602,2023-02-27,,,,North,Q1-2023,Normal
DEAL-00022,Arjun Rao,CLI-0107,SecureNet Suite,Google Ads,Negotiation,476786,2023-11-04,,,,East,Q4-2023,Normal
DEAL-01494,Ananya Sharma,CLI-0227,AnalyticsEdge,Trade Show,Closed Won,76484,2025-02-12,2025-07-14,152,2.6,South,Q1-2025,Normal
DEAL-00656,Vikram Iyer,CLI-0008,AI Insights Module,Email Campaign,Closed Won,157447,2023-09-13,2023-10-27,44,3.7,West,Q3-2023,Normal
DEAL-01837,Rohit Mehta,CLI-0090,SecureNet Suite,Email Campaign,Closed Lost,175594,2023-03-11,2023-08-17,159,,West,Q1-2023,Normal
DEAL-02296,Ananya Sharma,CLI-0142,DevOps Accelerator,Unknown,Prospecting,148935,2023-11-06,,,,North,Q4-2023,Normal
DEAL-00778,Vikram Iyer,CLI-0065,AnalyticsEdge,Cold Outreach,Closed Won,196782,2023-12-28,2024-02-26,60,4.7,East,Q4-2023,Normal
DEAL-01508,Neha Pillai,CLI-0184,DevOps Accelerator,Referral,Proposal Sent,442469,2023-01-01,,,1.2,East,Q1-2023,Normal
DEAL-01491,Meera Reddy,CLI-0067,AI Insights Module,Trade Show,Qualification,139013,2023-07-23,,,,East,Q3-2023,Normal
DEAL-00913,Neha Pillai,CLI-0117,AI Insights Module,Google Ads,Closed Won,122521,2024-08-05,2025-01-19,167,19.5,West,Q3-2024,Normal
DEAL-02398,Amit Pillai,CLI-0280,CloudShift Platform,Referral,Qualification,61246,2023-11-02,,,0.2,South,Q4-2023,Normal
DEAL-00668,Siddharth Gupta,CLI-0283,DataVault Pro,Trade Show,Closed Won,320540,2024-02-27,2024-07-20,144,5.5,East,Q1-2024,Normal
DEAL-00743,Arjun Rao,CLI-0061,DataVault Pro,Webinar,Prospecting,91741,2023-09-05,,,12.9,East,Q3-2023,Normal
DEAL-00296,Neha Pillai,CLI-0033,AI Insights Module,Email Campaign,Qualification,264036,2024-09-19,,,11.9,West,Q3-2024,Normal
DEAL-01465,Rahul Patel,CLI-0103,DataVault Pro,Cold Outreach,Prospecting,155604,2023-06-09,,,7.9,East,Q2-2023,Normal
DEAL-00762,Rohit Mehta,CLI-0007,AnalyticsEdge,Email Campaign,Qualification,321096,2024-06-22,,,1.1,South,Q2-2024,Normal
DEAL-01736,Neha Pillai,CLI-0017,SecureNet Suite,LinkedIn Campaign,Qualification,323038,2023-07-11,,,,South,Q3-2023,Normal
DEAL-00793,Aditya Pillai,CLI-0047,AI Insights Module,Referral,Closed Won,445143,2024-02-28,2024-04-10,42,11.2,South,Q1-2024,Normal
DEAL-00404,Rohit Mehta,CLI-0019,CloudShift Platform,Cold Outreach,Prospecting,420677,2023-01-05,,,,West,Q1-2023,Normal
DEAL-02219,Neha Pillai,CLI-0041,CloudShift Platform,Google Ads,Negotiation,83315,2023-01-10,,,,East,Q1-2023,Normal
DEAL-00714,Neha Pillai,CLI-0169,AnalyticsEdge,Google Ads,Proposal Sent,127137,2024-11-30,,,8.8,West,Q4-2024,Normal
DEAL-02442,Vikram Patel,CLI-0038,DevOps Accelerator,Webinar,Closed Lost,179417,2024-03-05,2024-08-21,169,,East,Q1-2024,Normal
DEAL-00447,Amit Pillai,CLI-0137,AnalyticsEdge,Organic Search,Prospecting,466903,2023-10-22,,,1.1,East,Q4-2023,Normal
DEAL-02350,Vikram Patel,CLI-0209,DevOps Accelerator,Email Campaign,Closed Won,199142,2024-05-25,2024-07-23,59,23.9,South,Q2-2024,Normal
DEAL-01506,Neha Pillai,CLI-0263,DataVault Pro,Trade Show,Negotiation,398007,2024-12-15,,,,East,Q4-2024,Normal
DEAL-01603,Amit Pillai,CLI-0037,DataVault Pro,Email Campaign,Closed Lost,394050,2024-10-09,2024-12-02,54,4.8,East,Q4-2024,Normal
DEAL-00502,Arjun Rao,CLI-0231,CloudShift Platform,Trade Show,Closed Lost,387457,2024-11-23,2025-02-15,84,9.2,South,Q4-2024,Normal
DEAL-01659,Vikram Iyer,CLI-0155,DevOps Accelerator,LinkedIn Campaign,Qualification,331847,2024-09-04,,,,West,Q3-2024,Normal
DEAL-01345,Arjun Rao,CLI-0268,AI Insights Module,Google Ads,Qualification,80912,2023-09-26,,,5.1,West,Q3-2023,Normal
DEAL-01025,Siddharth Joshi,CLI-0046,SecureNet Suite,Referral,Closed Won,362912,2024-10-04,2024-10-22,18,15.9,North,Q4-2024,Normal
DEAL-00867,Amit Pillai,CLI-0241,CloudShift Platform,Organic Search,Negotiation,244504,2024-12-04,,,4,North,Q4-2024,Normal
DEAL-00799,Riya Das,CLI-0041,DataVault Pro,Cold Outreach,Proposal Sent,138080,2024-11-15,,,14,South,Q4-2024,Normal
DEAL-00755,Deepika Das,CLI-0148,DevOps Accelerator,Organic Search,Closed Lost,145310,2024-07-15,2024-10-22,99,,East,Q3-2024,Normal
DEAL-00472,Ananya Sharma,CLI-0262,AI Insights Module,Webinar,Closed Won,427257,2023-11-18,2024-01-02,45,10.5,South,Q4-2023,Normal
DEAL-00594,Riya Das,CLI-0121,DataVault Pro,Organic Search,Proposal Sent,356660,2025-01-24,,,,West,Q1-2025,Normal
DEAL-00349,Siddharth Gupta,CLI-0272,AnalyticsEdge,Unknown,Negotiation,250852,2023-06-30,,,2.8,South,Q2-2023,Normal
DEAL-01538,Arjun Rao,CLI-0196,AI Insights Module,Referral,Closed Won,398854,2024-09-19,2025-01-22,125,5.1,West,Q3-2024,Normal
DEAL-00246,Rahul Patel,CLI-0253,SecureNet Suite,Webinar,Proposal Sent,300720,2023-07-20,,,0.3,North,Q3-2023,Normal
DEAL-00941,Meera Reddy,CLI-0152,SecureNet Suite,Email Campaign,Negotiation,89528,2023-01-12,,,2.3,West,Q1-2023,Normal
DEAL-00185,Neha Pillai,CLI-0255,SecureNet Suite,Webinar,Qualification,267344,2025-01-23,,,12.1,South,Q1-2025,Normal
DEAL-01536,Deepika Das,CLI-0237,AnalyticsEdge,LinkedIn Campaign,Qualification,228881,2024-06-30,,,,North,Q2-2024,Normal
DEAL-01730,Siddharth Joshi,CLI-0188,AnalyticsEdge,Google Ads,Closed Lost,453089,2024-05-10,2024-06-07,28,11.7,East,Q2-2024,Normal
DEAL-02357,Riya Das,CLI-0185,SecureNet Suite,Cold Outreach,Closed Lost,184299,2023-10-23,2023-12-19,57,1.2,East,Q4-2023,Normal
DEAL-00311,Aditya Pillai,CLI-0123,DevOps Accelerator,Email Campaign,Proposal Sent,400782,2024-08-30,,,2.7,West,Q3-2024,Normal
DEAL-00972,Ananya Sharma,CLI-0292,SecureNet Suite,Trade Show,Qualification,434790,2025-01-16,,,14.8,West,Q1-2025,Normal
DEAL-00560,Siddharth Joshi,CLI-0148,DataVault Pro,Cold Outreach,Qualification,88689,2025-03-07,,,,South,Q1-2025,Normal
DEAL-02423,Deepika Das,CLI-0233,CloudShift Platform,Email Campaign,Qualification,360717,2023-08-17,,,13.9,North,Q3-2023,Normal
DEAL-01845,Rahul Patel,CLI-0177,DataVault Pro,Organic Search,Prospecting,401025,2023-08-25,,,0,East,Q3-2023,Normal
DEAL-01019,Rohit Mehta,CLI-0036,CloudShift Platform,Webinar,Qualification,377223,2023-04-12,,,9.7,South,Q2-2023,Normal
DEAL-01563,Rohit Mehta,CLI-0134,DataVault Pro,Organic Search,Proposal Sent,189422,2023-09-23,,,9.5,North,Q3-2023,Normal
DEAL-02377,Vikram Iyer,CLI-0054,AnalyticsEdge,Email Campaign,Closed Won,453391,2023-03-26,2023-08-13,140,19.3,South,Q1-2023,Normal
DEAL-00845,Neha Pillai,CLI-0241,DevOps Accelerator,Trade Show,Closed Won,308194,2023-12-05,2024-05-12,159,0.5,East,Q4-2023,Normal
DEAL-01982,Neha Pillai,CLI-0237,AI Insights Module,Trade Show,Closed Won,314108,2023-02-07,2023-06-29,142,19.9,North,Q1-2023,Normal
DEAL-00805,Unassigned,CLI-0111,AnalyticsEdge,Referral,Closed Won,475288,2023-04-01,2023-08-22,143,23.1,East,Q2-2023,Normal
DEAL-01897,Ananya Sharma,CLI-0072,AI Insights Module,Referral,Closed Lost,231386,2025-02-05,2025-06-15,130,3.8,East,Q1-2025,Normal
DEAL-00542,Siddharth Joshi,CLI-0167,DataVault Pro,Google Ads,Closed Won,125897,2023-10-22,2024-04-09,170,14.7,East,Q4-2023,Normal
DEAL-01726,Vikram Iyer,CLI-0147,SecureNet Suite,Referral,Qualification,211947,2023-04-29,,,11.3,West,Q2-2023,Normal
DEAL-00986,Rahul Patel,CLI-0230,SecureNet Suite,Trade Show,Closed Won,421072,2024-07-08,2025-01-04,180,7,West,Q3-2024,Normal
DEAL-02221,Vikram Patel,CLI-0008,AnalyticsEdge,Trade Show,Negotiation,283582,2023-10-07,,,2.2,East,Q4-2023,Normal
DEAL-01222,Deepika Das,CLI-0225,CloudShift Platform,Referral,Negotiation,227842,2023-01-29,,,8.3,West,Q1-2023,Normal
DEAL-01181,Amit Pillai,CLI-0228,DevOps Accelerator,Google Ads,Closed Won,257785,2024-11-01,2025-02-23,114,4.6,North,Q4-2024,Normal
DEAL-01353,Meera Reddy,CLI-0251,AI Insights Module,Organic Search,Qualification,366520,2024-12-12,,,14.1,North,Q4-2024,Normal
DEAL-00175,Deepika Das,CLI-0075,CloudShift Platform,Email Campaign,Qualification,179473,2024-02-12,,,10.3,West,Q1-2024,Normal
DEAL-00846,Rahul Patel,CLI-0154,CloudShift Platform,Webinar,Closed Won,433141,2023-10-29,2023-12-19,51,10.7,North,Q4-2023,Normal
DEAL-02131,Rohit Mehta,CLI-0033,CloudShift Platform,LinkedIn Campaign,Negotiation,286656,2024-11-04,,,0.3,East,Q4-2024,Normal
DEAL-01964,Rahul Patel,CLI-0164,AI Insights Module,Email Campaign,Closed Won,430962,2025-03-27,2025-08-24,150,9.2,North,Q1-2025,Normal
DEAL-01045,Siddharth Gupta,CLI-0036,AnalyticsEdge,LinkedIn Campaign,Closed Lost,302018,2023-06-10,2023-08-17,68,,South,Q2-2023,Normal
DEAL-01777,Riya Das,CLI-0173,DataVault Pro,Organic Search,Qualification,468228,2024-04-14,,,,North,Q2-2024,Normal
DEAL-01951,Aditya Pillai,CLI-0093,AnalyticsEdge,Trade Show,Proposal Sent,326982,2025-01-02,,,2.1,South,Q1-2025,Normal
DEAL-01286,Neha Pillai,CLI-0297,DevOps Accelerator,Referral,Negotiation,50712,2024-03-13,,,0.7,West,Q1-2024,Normal
DEAL-01405,Riya Das,CLI-0233,DevOps Accelerator,LinkedIn Campaign,Closed Won,315544,2024-04-06,2024-09-26,173,1.3,South,Q2-2024,Normal
DEAL-01290,Amit Pillai,CLI-0181,AnalyticsEdge,Google Ads,Proposal Sent,133830,2025-02-09,,,,North,Q1-2025,Normal
DEAL-00154,Neha Pillai,CLI-0118,CloudShift Platform,Referral,Proposal Sent,273595,2024-11-14,,,5.1,East,Q4-2024,Normal
DEAL-00978,Unassigned,CLI-0164,CloudShift Platform,Google Ads,Qualification,415324,2024-04-13,,,12.5,South,Q2-2024,Normal
DEAL-02274,Siddharth Gupta,CLI-0194,AnalyticsEdge,Trade Show,Qualification,88245,2024-07-06,,,10.9,East,Q3-2024,Normal
DEAL-00003,Riya Das,CLI-0288,AnalyticsEdge,Cold Outreach,Prospecting,235672,2024-09-03,,,,East,Q3-2024,Normal
DEAL-00526,Vikram Iyer,CLI-0023,DevOps Accelerator,Webinar,Qualification,184665,2023-02-25,,,14.6,South,Q1-2023,Normal
DEAL-00189,Priya Kumar,CLI-0081,SecureNet Suite,Organic Search,Proposal Sent,52870,2023-01-17,,,1.7,South,Q1-2023,Normal
DEAL-01228,Amit Pillai,CLI-0260,SecureNet Suite,Webinar,Proposal Sent,121086,2024-12-12,,,1.7,South,Q4-2024,Normal
DEAL-00897,Neha Pillai,CLI-0110,DevOps Accelerator,Webinar,Closed Lost,495536,2023-07-06,2023-09-03,59,14.3,South,Q3-2023,Normal
DEAL-01209,Deepika Das,CLI-0047,DevOps Accelerator,Trade Show,Closed Won,378885,2023-12-26,2024-04-21,117,21.4,East,Q4-2023,Normal
DEAL-02364,Ananya Sharma,CLI-0195,AnalyticsEdge,Organic Search,Prospecting,50646,2023-09-30,,,6.6,North,Q3-2023,Normal
DEAL-02284,Riya Das,CLI-0050,DevOps Accelerator,Cold Outreach,Closed Won,219968,2024-05-28,2024-10-26,151,13.1,East,Q2-2024,Normal
DEAL-00614,Rahul Patel,CLI-0238,DataVault Pro,Cold Outreach,Closed Lost,264510,2024-03-24,2024-07-09,107,14.4,North,Q1-2024,Normal
DEAL-02299,Meera Reddy,CLI-0041,SecureNet Suite,Referral,Negotiation,428715,2025-02-01,,,13,South,Q1-2025,Normal
DEAL-01266,Rahul Patel,CLI-0184,DevOps Accelerator,Referral,Closed Won,143364,2024-11-22,2025-02-27,97,13.5,North,Q4-2024,Normal
DEAL-00424,Siddharth Gupta,CLI-0065,AnalyticsEdge,Email Campaign,Negotiation,425511,2023-10-23,,,,South,Q4-2023,Normal
DEAL-00099,Rohit Mehta,CLI-0088,SecureNet Suite,Trade Show,Proposal Sent,368659,2023-05-21,,,4.8,South,Q2-2023,Normal
DEAL-00661,Amit Pillai,CLI-0213,AI Insights Module,Google Ads,Proposal Sent,114670,2024-01-25,,,5.8,East,Q1-2024,Normal
DEAL-00988,Siddharth Joshi,CLI-0114,SecureNet Suite,Cold Outreach,Proposal Sent,446962,2023-11-23,,,6.5,North,Q4-2023,Normal
DEAL-01750,Ananya Sharma,CLI-0213,AnalyticsEdge,Google Ads,Closed Won,463209,2024-04-01,2024-09-15,167,3.4,West,Q2-2024,Normal
DEAL-01090,Riya Das,CLI-0073,DataVault Pro,Cold Outreach,Closed Won,99457,2023-08-10,2023-11-02,84,23.8,South,Q3-2023,Normal
DEAL-00686,Siddharth Joshi,CLI-0260,DataVault Pro,Referral,Prospecting,198909,2023-12-13,,,1.2,North,Q4-2023,Normal
DEAL-01575,Rahul Patel,CLI-0120,CloudShift Platform,Referral,Proposal Sent,481802,2023-11-26,,,6.6,West,Q4-2023,Normal
DEAL-01706,Ananya Sharma,CLI-0024,SecureNet Suite,Webinar,Proposal Sent,23206,2023-12-17,,,2.7,West,Q4-2023,Normal
DEAL-01637,Rahul Patel,CLI-0018,SecureNet Suite,Referral,Proposal Sent,251012,2023-01-29,,,14.4,West,Q1-2023,Normal
DEAL-00795,Vikram Patel,CLI-0047,AnalyticsEdge,Email Campaign,Qualification,419675,2023-03-03,,,11.2,South,Q1-2023,Normal
DEAL-00267,Priya Kumar,CLI-0059,AnalyticsEdge,Organic Search,Closed Won,458671,2023-02-08,2023-02-25,17,17.7,South,Q1-2023,Normal
DEAL-01681,Neha Pillai,CLI-0179,AI Insights Module,Referral,Proposal Sent,357507,2024-05-06,,,5.7,East,Q2-2024,Normal
DEAL-01612,Neha Pillai,CLI-0021,CloudShift Platform,Cold Outreach,Proposal Sent,194044,2023-04-04,,,1.8,West,Q2-2023,Normal
DEAL-01480,Rohit Mehta,CLI-0190,SecureNet Suite,Webinar,Negotiation,128677,2023-01-21,,,,West,Q1-2023,Normal
DEAL-01850,Arjun Rao,CLI-0285,DevOps Accelerator,Trade Show,Prospecting,386877,2023-05-06,,,,East,Q2-2023,Normal
DEAL-00514,Rahul Patel,CLI-0169,DataVault Pro,LinkedIn Campaign,Proposal Sent,453444,2024-03-30,,,,North,Q1-2024,Normal
DEAL-00436,Deepika Das,CLI-0267,SecureNet Suite,Cold Outreach,Closed Won,318681,2024-11-14,2025-02-07,85,17.4,North,Q4-2024,Normal
DEAL-00910,Riya Das,CLI-0134,AnalyticsEdge,Referral,Qualification,336617,2023-08-08,,,0.6,West,Q3-2023,Normal
DEAL-01020,Siddharth Joshi,CLI-0260,DevOps Accelerator,Email Campaign,Closed Won,369868,2023-04-07,2023-08-11,126,2.8,West,Q2-2023,Normal
DEAL-00992,Priya Kumar,CLI-0236,CloudShift Platform,LinkedIn Campaign,Negotiation,10537,2024-04-19,,,,North,Q2-2024,Normal
DEAL-02349,Vikram Patel,CLI-0133,DevOps Accelerator,Webinar,Proposal Sent,354519,2023-07-14,,,,East,Q3-2023,Normal
DEAL-01384,Deepika Das,CLI-0143,SecureNet Suite,Trade Show,Closed Won,268024,2024-06-05,2024-06-23,18,12.5,South,Q2-2024,Normal
DEAL-02097,Arjun Rao,CLI-0063,AI Insights Module,Email Campaign,Qualification,95643,2023-05-30,,,13,East,Q2-2023,Normal
DEAL-00949,Riya Das,CLI-0061,AI Insights Module,Trade Show,Closed Lost,296216,2024-11-10,2025-04-11,152,13.7,West,Q4-2024,Normal
DEAL-00885,Arjun Rao,CLI-0201,SecureNet Suite,Webinar,Qualification,279618,2025-02-24,,,,South,Q1-2025,Normal
DEAL-00476,Rahul Patel,CLI-0100,DevOps Accelerator,LinkedIn Campaign,Qualification,14080,2024-01-14,,,10.1,East,Q1-2024,Normal
DEAL-00671,Vikram Patel,CLI-0118,SecureNet Suite,Referral,Qualification,99418,2023-12-28,,,6.1,East,Q4-2023,Normal
DEAL-00482,Rohit Mehta,CLI-0270,SecureNet Suite,Webinar,Negotiation,154760,2025-01-23,,,7.7,East,Q1-2025,Normal
DEAL-01555,Ananya Sharma,CLI-0293,AnalyticsEdge,Organic Search,Negotiation,12398,2024-09-15,,,,West,Q3-2024,Normal
DEAL-00422,Rahul Patel,CLI-0139,AnalyticsEdge,Google Ads,Qualification,398503,2024-03-17,,,5.4,South,Q1-2024,Normal
DEAL-02113,Rahul Patel,CLI-0065,AnalyticsEdge,Referral,Qualification,426458,2024-11-04,,,7.3,West,Q4-2024,Normal
DEAL-01864,Ananya Sharma,CLI-0182,SecureNet Suite,Cold Outreach,Qualification,32657,2024-08-18,,,,West,Q3-2024,Normal
DEAL-01771,Siddharth Gupta,CLI-0154,AI Insights Module,Email Campaign,Qualification,136734,2023-02-15,,,,North,Q1-2023,Normal
DEAL-00445,Priya Kumar,CLI-0134,AnalyticsEdge,Referral,Closed Won,309038,2024-05-27,2024-09-09,105,22.5,South,Q2-2024,Normal
DEAL-01337,Ananya Sharma,CLI-0044,DevOps Accelerator,LinkedIn Campaign,Negotiation,389000,2024-10-06,,,,South,Q4-2024,Normal
DEAL-00369,Neha Pillai,CLI-0221,CloudShift Platform,Google Ads,Proposal Sent,1547947,2025-02-08,,,4.2,South,Q1-2025,High Outlier
DEAL-00131,Ananya Sharma,CLI-0245,AnalyticsEdge,Webinar,Negotiation,370627,2023-01-30,,,,North,Q1-2023,Normal
DEAL-00680,Neha Pillai,CLI-0048,AI Insights Module,Webinar,Proposal Sent,417769,2023-09-10,,,,East,Q3-2023,Normal
DEAL-01522,Siddharth Joshi,CLI-0076,CloudShift Platform,Google Ads,Closed Won,385562,2023-05-25,2023-07-28,64,7.3,South,Q2-2023,Normal
DEAL-00319,Siddharth Gupta,CLI-0201,DataVault Pro,Referral,Proposal Sent,61352,2023-08-16,,,,North,Q3-2023,Normal
DEAL-01985,Siddharth Joshi,CLI-0240,DevOps Accelerator,Cold Outreach,Negotiation,312721,2023-02-11,,,2.9,South,Q1-2023,Normal
DEAL-02317,Vikram Iyer,CLI-0300,AI Insights Module,Cold Outreach,Closed Won,221222,2024-09-30,2024-10-21,21,24.4,South,Q3-2024,Normal
DEAL-00255,Amit Pillai,CLI-0141,DataVault Pro,Webinar,Closed Lost,404465,2024-07-10,2024-09-29,81,4.5,West,Q3-2024,Normal
DEAL-00936,Meera Reddy,CLI-0098,SecureNet Suite,Email Campaign,Closed Won,444535,2023-07-13,2023-11-02,112,7.5,West,Q3-2023,Normal
DEAL-02029,Neha Pillai,CLI-0271,AI Insights Module,Google Ads,Proposal Sent,401722,2024-02-21,,,12.6,North,Q1-2024,Normal
DEAL-02428,Rohit Mehta,CLI-0010,DataVault Pro,Webinar,Proposal Sent,472525,2023-11-20,,,4.1,North,Q4-2023,Normal
DEAL-00092,Aditya Pillai,CLI-0137,AnalyticsEdge,Google Ads,Closed Lost,88042,2023-01-01,2023-01-25,24,4,West,Q1-2023,Normal
DEAL-01748,Ananya Sharma,CLI-0115,CloudShift Platform,Organic Search,Qualification,367011,2024-04-03,,,,North,Q2-2024,Normal
DEAL-00407,Siddharth Joshi,CLI-0014,AI Insights Module,Trade Show,Qualification,56146,2024-01-13,,,12.2,North,Q1-2024,Normal
DEAL-02319,Priya Kumar,CLI-0139,AI Insights Module,Google Ads,Negotiation,185841,2023-12-09,,,11.8,West,Q4-2023,Normal
DEAL-01672,Aditya Pillai,CLI-0002,CloudShift Platform,Trade Show,Negotiation,345337,2024-07-31,,,,West,Q3-2024,Normal
DEAL-02441,Amit Pillai,CLI-0256,AnalyticsEdge,Cold Outreach,Closed Won,59673,2023-11-13,2024-02-16,95,8.9,South,Q4-2023,Normal
DEAL-01269,Vikram Iyer,CLI-0003,DataVault Pro,Webinar,Closed Lost,178107,2024-12-28,2025-05-14,137,,East,Q4-2024,Normal
DEAL-00264,Vikram Patel,CLI-0106,SecureNet Suite,Cold Outreach,Proposal Sent,441714,2023-06-29,,,,West,Q2-2023,Normal
DEAL-02360,Siddharth Gupta,CLI-0017,CloudShift Platform,Google Ads,Negotiation,434422,2024-01-13,,,14.7,South,Q1-2024,Normal
DEAL-01442,Riya Das,CLI-0151,AI Insights Module,Referral,Closed Won,56338,2023-01-24,2023-06-15,142,11.8,West,Q1-2023,Normal
DEAL-00716,Vikram Patel,CLI-0024,DevOps Accelerator,Trade Show,Prospecting,55740,2024-11-11,,,5.4,South,Q4-2024,Normal
DEAL-02118,Priya Kumar,CLI-0268,AI Insights Module,Referral,Closed Lost,237241,2024-08-24,2024-09-18,25,0,South,Q3-2024,Normal
DEAL-00808,Neha Pillai,CLI-0234,AI Insights Module,Trade Show,Qualification,43170,2023-06-12,,,,East,Q2-2023,Normal
DEAL-01207,Arjun Rao,CLI-0041,DevOps Accelerator,LinkedIn Campaign,Proposal Sent,13588,2025-01-06,,,11.2,South,Q1-2025,Normal
DEAL-01418,Siddharth Joshi,CLI-0141,SecureNet Suite,Google Ads,Closed Won,120776,2023-12-25,2024-01-25,31,21.3,East,Q4-2023,Normal
DEAL-01476,Deepika Das,CLI-0128,DevOps Accelerator,Webinar,Closed Won,455057,2023-10-03,2024-01-03,92,20.9,South,Q4-2023,Normal
DEAL-01796,Siddharth Joshi,CLI-0258,AI Insights Module,Webinar,Closed Won,275730,2023-01-13,2023-04-24,101,10.1,North,Q1-2023,Normal
DEAL-00601,Rohit Mehta,CLI-0247,CloudShift Platform,Trade Show,Proposal Sent,482360,2024-03-07,,,13.4,South,Q1-2024,Normal
DEAL-01313,Deepika Das,CLI-0020,DevOps Accelerator,Organic Search,Proposal Sent,383450,2023-06-05,,,15,South,Q2-2023,Normal
DEAL-01843,Unassigned,CLI-0052,SecureNet Suite,LinkedIn Campaign,Qualification,393447,2023-12-28,,,5,North,Q4-2023,Normal
DEAL-01380,Unassigned,CLI-0233,AnalyticsEdge,Google Ads,Negotiation,132358,2024-04-26,,,13,West,Q2-2024,Normal
DEAL-01757,Riya Das,CLI-0148,SecureNet Suite,Email Campaign,Negotiation,96397,2024-01-21,,,,West,Q1-2024,Normal
DEAL-01914,Arjun Rao,CLI-0016,AI Insights Module,Webinar,Proposal Sent,494338,2023-09-12,,,0.8,South,Q3-2023,Normal
DEAL-02443,Siddharth Joshi,CLI-0299,AI Insights Module,Trade Show,Negotiation,140891,2024-07-10,,,,West,Q3-2024,Normal
DEAL-01350,Unassigned,CLI-0082,SecureNet Suite,Trade Show,Prospecting,15497,2024-10-17,,,2.3,West,Q4-2024,Normal
DEAL-00321,Priya Kumar,CLI-0207,DevOps Accelerator,Trade Show,Negotiation,76884,2024-12-04,,,,South,Q4-2024,Normal
DEAL-00559,Ananya Sharma,CLI-0086,DevOps Accelerator,Organic Search,Negotiation,208169,2024-05-11,,,9.7,West,Q2-2024,Normal
DEAL-00376,Rohit Mehta,CLI-0181,CloudShift Platform,Webinar,Closed Lost,162389,2024-08-06,2024-12-01,117,3.3,North,Q3-2024,Normal
DEAL-01844,Unassigned,CLI-0032,DevOps Accelerator,Cold Outreach,Closed Won,412959,2023-05-12,2023-06-28,47,4.3,North,Q2-2023,Normal
DEAL-00991,Siddharth Joshi,CLI-0153,AnalyticsEdge,LinkedIn Campaign,Proposal Sent,499664,2025-03-24,,,,North,Q1-2025,Normal
DEAL-01423,Vikram Patel,CLI-0159,AI Insights Module,LinkedIn Campaign,Proposal Sent,262812,2023-07-22,,,,East,Q3-2023,Normal
DEAL-01995,Siddharth Joshi,CLI-0021,AnalyticsEdge,Referral,Negotiation,360600,2023-10-24,,,,South,Q4-2023,Normal
DEAL-01293,Meera Reddy,CLI-0242,DataVault Pro,Organic Search,Closed Won,433801,2024-02-01,2024-06-15,135,14.3,South,Q1-2024,Normal
DEAL-00544,Siddharth Joshi,CLI-0230,DevOps Accelerator,Unknown,Prospecting,402173,2024-01-14,,,4.6,West,Q1-2024,Normal
DEAL-01461,Riya Das,CLI-0076,DataVault Pro,Email Campaign,Closed Won,55310,2024-02-04,2024-06-01,118,16.3,West,Q1-2024,Normal
DEAL-00004,Rohit Mehta,CLI-0250,AI Insights Module,Trade Show,Closed Won,125653,2024-03-08,2024-08-30,175,19.1,East,Q1-2024,Normal
DEAL-00017,Deepika Das,CLI-0206,DevOps Accelerator,Cold Outreach,Prospecting,125722,2023-03-14,,,0.2,West,Q1-2023,Normal
DEAL-01048,Ananya Sharma,CLI-0176,AI Insights Module,Organic Search,Closed Won,436598,2024-07-03,2024-08-03,31,23.4,East,Q3-2024,Normal
DEAL-01360,Neha Pillai,CLI-0114,DevOps Accelerator,Unknown,Proposal Sent,121368,2024-05-21,,,9.9,South,Q2-2024,Normal
DEAL-00029,Siddharth Gupta,CLI-0188,DevOps Accelerator,Google Ads,Closed Won,98738,2024-09-23,2025-01-29,128,11,South,Q3-2024,Normal
DEAL-01648,Vikram Iyer,CLI-0147,CloudShift Platform,Unknown,Negotiation,398313,2023-06-21,,,,East,Q2-2023,Normal
DEAL-02466,Meera Reddy,CLI-0214,CloudShift Platform,Cold Outreach,Negotiation,132675,2024-11-03,,,,North,Q4-2024,Normal
DEAL-01607,Meera Reddy,CLI-0295,SecureNet Suite,Email Campaign,Qualification,155524,2023-02-02,,,8.4,South,Q1-2023,Normal
DEAL-01429,Meera Reddy,CLI-0131,AI Insights Module,Organic Search,Closed Lost,19891,2023-05-22,2023-07-19,58,,South,Q2-2023,Normal
DEAL-02020,Ananya Sharma,CLI-0235,CloudShift Platform,Email Campaign,Prospecting,16012,2024-09-16,,,14.2,South,Q3-2024,Normal
DEAL-00202,Vikram Iyer,CLI-0248,AI Insights Module,Unknown,Qualification,200702,2023-05-22,,,,West,Q2-2023,Normal
DEAL-00912,Rahul Patel,CLI-0222,CloudShift Platform,Organic Search,Closed Lost,88710,2024-01-20,2024-03-07,47,,East,Q1-2024,Normal
DEAL-00815,Vikram Patel,CLI-0222,CloudShift Platform,Google Ads,Closed Won,418969,2024-11-11,2024-12-02,21,18.1,North,Q4-2024,Normal
DEAL-01433,Vikram Patel,CLI-0131,AnalyticsEdge,Cold Outreach,Proposal Sent,123549,2024-05-27,,,6,East,Q2-2024,Normal
DEAL-02122,Aditya Pillai,CLI-0281,DevOps Accelerator,LinkedIn Campaign,Closed Won,298183,2023-11-06,2024-01-29,84,4.2,West,Q4-2023,Normal
DEAL-00088,Priya Kumar,CLI-0026,SecureNet Suite,Referral,Prospecting,334742,2024-08-31,,,9.8,North,Q3-2024,Normal
DEAL-01559,Ananya Sharma,CLI-0083,DataVault Pro,Google Ads,Prospecting,82198,2023-12-26,,,,South,Q4-2023,Normal
DEAL-01546,Amit Pillai,CLI-0249,AnalyticsEdge,Organic Search,Closed Won,290170,2023-03-24,2023-09-20,180,24.4,West,Q1-2023,Normal
DEAL-01572,Vikram Patel,CLI-0276,DataVault Pro,LinkedIn Campaign,Negotiation,380801,2023-11-03,,,3.7,East,Q4-2023,Normal
DEAL-01194,Amit Pillai,CLI-0184,AnalyticsEdge,Webinar,Closed Won,82804,2023-07-26,2023-12-04,131,14.5,West,Q3-2023,Normal
DEAL-02215,Riya Das,CLI-0081,CloudShift Platform,Organic Search,Qualification,215152,2023-02-03,,,,East,Q1-2023,Normal
DEAL-02469,Neha Pillai,CLI-0077,AnalyticsEdge,Referral,Closed Lost,81235,2024-09-06,2024-10-07,31,,South,Q3-2024,Normal
DEAL-00221,Rahul Patel,CLI-0108,CloudShift Platform,Webinar,Proposal Sent,223530,2023-03-02,,,9.2,North,Q1-2023,Normal
DEAL-00697,Riya Das,CLI-0143,CloudShift Platform,Google Ads,Closed Lost,498659,2023-01-15,2023-02-27,43,3.5,East,Q1-2023,Normal
DEAL-01201,Siddharth Joshi,CLI-0125,SecureNet Suite,Organic Search,Closed Lost,255140,2024-01-03,2024-06-29,178,,South,Q1-2024,Normal
DEAL-00663,Ananya Sharma,CLI-0109,DevOps Accelerator,LinkedIn Campaign,Prospecting,77384,2023-04-20,,,,North,Q2-2023,Normal
DEAL-01001,Aditya Pillai,CLI-0107,DevOps Accelerator,Organic Search,Closed Lost,180158,2024-05-20,2024-11-12,176,11,North,Q2-2024,Normal
DEAL-02186,Ananya Sharma,CLI-0019,CloudShift Platform,Organic Search,Qualification,88398,2024-07-27,,,9.8,North,Q3-2024,Normal
DEAL-01983,Vikram Patel,CLI-0129,SecureNet Suite,Webinar,Closed Won,372578,2025-01-09,2025-04-11,92,21.6,South,Q1-2025,Normal
DEAL-00655,Amit Pillai,CLI-0240,AnalyticsEdge,Organic Search,Closed Won,161907,2024-07-29,2024-09-22,55,3.8,West,Q3-2024,Normal
DEAL-00374,Vikram Patel,CLI-0098,SecureNet Suite,Email Campaign,Closed Won,83634,2024-08-05,2024-12-22,139,21.5,West,Q3-2024,Normal
DEAL-00810,Vikram Iyer,CLI-0147,DevOps Accelerator,Organic Search,Closed Lost,92521,2024-08-31,2025-01-29,151,3.2,South,Q3-2024,Normal
DEAL-00119,Rahul Patel,CLI-0098,SecureNet Suite,Trade Show,Proposal Sent,348000,2023-07-13,,,0.9,South,Q3-2023,Normal
DEAL-01221,Deepika Das,CLI-0071,DataVault Pro,Unknown,Negotiation,380235,2024-04-28,,,13.8,West,Q2-2024,Normal
DEAL-00853,Siddharth Joshi,CLI-0229,DevOps Accelerator,Referral,Prospecting,360389,2024-09-18,,,5,North,Q3-2024,Normal
DEAL-01368,Ananya Sharma,CLI-0018,DataVault Pro,LinkedIn Campaign,Negotiation,124079,2024-12-16,,,11.6,East,Q4-2024,Normal
DEAL-00836,Rohit Mehta,CLI-0033,DevOps Accelerator,Webinar,Prospecting,246606,2023-12-12,,,,North,Q4-2023,Normal
DEAL-01674,Priya Kumar,CLI-0147,CloudShift Platform,LinkedIn Campaign,Negotiation,90877,2023-08-03,,,0.6,East,Q3-2023,Normal
DEAL-02105,Arjun Rao,CLI-0268,SecureNet Suite,Google Ads,Proposal Sent,455998,2024-01-05,,,5.2,South,Q1-2024,Normal
DEAL-00365,Deepika Das,CLI-0114,AI Insights Module,Cold Outreach,Closed Lost,273125,2023-08-21,2023-12-22,123,,West,Q3-2023,Normal
DEAL-00524,Neha Pillai,CLI-0106,DevOps Accelerator,Trade Show,Closed Won,258288,2023-09-16,2024-01-04,110,12.1,West,Q3-2023,Normal
DEAL-01521,Siddharth Joshi,CLI-0194,SecureNet Suite,Webinar,Proposal Sent,373485,2024-10-30,,,7.6,North,Q4-2024,Normal
DEAL-00200,Vikram Iyer,CLI-0162,AnalyticsEdge,Cold Outreach,Closed Lost,421506,2023-02-17,2023-07-24,157,2.3,North,Q1-2023,Normal
DEAL-00062,Amit Pillai,CLI-0260,CloudShift Platform,Google Ads,Proposal Sent,33084,2024-08-31,,,13.1,North,Q3-2024,Normal
DEAL-01616,Rohit Mehta,CLI-0105,DevOps Accelerator,Unknown,Prospecting,141097,2023-03-08,,,9.4,South,Q1-2023,Normal
DEAL-00048,Rahul Patel,CLI-0250,DataVault Pro,Unknown,Closed Won,36901,2023-11-13,2024-03-21,129,4.5,South,Q4-2023,Normal
DEAL-00253,Deepika Das,CLI-0173,AnalyticsEdge,Organic Search,Closed Won,176210,2023-01-26,2023-03-27,60,6.6,North,Q1-2023,Normal
DEAL-01321,Ananya Sharma,CLI-0281,AI Insights Module,Trade Show,Proposal Sent,399169,2024-12-15,,,2,East,Q4-2024,Normal
DEAL-01471,Riya Das,CLI-0203,AI Insights Module,Google Ads,Closed Won,129193,2024-08-22,2024-10-05,44,2.4,West,Q3-2024,Normal
DEAL-01127,Siddharth Joshi,CLI-0228,SecureNet Suite,Google Ads,Proposal Sent,1149522,2024-11-09,,,9.6,North,Q4-2024,High Outlier
DEAL-02327,Aditya Pillai,CLI-0164,SecureNet Suite,Unknown,Qualification,496633,2024-02-09,,,9.6,North,Q1-2024,Normal
DEAL-00042,Rohit Mehta,CLI-0143,CloudShift Platform,Webinar,Closed Lost,240311,2024-05-16,2024-08-22,98,13.3,North,Q2-2024,Normal
DEAL-02033,Ananya Sharma,CLI-0068,AnalyticsEdge,Webinar,Proposal Sent,109894,2024-10-04,,,8,West,Q4-2024,Normal
DEAL-02458,Vikram Patel,CLI-0248,SecureNet Suite,LinkedIn Campaign,Closed Won,237072,2023-09-03,2023-11-22,80,17.7,North,Q3-2023,Normal
DEAL-01772,Amit Pillai,CLI-0150,AnalyticsEdge,LinkedIn Campaign,Proposal Sent,196905,2024-05-25,,,0.8,East,Q2-2024,Normal
DEAL-01660,Priya Kumar,CLI-0271,CloudShift Platform,Trade Show,Closed Lost,491148,2024-01-27,2024-07-24,179,,South,Q1-2024,Normal
DEAL-00315,Priya Kumar,CLI-0009,DevOps Accelerator,Organic Search,Closed Won,277696,2023-04-12,2023-05-08,26,4.7,East,Q2-2023,Normal
DEAL-01294,Priya Kumar,CLI-0227,AnalyticsEdge,Trade Show,Prospecting,452412,2024-10-14,,,,East,Q4-2024,Normal
DEAL-02453,Rohit Mehta,CLI-0215,DevOps Accelerator,Webinar,Proposal Sent,110025,2023-11-07,,,,West,Q4-2023,Normal
DEAL-01135,Riya Das,CLI-0188,DevOps Accelerator,Trade Show,Closed Lost,81789,2024-03-11,2024-05-10,60,,North,Q1-2024,Normal
DEAL-00981,Aditya Pillai,CLI-0212,DevOps Accelerator,Email Campaign,Prospecting,1977965,2025-02-17,,,2.9,South,Q1-2025,High Outlier
DEAL-02289,Aditya Pillai,CLI-0156,AnalyticsEdge,Cold Outreach,Qualification,285361,2023-04-30,,,7.3,South,Q2-2023,Normal
DEAL-00176,Unassigned,CLI-0286,SecureNet Suite,Referral,Negotiation,195756,2024-11-17,,,14.5,North,Q4-2024,Normal
DEAL-01168,Amit Pillai,CLI-0247,DevOps Accelerator,Email Campaign,Closed Won,466743,2023-12-26,2024-02-07,43,5.9,East,Q4-2023,Normal
DEAL-00952,Vikram Iyer,CLI-0052,DataVault Pro,Trade Show,Proposal Sent,225372,2024-10-25,,,1.9,East,Q4-2024,Normal
DEAL-01391,Siddharth Gupta,CLI-0184,DevOps Accelerator,LinkedIn Campaign,Negotiation,272486,2025-03-08,,,2.2,East,Q1-2025,Normal
DEAL-02077,Deepika Das,CLI-0066,SecureNet Suite,Organic Search,Closed Won,434226,2023-10-09,2024-02-14,128,21.6,North,Q4-2023,Normal
DEAL-01798,Deepika Das,CLI-0206,DevOps Accelerator,Organic Search,Closed Won,434837,2023-10-16,2024-01-16,92,0.4,South,Q4-2023,Normal
DEAL-02074,Vikram Iyer,CLI-0036,AnalyticsEdge,LinkedIn Campaign,Prospecting,406460,2024-11-20,,,,East,Q4-2024,Normal
DEAL-02256,Neha Pillai,CLI-0258,AI Insights Module,Email Campaign,Closed Lost,70286,2024-04-01,2024-09-21,173,,North,Q2-2024,Normal
DEAL-01153,Vikram Iyer,CLI-0234,SecureNet Suite,Organic Search,Closed Won,424139,2023-07-31,2023-12-01,123,21.8,West,Q3-2023,Normal
DEAL-01966,Neha Pillai,CLI-0276,CloudShift Platform,Referral,Proposal Sent,286661,2024-07-29,,,4.1,West,Q3-2024,Normal
DEAL-02449,Deepika Das,CLI-0237,AI Insights Module,Webinar,Closed Lost,123036,2023-01-26,2023-04-04,68,5.2,West,Q1-2023,Normal
DEAL-00599,Amit Pillai,CLI-0060,DataVault Pro,Webinar,Closed Won,126317,2023-07-23,2023-11-05,105,19.5,North,Q3-2023,Normal
DEAL-00724,Deepika Das,CLI-0053,AI Insights Module,Webinar,Negotiation,57703,2023-12-17,,,8,North,Q4-2023,Normal
DEAL-01702,Rohit Mehta,CLI-0211,AnalyticsEdge,Referral,Proposal Sent,363268,2024-12-21,,,7.9,West,Q4-2024,Normal
DEAL-01810,Rahul Patel,CLI-0135,DataVault Pro,Trade Show,Prospecting,498123,2023-03-04,,,,West,Q1-2023,Normal
DEAL-02088,Vikram Iyer,CLI-0085,DataVault Pro,Webinar,Qualification,386847,2023-04-08,,,12.9,South,Q2-2023,Normal
DEAL-01195,Vikram Iyer,CLI-0222,SecureNet Suite,LinkedIn Campaign,Closed Lost,464348,2024-03-11,2024-07-26,137,,North,Q1-2024,Normal
DEAL-01602,Deepika Das,CLI-0250,DevOps Accelerator,Organic Search,Closed Won,204810,2023-12-07,2024-04-28,143,17.4,South,Q4-2023,Normal
DEAL-01875,Amit Pillai,CLI-0034,DevOps Accelerator,Unknown,Closed Won,341518,2024-01-31,2024-04-30,90,13.9,East,Q1-2024,Normal
DEAL-01035,Amit Pillai,CLI-0175,AI Insights Module,Google Ads,Negotiation,268469,2024-08-31,,,14.3,West,Q3-2024,Normal
DEAL-00403,Meera Reddy,CLI-0298,SecureNet Suite,Referral,Qualification,430859,2023-02-17,,,14.9,North,Q1-2023,Normal
DEAL-01382,Priya Kumar,CLI-0015,DataVault Pro,Cold Outreach,Closed Won,16352,2024-03-19,2024-09-13,178,15.2,West,Q1-2024,Normal
DEAL-00822,Siddharth Gupta,CLI-0070,DevOps Accelerator,Webinar,Qualification,41830,2023-02-18,,,13.9,East,Q1-2023,Normal
DEAL-00282,Meera Reddy,CLI-0088,CloudShift Platform,Cold Outreach,Negotiation,90110,2023-06-29,,,3.9,West,Q2-2023,Normal
DEAL-00866,Rahul Patel,CLI-0217,SecureNet Suite,Google Ads,Proposal Sent,85303,2023-06-25,,,2.7,East,Q2-2023,Normal
DEAL-02278,Meera Reddy,CLI-0111,SecureNet Suite,Organic Search,Proposal Sent,318856,2024-08-13,,,,East,Q3-2024,Normal
DEAL-00999,Vikram Iyer,CLI-0197,DataVault Pro,Organic Search,Closed Won,210605,2025-03-27,2025-09-19,176,7.4,South,Q1-2025,Normal
DEAL-01013,Vikram Patel,CLI-0041,AnalyticsEdge,Cold Outreach,Qualification,42059,2024-11-08,,,14.2,South,Q4-2024,Normal
DEAL-00438,Riya Das,CLI-0296,SecureNet Suite,Google Ads,Closed Lost,197562,2024-05-30,2024-08-06,68,10.6,North,Q2-2024,Normal
DEAL-02136,Deepika Das,CLI-0267,AI Insights Module,Organic Search,Qualification,31049,2023-01-12,,,,South,Q1-2023,Normal
DEAL-00576,Rahul Patel,CLI-0243,AI Insights Module,Organic Search,Closed Lost,199388,2024-04-01,2024-06-09,69,7,East,Q2-2024,Normal
DEAL-01268,Meera Reddy,CLI-0011,CloudShift Platform,Organic Search,Closed Lost,39968,2024-04-23,2024-09-23,153,,East,Q2-2024,Normal
DEAL-02382,Vikram Iyer,CLI-0225,AnalyticsEdge,Email Campaign,Qualification,85457,2024-10-28,,,5.7,South,Q4-2024,Normal
DEAL-00106,Rohit Mehta,CLI-0033,DataVault Pro,LinkedIn Campaign,Proposal Sent,61413,2024-02-27,,,13,South,Q1-2024,Normal
DEAL-01291,Meera Reddy,CLI-0266,DevOps Accelerator,Referral,Qualification,217805,2024-03-26,,,,West,Q1-2024,Normal
DEAL-01969,Meera Reddy,CLI-0243,AI Insights Module,Email Campaign,Qualification,170449,2024-11-09,,,11.7,East,Q4-2024,Normal
DEAL-00681,Vikram Patel,CLI-0109,AnalyticsEdge,Organic Search,Closed Won,291180,2024-10-23,2024-12-25,63,14.9,North,Q4-2024,Normal
DEAL-01296,Rahul Patel,CLI-0019,AI Insights Module,Google Ads,Negotiation,434455,2023-07-01,,,11.5,North,Q3-2023,Normal
DEAL-01952,Priya Kumar,CLI-0298,DevOps Accelerator,Google Ads,Closed Won,314085,2023-03-09,2023-06-02,85,14,South,Q1-2023,Normal
DEAL-00355,Vikram Patel,CLI-0139,CloudShift Platform,Organic Search,Qualification,494085,2023-03-28,,,13.4,South,Q1-2023,Normal
DEAL-00898,Priya Kumar,CLI-0088,SecureNet Suite,LinkedIn Campaign,Closed Won,133874,2023-05-28,2023-08-11,75,8.1,East,Q2-2023,Normal
DEAL-01533,Rohit Mehta,CLI-0277,SecureNet Suite,Trade Show,Closed Won,486879,2024-09-04,2024-11-09,66,2.2,North,Q3-2024,Normal
DEAL-00687,Ananya Sharma,CLI-0052,AI Insights Module,Webinar,Negotiation,56909,2024-04-04,,,2.4,East,Q2-2024,Normal
DEAL-01148,Ananya Sharma,CLI-0192,SecureNet Suite,Organic Search,Prospecting,318041,2025-03-20,,,,North,Q1-2025,Normal
DEAL-01459,Riya Das,CLI-0270,CloudShift Platform,Webinar,Closed Won,158371,2023-03-08,2023-07-20,134,14.9,East,Q1-2023,Normal
DEAL-00236,Rohit Mehta,CLI-0156,DataVault Pro,Organic Search,Proposal Sent,338201,2023-01-29,,,7.2,East,Q1-2023,Normal
DEAL-00133,Rahul Patel,CLI-0244,SecureNet Suite,Organic Search,Proposal Sent,488205,2023-02-19,,,4.3,North,Q1-2023,Normal
DEAL-01992,Rohit Mehta,CLI-0240,CloudShift Platform,Cold Outreach,Qualification,132275,2023-07-21,,,10.2,South,Q3-2023,Normal
DEAL-01443,Neha Pillai,CLI-0083,CloudShift Platform,Cold Outreach,Negotiation,232094,2024-07-21,,,,South,Q3-2024,Normal
DEAL-00277,Aditya Pillai,CLI-0214,AI Insights Module,Organic Search,Qualification,176481,2025-02-17,,,0.6,West,Q1-2025,Normal
DEAL-01200,Vikram Iyer,CLI-0043,DataVault Pro,Referral,Negotiation,322718,2023-10-23,,,,West,Q4-2023,Normal
DEAL-01609,Rahul Patel,CLI-0085,AnalyticsEdge,Referral,Closed Won,15874,2023-07-04,2023-10-05,93,4.3,South,Q3-2023,Normal
DEAL-02085,Vikram Patel,CLI-0038,SecureNet Suite,Email Campaign,Negotiation,342318,2024-06-14,,,,North,Q2-2024,Normal
DEAL-00672,Deepika Das,CLI-0180,AnalyticsEdge,Webinar,Qualification,403505,2023-01-26,,,13.1,West,Q1-2023,Normal
DEAL-01306,Siddharth Joshi,CLI-0122,DevOps Accelerator,Google Ads,Proposal Sent,320554,2025-01-06,,,9,North,Q1-2025,Normal
DEAL-01598,Rohit Mehta,CLI-0010,DataVault Pro,Email Campaign,Closed Lost,202163,2024-04-04,2024-06-03,60,,East,Q2-2024,Normal
DEAL-00596,Meera Reddy,CLI-0133,DataVault Pro,Email Campaign,Closed Won,296198,2025-02-01,2025-04-28,86,12.9,East,Q1-2025,Normal
DEAL-01472,Priya Kumar,CLI-0255,DevOps Accelerator,Unknown,Proposal Sent,184028,2023-12-19,,,13.7,East,Q4-2023,Normal
DEAL-01267,Vikram Patel,CLI-0179,AnalyticsEdge,Email Campaign,Prospecting,268321,2024-08-11,,,,South,Q3-2024,Normal
DEAL-00667,Deepika Das,CLI-0155,DevOps Accelerator,Google Ads,Prospecting,113662,2024-07-09,,,,North,Q3-2024,Normal
DEAL-01176,Rohit Mehta,CLI-0041,DataVault Pro,Organic Search,Prospecting,270051,2025-03-23,,,,East,Q1-2025,Normal
DEAL-01782,Meera Reddy,CLI-0208,DevOps Accelerator,Unknown,Proposal Sent,102325,2023-01-13,,,,West,Q1-2023,Normal
DEAL-02346,Rohit Mehta,CLI-0179,AI Insights Module,LinkedIn Campaign,Negotiation,489154,2025-02-10,,,,East,Q1-2025,Normal
DEAL-01789,Siddharth Joshi,CLI-0028,SecureNet Suite,Email Campaign,Closed Won,16614,2023-05-28,2023-08-18,82,3.5,East,Q2-2023,Normal
DEAL-00322,Riya Das,CLI-0031,AI Insights Module,Referral,Closed Won,229280,2023-07-07,2023-11-11,127,20,East,Q3-2023,Normal
DEAL-01697,Rahul Patel,CLI-0017,DataVault Pro,Cold Outreach,Proposal Sent,1013410,2023-09-15,,,6,West,Q3-2023,High Outlier
DEAL-00882,Deepika Das,CLI-0029,SecureNet Suite,Organic Search,Qualification,123558,2024-01-10,,,,West,Q1-2024,Normal
DEAL-02099,Vikram Patel,CLI-0134,CloudShift Platform,Google Ads,Negotiation,487127,2023-12-21,,,,West,Q4-2023,Normal
DEAL-00280,Rohit Mehta,CLI-0132,CloudShift Platform,Trade Show,Closed Won,173296,2023-07-22,2023-10-07,77,15.1,East,Q3-2023,Normal
DEAL-01853,Amit Pillai,CLI-0033,SecureNet Suite,Trade Show,Closed Won,252748,2024-07-10,2024-12-13,156,10,South,Q3-2024,Normal
DEAL-01824,Siddharth Joshi,CLI-0262,AnalyticsEdge,Referral,Negotiation,423024,2025-02-28,,,11.2,North,Q1-2025,Normal
DEAL-01686,Siddharth Joshi,CLI-0139,SecureNet Suite,Referral,Negotiation,1842551,2024-04-09,,,5.1,South,Q2-2024,High Outlier
DEAL-01188,Riya Das,CLI-0151,AI Insights Module,Trade Show,Qualification,253064,2023-03-02,,,13.6,East,Q1-2023,Normal
DEAL-01943,Riya Das,CLI-0143,DevOps Accelerator,LinkedIn Campaign,Closed Lost,30674,2024-08-29,2024-11-30,93,2.4,North,Q3-2024,Normal
DEAL-01720,Rahul Patel,CLI-0049,CloudShift Platform,Webinar,Qualification,232006,2025-02-13,,,0.4,West,Q1-2025,Normal
DEAL-00333,Rahul Patel,CLI-0086,SecureNet Suite,Google Ads,Closed Won,133996,2023-12-17,2024-04-19,124,18.4,West,Q4-2023,Normal
DEAL-01669,Rahul Patel,CLI-0292,DevOps Accelerator,Google Ads,Closed Lost,61216,2023-07-18,2023-12-22,157,13.8,East,Q3-2023,Normal
DEAL-01272,Vikram Patel,CLI-0063,AI Insights Module,Google Ads,Prospecting,98881,2023-09-09,,,,South,Q3-2023,Normal
DEAL-01300,Vikram Iyer,CLI-0074,DataVault Pro,Google Ads,Proposal Sent,328378,2023-10-06,,,3.5,East,Q4-2023,Normal
DEAL-00616,Siddharth Gupta,CLI-0189,DataVault Pro,Trade Show,Qualification,396024,2025-03-28,,,4.4,North,Q1-2025,Normal
DEAL-00224,Rohit Mehta,CLI-0103,AI Insights Module,Webinar,Proposal Sent,223252,2024-10-13,,,7.5,South,Q4-2024,Normal
DEAL-00536,Siddharth Gupta,CLI-0231,CloudShift Platform,Cold Outreach,Qualification,197110,2024-04-02,,,4.9,North,Q2-2024,Normal
DEAL-00989,Siddharth Gupta,CLI-0125,CloudShift Platform,Google Ads,Closed Lost,36099,2024-02-13,2024-04-24,71,13.5,North,Q1-2024,Normal
DEAL-02196,Rohit Mehta,CLI-0218,CloudShift Platform,Trade Show,Closed Won,320992,2023-03-24,2023-05-26,63,7.8,West,Q1-2023,Normal
DEAL-00728,Unassigned,CLI-0206,AnalyticsEdge,Cold Outreach,Closed Lost,250689,2023-05-30,2023-08-18,80,3.8,West,Q2-2023,Normal
DEAL-01002,Siddharth Joshi,CLI-0059,DevOps Accelerator,Trade Show,Prospecting,1488985,2023-10-30,,,10.6,West,Q4-2023,High Outlier
DEAL-01571,Rohit Mehta,CLI-0108,DataVault Pro,Email Campaign,Proposal Sent,204555,2024-04-22,,,2.8,North,Q2-2024,Normal
DEAL-00230,Amit Pillai,CLI-0254,SecureNet Suite,Trade Show,Qualification,412635,2023-01-09,,,1.9,South,Q1-2023,Normal
DEAL-02435,Amit Pillai,CLI-0191,AI Insights Module,Organic Search,Closed Lost,449107,2023-07-26,2023-10-28,94,3.2,West,Q3-2023,Normal
DEAL-01832,Vikram Patel,CLI-0276,SecureNet Suite,Cold Outreach,Closed Won,140187,2025-02-03,2025-07-29,176,17.6,West,Q1-2025,Normal
DEAL-01275,Siddharth Gupta,CLI-0186,DevOps Accelerator,Webinar,Qualification,166174,2023-04-06,,,1.3,West,Q2-2023,Normal
DEAL-02061,Ananya Sharma,CLI-0251,DataVault Pro,Organic Search,Negotiation,391159,2024-07-29,,,1.4,East,Q3-2024,Normal
DEAL-01510,Arjun Rao,CLI-0201,DataVault Pro,LinkedIn Campaign,Proposal Sent,211830,2023-12-15,,,,East,Q4-2023,Normal
DEAL-02161,Aditya Pillai,CLI-0147,AnalyticsEdge,LinkedIn Campaign,Qualification,85809,2023-03-24,,,,West,Q1-2023,Normal
DEAL-01357,Rohit Mehta,CLI-0273,AI Insights Module,Email Campaign,Qualification,367885,2024-08-02,,,15,East,Q3-2024,Normal
DEAL-01893,Arjun Rao,CLI-0267,AnalyticsEdge,LinkedIn Campaign,Closed Won,38738,2023-10-20,2023-11-18,29,5.6,East,Q4-2023,Normal
DEAL-01169,Deepika Das,CLI-0037,AnalyticsEdge,Cold Outreach,Closed Lost,21153,2024-03-11,2024-08-14,156,14.8,West,Q1-2024,Normal
DEAL-00065,Riya Das,CLI-0126,DevOps Accelerator,Email Campaign,Prospecting,25200,2024-11-22,,,0.8,North,Q4-2024,Normal
DEAL-00723,Rahul Patel,CLI-0097,SecureNet Suite,Cold Outreach,Proposal Sent,253535,2023-12-16,,,4.6,East,Q4-2023,Normal
DEAL-01220,Aditya Pillai,CLI-0286,AI Insights Module,Cold Outreach,Prospecting,349746,2024-10-13,,,7,East,Q4-2024,Normal
DEAL-02071,Rahul Patel,CLI-0197,AnalyticsEdge,Webinar,Proposal Sent,127294,2023-02-28,,,5.5,West,Q1-2023,Normal
DEAL-02253,Rahul Patel,CLI-0046,DataVault Pro,Cold Outreach,Closed Lost,399061,2023-12-15,2024-01-12,28,11.5,West,Q4-2023,Normal
DEAL-02272,Neha Pillai,CLI-0247,AI Insights Module,LinkedIn Campaign,Closed Won,356279,2023-11-13,2024-02-08,87,14,North,Q4-2023,Normal
DEAL-02137,Siddharth Gupta,CLI-0186,AnalyticsEdge,LinkedIn Campaign,Proposal Sent,244362,2023-06-08,,,,South,Q2-2023,Normal
DEAL-00777,Siddharth Joshi,CLI-0005,DataVault Pro,LinkedIn Campaign,Closed Lost,11744,2023-03-09,2023-06-01,84,1.7,North,Q1-2023,Normal
DEAL-01551,Siddharth Gupta,CLI-0017,AnalyticsEdge,Cold Outreach,Closed Lost,375578,2024-05-21,2024-06-28,38,11.4,East,Q2-2024,Normal
DEAL-00931,Aditya Pillai,CLI-0104,SecureNet Suite,LinkedIn Campaign,Closed Lost,243868,2023-03-10,2023-05-31,82,6.5,South,Q1-2023,Normal
DEAL-00143,Deepika Das,CLI-0254,AI Insights Module,Cold Outreach,Closed Won,450973,2024-07-21,2024-11-17,119,21.4,South,Q3-2024,Normal
DEAL-02339,Ananya Sharma,CLI-0148,CloudShift Platform,Email Campaign,Proposal Sent,1344122,2024-05-28,,,4.8,West,Q2-2024,High Outlier
DEAL-02162,Rahul Patel,CLI-0238,AnalyticsEdge,LinkedIn Campaign,Negotiation,308108,2024-08-22,,,,South,Q3-2024,Normal
DEAL-00409,Rahul Patel,CLI-0262,AnalyticsEdge,Email Campaign,Closed Won,283554,2024-08-14,2024-12-29,137,24.4,East,Q3-2024,Normal
DEAL-00382,Siddharth Gupta,CLI-0298,CloudShift Platform,Webinar,Closed Lost,499590,2023-11-21,2024-01-04,44,,North,Q4-2023,Normal
DEAL-00765,Rahul Patel,CLI-0029,AnalyticsEdge,Webinar,Qualification,48504,2023-12-07,,,10.3,West,Q4-2023,Normal
DEAL-02190,Ananya Sharma,CLI-0147,DevOps Accelerator,Email Campaign,Closed Won,487064,2024-12-26,2025-04-21,116,7.6,West,Q4-2024,Normal
DEAL-00437,Vikram Patel,CLI-0296,CloudShift Platform,Trade Show,Prospecting,168734,2024-10-28,,,13.4,North,Q4-2024,Normal
DEAL-00676,Aditya Pillai,CLI-0211,DevOps Accelerator,LinkedIn Campaign,Negotiation,287682,2025-01-12,,,5.6,South,Q1-2025,Normal
DEAL-00197,Priya Kumar,CLI-0246,AnalyticsEdge,Organic Search,Proposal Sent,276147,2024-12-02,,,5.1,West,Q4-2024,Normal
DEAL-02344,Ananya Sharma,CLI-0202,AI Insights Module,Cold Outreach,Closed Lost,258836,2025-01-06,2025-02-12,37,,East,Q1-2025,Normal
DEAL-01827,Priya Kumar,CLI-0122,CloudShift Platform,Webinar,Qualification,47655,2024-06-27,,,8.2,North,Q2-2024,Normal
DEAL-01484,Ananya Sharma,CLI-0262,CloudShift Platform,LinkedIn Campaign,Negotiation,347110,2024-01-18,,,9.3,West,Q1-2024,Normal
DEAL-01034,Siddharth Joshi,CLI-0231,DataVault Pro,Cold Outreach,Qualification,225448,2025-01-26,,,5.2,East,Q1-2025,Normal
DEAL-01869,Rohit Mehta,CLI-0229,DevOps Accelerator,Webinar,Qualification,113479,2024-05-28,,,,South,Q2-2024,Normal
DEAL-01868,Deepika Das,CLI-0164,AI Insights Module,Unknown,Negotiation,213386,2024-12-03,,,,North,Q4-2024,Normal
DEAL-00744,Priya Kumar,CLI-0020,DataVault Pro,Google Ads,Prospecting,207879,2023-10-22,,,6.9,West,Q4-2023,Normal
DEAL-01848,Arjun Rao,CLI-0062,CloudShift Platform,Trade Show,Proposal Sent,314236,2023-02-01,,,,East,Q1-2023,Normal
DEAL-01954,Amit Pillai,CLI-0019,AnalyticsEdge,Webinar,Qualification,456126,2024-07-08,,,,East,Q3-2024,Normal
DEAL-02419,Vikram Patel,CLI-0205,AI Insights Module,Google Ads,Closed Lost,78702,2024-07-29,2024-10-19,82,4.4,East,Q3-2024,Normal
DEAL-01475,Deepika Das,CLI-0256,CloudShift Platform,Unknown,Proposal Sent,303674,2024-08-24,,,,East,Q3-2024,Normal
DEAL-00525,Neha Pillai,CLI-0132,CloudShift Platform,Trade Show,Proposal Sent,151222,2024-02-15,,,,South,Q1-2024,Normal
DEAL-01081,Rohit Mehta,CLI-0102,DevOps Accelerator,Organic Search,Closed Won,450183,2023-01-03,2023-06-09,157,24.3,North,Q1-2023,Normal
DEAL-00549,Meera Reddy,CLI-0145,AI Insights Module,Google Ads,Closed Won,82651,2024-05-30,2024-07-04,35,18.3,North,Q2-2024,Normal
DEAL-00532,Rahul Patel,CLI-0189,AI Insights Module,LinkedIn Campaign,Negotiation,53327,2025-01-20,,,1.5,North,Q1-2025,Normal
DEAL-00926,Siddharth Joshi,CLI-0223,SecureNet Suite,Google Ads,Closed Won,426863,2024-04-02,2024-09-14,165,11.7,East,Q2-2024,Normal
DEAL-00868,Aditya Pillai,CLI-0082,SecureNet Suite,Trade Show,Closed Lost,405818,2023-02-10,2023-07-17,157,,West,Q1-2023,Normal
DEAL-01330,Rahul Patel,CLI-0116,DevOps Accelerator,Organic Search,Prospecting,194379,2023-09-19,,,0.6,East,Q3-2023,Normal
DEAL-00546,Amit Pillai,CLI-0037,CloudShift Platform,Trade Show,Qualification,68003,2023-07-02,,,13,West,Q3-2023,Normal
DEAL-00584,Arjun Rao,CLI-0240,AnalyticsEdge,Trade Show,Qualification,414217,2023-05-08,,,,North,Q2-2023,Normal
DEAL-02351,Riya Das,CLI-0070,DataVault Pro,Cold Outreach,Prospecting,437597,2024-08-12,,,7.5,South,Q3-2024,Normal
DEAL-00772,Riya Das,CLI-0001,DataVault Pro,Unknown,Closed Won,126863,2023-11-04,2023-11-28,24,16.7,East,Q4-2023,Normal
DEAL-00909,Aditya Pillai,CLI-0022,CloudShift Platform,LinkedIn Campaign,Proposal Sent,64790,2023-07-05,,,0.6,North,Q3-2023,Normal
DEAL-02446,Priya Kumar,CLI-0261,DataVault Pro,Webinar,Qualification,336981,2024-01-04,,,2.1,West,Q1-2024,Normal
DEAL-01949,Rohit Mehta,CLI-0270,AnalyticsEdge,Referral,Qualification,23682,2024-11-09,,,7.5,North,Q4-2024,Normal
DEAL-01921,Amit Pillai,CLI-0173,AnalyticsEdge,Trade Show,Closed Lost,76467,2025-02-05,2025-06-23,138,2,East,Q1-2025,Normal
DEAL-01831,Riya Das,CLI-0090,DataVault Pro,Email Campaign,Negotiation,327201,2024-08-04,,,4.8,South,Q3-2024,Normal
DEAL-00348,Vikram Patel,CLI-0030,DevOps Accelerator,Referral,Closed Won,125678,2023-07-28,2024-01-07,163,21.5,West,Q3-2023,Normal
DEAL-00074,Unassigned,CLI-0188,CloudShift Platform,Google Ads,Closed Won,277609,2023-05-11,2023-08-09,90,22.5,North,Q2-2023,Normal
DEAL-01615,Aditya Pillai,CLI-0121,DataVault Pro,Webinar,Prospecting,101488,2024-01-27,,,10.7,West,Q1-2024,Normal
DEAL-00711,Siddharth Joshi,CLI-0091,AnalyticsEdge,Organic Search,Qualification,256037,2023-11-14,,,8.3,West,Q4-2023,Normal
DEAL-01919,Riya Das,CLI-0033,DevOps Accelerator,Cold Outreach,Qualification,272931,2024-12-10,,,12.6,West,Q4-2024,Normal
DEAL-01012,Neha Pillai,CLI-0120,SecureNet Suite,Organic Search,Prospecting,94242,2023-01-12,,,,West,Q1-2023,Normal
DEAL-02433,Aditya Pillai,CLI-0183,DataVault Pro,Organic Search,Closed Won,460792,2024-08-14,2024-11-12,90,14.4,North,Q3-2024,Normal
DEAL-02087,Meera Reddy,CLI-0297,DataVault Pro,Email Campaign,Prospecting,221543,2024-04-26,,,5,North,Q2-2024,Normal
DEAL-00944,Siddharth Joshi,CLI-0018,AI Insights Module,Referral,Proposal Sent,406094,2024-10-17,,,12.2,South,Q4-2024,Normal
DEAL-00007,Neha Pillai,CLI-0248,SecureNet Suite,Email Campaign,Closed Won,26639,2025-02-07,2025-03-31,52,19.4,North,Q1-2025,Normal
DEAL-01210,Deepika Das,CLI-0069,DevOps Accelerator,Email Campaign,Negotiation,452661,2024-09-30,,,4.4,North,Q3-2024,Normal
DEAL-00252,Aditya Pillai,CLI-0120,SecureNet Suite,Cold Outreach,Negotiation,80427,2023-10-30,,,6.7,North,Q4-2023,Normal
DEAL-00326,Vikram Iyer,CLI-0035,DataVault Pro,LinkedIn Campaign,Proposal Sent,79897,2023-02-22,,,6.3,East,Q1-2023,Normal
DEAL-00400,Siddharth Gupta,CLI-0198,AnalyticsEdge,Webinar,Closed Lost,278098,2024-02-24,2024-05-24,90,13.2,East,Q1-2024,Normal
DEAL-02309,Deepika Das,CLI-0150,DataVault Pro,Cold Outreach,Proposal Sent,230807,2023-08-14,,,,West,Q3-2023,Normal
DEAL-02374,Ananya Sharma,CLI-0149,CloudShift Platform,Google Ads,Closed Lost,78501,2023-12-20,2024-06-01,164,7.5,South,Q4-2023,Normal
DEAL-01975,Rahul Patel,CLI-0117,DevOps Accelerator,Email Campaign,Closed Lost,363965,2025-03-20,2025-09-03,167,14,West,Q1-2025,Normal
DEAL-01928,Ananya Sharma,CLI-0192,AnalyticsEdge,Referral,Qualification,383122,2023-03-14,,,,East,Q1-2023,Normal
DEAL-01053,Priya Kumar,CLI-0167,SecureNet Suite,Referral,Qualification,231892,2024-06-03,,,,West,Q2-2024,Normal
DEAL-01993,Siddharth Joshi,CLI-0112,SecureNet Suite,Email Campaign,Closed Lost,338171,2023-10-03,2024-02-13,133,1.5,East,Q4-2023,Normal
DEAL-02320,Amit Pillai,CLI-0076,DataVault Pro,Webinar,Proposal Sent,395041,2024-05-14,,,3.7,West,Q2-2024,Normal
DEAL-01739,Rahul Patel,CLI-0129,SecureNet Suite,Referral,Negotiation,447593,2025-03-15,,,5.7,East,Q1-2025,Normal
DEAL-00205,Rahul Patel,CLI-0289,CloudShift Platform,Trade Show,Closed Won,356122,2023-06-04,2023-11-13,162,15.8,East,Q2-2023,Normal
DEAL-01920,Siddharth Joshi,CLI-0253,AI Insights Module,Webinar,Closed Won,293322,2024-04-16,2024-05-24,38,18.9,South,Q2-2024,Normal
DEAL-01749,Vikram Iyer,CLI-0071,SecureNet Suite,Referral,Qualification,310346,2024-06-03,,,,South,Q2-2024,Normal
DEAL-01767,Siddharth Joshi,CLI-0049,DevOps Accelerator,Email Campaign,Negotiation,389646,2023-03-04,,,11,East,Q1-2023,Normal
DEAL-00507,Meera Reddy,CLI-0102,DevOps Accelerator,Cold Outreach,Closed Lost,396539,2024-11-15,2025-03-31,136,,South,Q4-2024,Normal
DEAL-00977,Vikram Iyer,CLI-0012,AnalyticsEdge,Cold Outreach,Proposal Sent,403779,2024-07-17,,,,East,Q3-2024,Normal
DEAL-00763,Ananya Sharma,CLI-0151,CloudShift Platform,Email Campaign,Closed Won,371251,2024-02-07,2024-05-18,101,17.4,West,Q1-2024,Normal
DEAL-00889,Aditya Pillai,CLI-0105,CloudShift Platform,Referral,Qualification,469995,2023-04-29,,,12,North,Q2-2023,Normal
DEAL-00126,Aditya Pillai,CLI-0206,DataVault Pro,Cold Outreach,Qualification,53824,2024-04-01,,,10.2,West,Q2-2024,Normal
DEAL-00300,Riya Das,CLI-0185,DevOps Accelerator,LinkedIn Campaign,Closed Won,207661,2025-01-30,2025-05-22,112,19.6,West,Q1-2025,Normal
DEAL-01011,Rahul Patel,CLI-0110,AI Insights Module,Referral,Negotiation,161506,2024-12-16,,,14.4,South,Q4-2024,Normal
DEAL-01155,Siddharth Gupta,CLI-0019,CloudShift Platform,Google Ads,Closed Won,333588,2025-01-07,2025-06-17,161,4.2,North,Q1-2025,Normal
DEAL-00392,Rahul Patel,CLI-0150,DevOps Accelerator,LinkedIn Campaign,Negotiation,23259,2023-05-14,,,14.8,East,Q2-2023,Normal
DEAL-01601,Rohit Mehta,CLI-0046,CloudShift Platform,Referral,Prospecting,331871,2023-12-04,,,,North,Q4-2023,Normal
DEAL-00875,Siddharth Gupta,CLI-0106,DevOps Accelerator,Google Ads,Prospecting,75444,2024-07-08,,,2.6,East,Q3-2024,Normal
DEAL-01495,Siddharth Joshi,CLI-0071,DataVault Pro,Webinar,Prospecting,61569,2024-11-14,,,13.1,East,Q4-2024,Normal
DEAL-00915,Riya Das,CLI-0086,CloudShift Platform,Webinar,Closed Lost,497684,2023-05-07,2023-08-22,107,7.2,East,Q2-2023,Normal
DEAL-01863,Ananya Sharma,CLI-0083,AnalyticsEdge,Referral,Negotiation,159195,2024-09-18,,,12.7,East,Q3-2024,Normal
DEAL-02307,Arjun Rao,CLI-0090,DataVault Pro,Referral,Negotiation,205104,2023-01-15,,,,North,Q1-2023,Normal
DEAL-01173,Rohit Mehta,CLI-0075,DevOps Accelerator,Google Ads,Closed Won,196698,2023-05-18,2023-06-03,16,7,North,Q2-2023,Normal
DEAL-01584,Deepika Das,CLI-0199,AnalyticsEdge,LinkedIn Campaign,Proposal Sent,151030,2025-03-24,,,0.4,East,Q1-2025,Normal
DEAL-02492,Priya Kumar,CLI-0201,CloudShift Platform,Email Campaign,Proposal Sent,33664,2025-03-03,,,,West,Q1-2025,Normal
DEAL-02183,Vikram Patel,CLI-0051,AnalyticsEdge,Organic Search,Qualification,484881,2023-06-16,,,,West,Q2-2023,Normal
DEAL-01487,Rohit Mehta,CLI-0190,AnalyticsEdge,Email Campaign,Negotiation,419909,2023-03-19,,,4.3,West,Q1-2023,Normal
DEAL-01214,Rahul Patel,CLI-0180,DataVault Pro,Google Ads,Closed Lost,234937,2023-08-19,2023-11-28,101,11.8,South,Q3-2023,Normal
DEAL-00533,Ananya Sharma,CLI-0091,CloudShift Platform,Email Campaign,Closed Won,361375,2025-02-28,2025-03-28,28,6.5,North,Q1-2025,Normal
DEAL-01723,Vikram Patel,CLI-0012,CloudShift Platform,Unknown,Closed Lost,138211,2024-08-08,2024-11-15,99,14.3,West,Q3-2024,Normal
DEAL-00110,Riya Das,CLI-0147,DataVault Pro,Google Ads,Proposal Sent,33186,2024-04-26,,,11,West,Q2-2024,Normal
DEAL-00331,Siddharth Joshi,CLI-0154,SecureNet Suite,Google Ads,Qualification,230754,2023-02-02,,,,West,Q1-2023,Normal
DEAL-02037,Riya Das,CLI-0170,AnalyticsEdge,Webinar,Qualification,385808,2023-11-27,,,,South,Q4-2023,Normal
DEAL-01862,Vikram Iyer,CLI-0175,AnalyticsEdge,LinkedIn Campaign,Negotiation,412123,2023-08-29,,,14.5,South,Q3-2023,Normal
DEAL-00361,Amit Pillai,CLI-0082,SecureNet Suite,Email Campaign,Qualification,457381,2024-03-07,,,3.6,North,Q1-2024,Normal
DEAL-00073,Vikram Patel,CLI-0062,DevOps Accelerator,Email Campaign,Qualification,367311,2023-11-03,,,8.6,East,Q4-2023,Normal
DEAL-02106,Amit Pillai,CLI-0099,DevOps Accelerator,Webinar,Closed Won,244166,2023-12-04,2024-03-04,91,20.9,West,Q4-2023,Normal
DEAL-00550,Deepika Das,CLI-0079,SecureNet Suite,Google Ads,Closed Won,473214,2024-02-03,2024-07-08,156,4.8,South,Q1-2024,Normal
DEAL-00660,Siddharth Gupta,CLI-0075,CloudShift Platform,Referral,Closed Won,147947,2024-03-19,2024-06-28,101,18.7,West,Q1-2024,Normal
DEAL-01927,Amit Pillai,CLI-0149,AnalyticsEdge,Email Campaign,Qualification,214983,2023-12-18,,,,East,Q4-2023,Normal
DEAL-01390,Meera Reddy,CLI-0287,SecureNet Suite,Referral,Prospecting,242496,2023-01-03,,,,South,Q1-2023,Normal
DEAL-01411,Siddharth Gupta,CLI-0123,SecureNet Suite,Cold Outreach,Closed Won,493172,2023-10-02,2024-03-21,171,1.6,North,Q4-2023,Normal
DEAL-00844,Ananya Sharma,CLI-0046,DevOps Accelerator,Trade Show,Closed Lost,354337,2024-07-19,2025-01-14,179,9,West,Q3-2024,Normal
DEAL-02181,Priya Kumar,CLI-0242,DataVault Pro,Cold Outreach,Negotiation,99225,2024-08-21,,,12.9,North,Q3-2024,Normal
DEAL-00503,Aditya Pillai,CLI-0028,DevOps Accelerator,Cold Outreach,Negotiation,120424,2025-02-03,,,10.8,South,Q1-2025,Normal
DEAL-01042,Amit Pillai,CLI-0017,CloudShift Platform,Email Campaign,Closed Lost,154799,2024-01-12,2024-06-25,165,4,East,Q1-2024,Normal
DEAL-00945,Priya Kumar,CLI-0285,CloudShift Platform,Organic Search,Qualification,140351,2023-09-18,,,4.8,West,Q3-2023,Normal
DEAL-01395,Aditya Pillai,CLI-0097,AnalyticsEdge,Referral,Negotiation,44764,2023-03-08,,,4.8,East,Q1-2023,Normal
DEAL-01926,Siddharth Gupta,CLI-0054,AnalyticsEdge,Referral,Closed Lost,427209,2024-04-14,2024-05-08,24,1.6,North,Q2-2024,Normal
DEAL-00713,Rahul Patel,CLI-0133,SecureNet Suite,Webinar,Prospecting,325160,2023-04-23,,,10.3,North,Q2-2023,Normal
DEAL-00340,Rahul Patel,CLI-0090,CloudShift Platform,Google Ads,Negotiation,488243,2023-07-15,,,2.9,North,Q3-2023,Normal
DEAL-02335,Siddharth Joshi,CLI-0253,CloudShift Platform,LinkedIn Campaign,Proposal Sent,305698,2023-10-25,,,2.5,South,Q4-2023,Normal
DEAL-01698,Deepika Das,CLI-0147,AnalyticsEdge,Referral,Closed Lost,75266,2024-12-31,2025-04-06,96,14.9,South,Q4-2024,Normal
DEAL-00984,Rahul Patel,CLI-0219,CloudShift Platform,Webinar,Proposal Sent,377810,2024-01-03,,,6.8,South,Q1-2024,Normal
DEAL-00569,Vikram Iyer,CLI-0163,CloudShift Platform,Cold Outreach,Closed Lost,120253,2023-06-08,2023-09-13,97,11.5,South,Q2-2023,Normal
DEAL-00669,Ananya Sharma,CLI-0137,SecureNet Suite,Webinar,Prospecting,42916,2025-01-20,,,0.9,West,Q1-2025,Normal
DEAL-01785,Aditya Pillai,CLI-0047,DataVault Pro,Trade Show,Negotiation,51644,2024-05-07,,,,West,Q2-2024,Normal
DEAL-01878,Amit Pillai,CLI-0058,AnalyticsEdge,Trade Show,Closed Won,439715,2024-03-10,2024-08-16,159,23.7,South,Q1-2024,Normal
DEAL-00582,Siddharth Joshi,CLI-0152,DevOps Accelerator,Google Ads,Closed Won,293155,2023-03-12,2023-06-18,98,23.2,South,Q1-2023,Normal
DEAL-01699,Meera Reddy,CLI-0195,CloudShift Platform,Email Campaign,Prospecting,329020,2023-04-14,,,0.3,North,Q2-2023,Normal
DEAL-01518,Riya Das,CLI-0059,DataVault Pro,Email Campaign,Closed Won,235442,2024-10-24,2025-01-03,71,1.7,East,Q4-2024,Normal
DEAL-00729,Riya Das,CLI-0174,AnalyticsEdge,Cold Outreach,Negotiation,230459,2023-02-22,,,14.7,West,Q1-2023,Normal
DEAL-00804,Deepika Das,CLI-0279,CloudShift Platform,Organic Search,Closed Lost,330745,2023-09-14,2024-02-29,168,9.4,North,Q3-2023,Normal
DEAL-01561,Amit Pillai,CLI-0162,AnalyticsEdge,Organic Search,Qualification,428112,2023-04-13,,,,East,Q2-2023,Normal
DEAL-01528,Rohit Mehta,CLI-0144,AnalyticsEdge,Organic Search,Negotiation,462731,2023-07-28,,,,South,Q3-2023,Normal
DEAL-01570,Ananya Sharma,CLI-0004,AI Insights Module,Webinar,Prospecting,203618,2023-09-06,,,6,South,Q3-2023,Normal
DEAL-01776,Rahul Patel,CLI-0151,AI Insights Module,Webinar,Closed Lost,224737,2025-03-13,2025-07-16,125,6.2,North,Q1-2025,Normal
DEAL-00063,Arjun Rao,CLI-0019,SecureNet Suite,Referral,Proposal Sent,110949,2024-06-29,,,4.8,North,Q2-2024,Normal
DEAL-00705,Priya Kumar,CLI-0283,AI Insights Module,Organic Search,Negotiation,180649,2025-03-27,,,5.6,West,Q1-2025,Normal
DEAL-00512,Aditya Pillai,CLI-0089,SecureNet Suite,LinkedIn Campaign,Closed Lost,490146,2023-01-14,2023-07-03,170,9.7,West,Q1-2023,Normal
DEAL-02089,Ananya Sharma,CLI-0100,DevOps Accelerator,Cold Outreach,Closed Lost,63715,2023-08-01,2023-10-18,78,14,East,Q3-2023,Normal
DEAL-01446,Vikram Iyer,CLI-0066,AI Insights Module,LinkedIn Campaign,Qualification,226851,2024-01-28,,,10.8,North,Q1-2024,Normal
DEAL-02173,Vikram Iyer,CLI-0101,DevOps Accelerator,LinkedIn Campaign,Qualification,180367,2023-02-08,,,,East,Q1-2023,Normal
DEAL-02363,Priya Kumar,CLI-0152,AnalyticsEdge,Trade Show,Qualification,243766,2024-09-13,,,1.5,North,Q3-2024,Normal
DEAL-01941,Neha Pillai,CLI-0032,DataVault Pro,Cold Outreach,Closed Won,392657,2023-09-26,2024-02-16,143,11.8,South,Q3-2023,Normal
DEAL-00577,Unassigned,CLI-0219,DataVault Pro,LinkedIn Campaign,Closed Won,234044,2024-05-13,2024-06-09,27,1.5,East,Q2-2024,Normal
DEAL-01144,Amit Pillai,CLI-0055,DevOps Accelerator,Webinar,Proposal Sent,29626,2024-06-02,,,,North,Q2-2024,Normal
DEAL-01112,Riya Das,CLI-0045,AI Insights Module,LinkedIn Campaign,Prospecting,462303,2023-06-07,,,12.4,East,Q2-2023,Normal
DEAL-01512,Vikram Patel,CLI-0275,CloudShift Platform,Email Campaign,Closed Won,246350,2023-02-06,2023-03-16,38,15.2,South,Q1-2023,Normal
DEAL-00899,Riya Das,CLI-0178,DataVault Pro,Organic Search,Negotiation,171512,2023-05-06,,,7.3,West,Q2-2023,Normal
DEAL-02340,Deepika Das,CLI-0129,SecureNet Suite,Trade Show,Negotiation,268021,2023-01-08,,,8.4,North,Q1-2023,Normal
DEAL-00149,Deepika Das,CLI-0195,CloudShift Platform,Webinar,Negotiation,461076,2024-12-24,,,2.5,East,Q4-2024,Normal
DEAL-01280,Vikram Iyer,CLI-0127,AnalyticsEdge,Trade Show,Closed Lost,404291,2024-12-10,2025-02-16,68,,North,Q4-2024,Normal
DEAL-01006,Rahul Patel,CLI-0180,DevOps Accelerator,Google Ads,Closed Lost,381351,2024-11-21,2025-03-09,108,13.7,North,Q4-2024,Normal
DEAL-00820,Vikram Iyer,CLI-0141,DevOps Accelerator,Webinar,Proposal Sent,305174,2024-02-27,,,,South,Q1-2024,Normal
DEAL-02237,Vikram Iyer,CLI-0153,AnalyticsEdge,Cold Outreach,Negotiation,76010,2024-11-18,,,6.9,South,Q4-2024,Normal
DEAL-02262,Priya Kumar,CLI-0159,AnalyticsEdge,Cold Outreach,Closed Lost,241535,2024-11-26,2025-05-03,158,10.4,East,Q4-2024,Normal
DEAL-00055,Ananya Sharma,CLI-0044,AI Insights Module,Referral,Closed Won,227386,2023-12-08,2024-03-21,104,15.9,North,Q4-2023,Normal
DEAL-02065,Deepika Das,CLI-0230,SecureNet Suite,Referral,Proposal Sent,303076,2023-08-02,,,12.5,West,Q3-2023,Normal
DEAL-00486,Vikram Iyer,CLI-0063,SecureNet Suite,Referral,Closed Lost,360211,2025-03-26,2025-09-18,176,5.4,North,Q1-2025,Normal
DEAL-01626,Arjun Rao,CLI-0130,AnalyticsEdge,Email Campaign,Closed Won,146713,2025-01-10,2025-03-12,61,17.4,East,Q1-2025,Normal
DEAL-02229,Siddharth Joshi,CLI-0266,CloudShift Platform,Webinar,Prospecting,16071,2023-09-11,,,11.1,South,Q3-2023,Normal
DEAL-01314,Aditya Pillai,CLI-0134,AnalyticsEdge,Cold Outreach,Negotiation,77815,2023-11-14,,,8.5,South,Q4-2023,Normal
DEAL-01030,Amit Pillai,CLI-0048,CloudShift Platform,Trade Show,Proposal Sent,89081,2025-03-31,,,13,West,Q1-2025,Normal
DEAL-02008,Rohit Mehta,CLI-0201,AnalyticsEdge,Trade Show,Closed Lost,447985,2024-05-20,2024-07-28,69,14.5,North,Q2-2024,Normal
DEAL-02439,Rahul Patel,CLI-0003,AnalyticsEdge,Unknown,Closed Won,151461,2024-05-30,2024-11-20,174,4.6,North,Q2-2024,Normal
DEAL-02480,Siddharth Joshi,CLI-0020,SecureNet Suite,Referral,Negotiation,474732,2024-09-16,,,12.4,South,Q3-2024,Normal
DEAL-00892,Vikram Iyer,CLI-0075,SecureNet Suite,Cold Outreach,Qualification,46486,2023-06-27,,,10.6,North,Q2-2023,Normal
DEAL-00405,Siddharth Gupta,CLI-0070,CloudShift Platform,Email Campaign,Prospecting,430748,2023-11-05,,,4.1,West,Q4-2023,Normal
DEAL-01693,Siddharth Joshi,CLI-0037,SecureNet Suite,Cold Outreach,Negotiation,460262,2023-10-22,,,,North,Q4-2023,Normal
DEAL-00764,Priya Kumar,CLI-0049,AnalyticsEdge,Referral,Closed Won,454136,2023-12-01,2024-02-07,68,3.7,South,Q4-2023,Normal
DEAL-00386,Meera Reddy,CLI-0026,AI Insights Module,LinkedIn Campaign,Closed Lost,432544,2023-04-02,2023-04-21,19,6.2,North,Q2-2023,Normal
DEAL-01044,Rohit Mehta,CLI-0296,DataVault Pro,LinkedIn Campaign,Closed Lost,366866,2023-01-31,2023-07-01,151,11,East,Q1-2023,Normal
DEAL-02264,Aditya Pillai,CLI-0298,DataVault Pro,Email Campaign,Negotiation,48000,2023-10-13,,,8.6,North,Q4-2023,Normal
DEAL-02004,Priya Kumar,CLI-0143,SecureNet Suite,Email Campaign,Proposal Sent,122106,2023-03-08,,,6.4,North,Q1-2023,Normal
DEAL-01111,Siddharth Joshi,CLI-0246,DataVault Pro,Google Ads,Proposal Sent,43535,2023-06-17,,,9.2,North,Q2-2023,Normal
DEAL-00606,Deepika Das,CLI-0088,DevOps Accelerator,Webinar,Closed Lost,372512,2024-05-13,2024-08-10,89,1.5,East,Q2-2024,Normal
DEAL-01933,Siddharth Gupta,CLI-0238,SecureNet Suite,Trade Show,Closed Won,202985,2024-08-18,2024-11-16,90,12.4,East,Q3-2024,Normal
DEAL-00095,Meera Reddy,CLI-0154,SecureNet Suite,Trade Show,Closed Lost,340624,2024-05-13,2024-06-18,36,,North,Q2-2024,Normal
DEAL-00927,Rohit Mehta,CLI-0146,DevOps Accelerator,LinkedIn Campaign,Closed Won,305132,2024-12-25,2025-06-19,176,14.4,East,Q4-2024,Normal
DEAL-00521,Meera Reddy,CLI-0216,AI Insights Module,Cold Outreach,Qualification,376820,2024-07-18,,,12.4,North,Q3-2024,Normal
DEAL-00534,Siddharth Gupta,CLI-0098,AI Insights Module,Organic Search,Closed Won,201292,2023-07-03,2023-11-03,123,9.6,North,Q3-2023,Normal
DEAL-02312,Arjun Rao,CLI-0183,AI Insights Module,Referral,Closed Won,244725,2023-06-07,2023-08-07,61,9.9,East,Q2-2023,Normal
DEAL-02318,Meera Reddy,CLI-0089,AI Insights Module,Referral,Proposal Sent,368761,2024-11-27,,,14.5,South,Q4-2024,Normal
DEAL-01580,Ananya Sharma,CLI-0016,AnalyticsEdge,Webinar,Prospecting,466837,2023-04-13,,,,North,Q2-2023,Normal
DEAL-02165,Meera Reddy,CLI-0147,AI Insights Module,Referral,Proposal Sent,203142,2023-08-25,,,,South,Q3-2023,Normal
DEAL-00162,Meera Reddy,CLI-0082,DataVault Pro,LinkedIn Campaign,Negotiation,272274,2024-06-18,,,10,East,Q2-2024,Normal
DEAL-01441,Vikram Patel,CLI-0142,AnalyticsEdge,Referral,Closed Won,404291,2024-07-13,2024-08-16,34,8.9,South,Q3-2024,Normal
DEAL-01109,Meera Reddy,CLI-0169,DevOps Accelerator,Email Campaign,Proposal Sent,284945,2023-11-18,,,7.8,West,Q4-2023,Normal
DEAL-01630,Siddharth Joshi,CLI-0135,DataVault Pro,Cold Outreach,Negotiation,407798,2024-07-26,,,13,South,Q3-2024,Normal
DEAL-00412,Rahul Patel,CLI-0129,CloudShift Platform,Webinar,Qualification,200654,2024-04-08,,,13,West,Q2-2024,Normal
DEAL-02323,Deepika Das,CLI-0051,SecureNet Suite,Cold Outreach,Closed Won,143599,2025-02-11,2025-04-29,77,19.9,East,Q1-2025,Normal
DEAL-01623,Unassigned,CLI-0049,AI Insights Module,Trade Show,Negotiation,237351,2024-08-26,,,8.1,West,Q3-2024,Normal
DEAL-02054,Siddharth Joshi,CLI-0046,DevOps Accelerator,Trade Show,Prospecting,382535,2023-05-14,,,1.7,South,Q2-2023,Normal
DEAL-00964,Amit Pillai,CLI-0156,CloudShift Platform,LinkedIn Campaign,Qualification,111475,2024-12-31,,,,West,Q4-2024,Normal
DEAL-01242,Priya Kumar,CLI-0135,AnalyticsEdge,Email Campaign,Prospecting,258349,2024-04-19,,,7.5,East,Q2-2024,Normal
DEAL-00235,Meera Reddy,CLI-0207,AnalyticsEdge,Organic Search,Prospecting,112030,2024-08-08,,,12.1,South,Q3-2024,Normal
DEAL-01415,Rohit Mehta,CLI-0256,AnalyticsEdge,Email Campaign,Negotiation,324459,2024-03-01,,,6.2,North,Q1-2024,Normal
DEAL-01170,Neha Pillai,CLI-0107,DataVault Pro,Cold Outreach,Closed Lost,319669,2024-06-19,2024-07-20,31,3.1,East,Q2-2024,Normal
DEAL-00093,Deepika Das,CLI-0067,AnalyticsEdge,Trade Show,Closed Won,419435,2023-03-13,2023-08-13,153,9.6,West,Q1-2023,Normal
DEAL-00865,Aditya Pillai,CLI-0146,AI Insights Module,Trade Show,Proposal Sent,496070,2024-04-09,,,,West,Q2-2024,Normal
DEAL-00396,Aditya Pillai,CLI-0254,DevOps Accelerator,Google Ads,Qualification,398862,2023-05-05,,,,North,Q2-2023,Normal
DEAL-02012,Rohit Mehta,CLI-0002,SecureNet Suite,Trade Show,Negotiation,102696,2023-07-11,,,12.3,West,Q3-2023,Normal
DEAL-01452,Vikram Iyer,CLI-0297,AI Insights Module,LinkedIn Campaign,Closed Lost,325737,2023-10-26,2023-12-16,51,,East,Q4-2023,Normal
DEAL-01719,Arjun Rao,CLI-0059,SecureNet Suite,Webinar,Qualification,184123,2023-03-10,,,9,West,Q1-2023,Normal
DEAL-00492,Meera Reddy,CLI-0290,DevOps Accelerator,Unknown,Closed Lost,28913,2025-02-12,2025-07-11,149,6,South,Q1-2025,Normal
DEAL-02030,Unassigned,CLI-0008,DataVault Pro,Cold Outreach,Proposal Sent,180751,2024-08-02,,,,West,Q3-2024,Normal
DEAL-01450,Deepika Das,CLI-0254,DataVault Pro,Google Ads,Prospecting,141620,2023-04-04,,,,East,Q2-2023,Normal
DEAL-01710,Neha Pillai,CLI-0148,CloudShift Platform,Referral,Proposal Sent,246005,2023-01-19,,,,South,Q1-2023,Normal
DEAL-01514,Siddharth Joshi,CLI-0081,DevOps Accelerator,Email Campaign,Closed Won,212050,2024-08-16,2025-01-11,148,5,West,Q3-2024,Normal
DEAL-01773,Rahul Patel,CLI-0234,SecureNet Suite,Trade Show,Proposal Sent,51259,2023-06-10,,,5.6,North,Q2-2023,Normal
DEAL-01064,Arjun Rao,CLI-0182,DataVault Pro,Trade Show,Closed Lost,1840460,2023-04-09,2023-05-28,49,1.3,South,Q2-2023,High Outlier
DEAL-00324,Riya Das,CLI-0235,CloudShift Platform,Trade Show,Closed Won,498867,2024-05-06,2024-09-25,142,24.9,North,Q2-2024,Normal
DEAL-00918,Meera Reddy,CLI-0101,DevOps Accelerator,LinkedIn Campaign,Proposal Sent,319394,2023-12-23,,,5.6,South,Q4-2023,Normal
DEAL-01003,Arjun Rao,CLI-0223,AI Insights Module,Organic Search,Closed Lost,175217,2023-10-02,2023-11-07,36,15,South,Q4-2023,Normal
DEAL-00002,Siddharth Gupta,CLI-0287,DevOps Accelerator,Referral,Closed Won,241662,2024-02-27,2024-05-18,81,0.3,South,Q1-2024,Normal
DEAL-00609,Vikram Iyer,CLI-0238,CloudShift Platform,LinkedIn Campaign,Negotiation,426074,2023-04-11,,,,South,Q2-2023,Normal
DEAL-00019,Siddharth Joshi,CLI-0105,DevOps Accelerator,Trade Show,Qualification,285876,2024-08-06,,,,West,Q3-2024,Normal
DEAL-01593,Rahul Patel,CLI-0076,AI Insights Module,LinkedIn Campaign,Closed Won,97905,2023-03-01,2023-06-22,113,5.6,North,Q1-2023,Normal
DEAL-00706,Neha Pillai,CLI-0041,DataVault Pro,Email Campaign,Qualification,373825,2023-07-12,,,10.7,North,Q3-2023,Normal
DEAL-00307,Amit Pillai,CLI-0244,AI Insights Module,Cold Outreach,Negotiation,95823,2024-03-28,,,,South,Q1-2024,Normal
DEAL-01315,Aditya Pillai,CLI-0209,AnalyticsEdge,Webinar,Qualification,225340,2023-05-12,,,0.2,North,Q2-2023,Normal
DEAL-01080,Amit Pillai,CLI-0150,DataVault Pro,Organic Search,Qualification,418307,2025-01-21,,,13,West,Q1-2025,Normal
DEAL-02294,Rohit Mehta,CLI-0244,AI Insights Module,Email Campaign,Proposal Sent,458332,2024-06-23,,,,East,Q2-2024,Normal
DEAL-02086,Siddharth Gupta,CLI-0240,AI Insights Module,Organic Search,Proposal Sent,258018,2023-08-04,,,,East,Q3-2023,Normal
DEAL-01096,Rohit Mehta,CLI-0216,AI Insights Module,Trade Show,Closed Won,399413,2024-11-16,2024-12-19,33,1.2,West,Q4-2024,Normal
DEAL-01873,Siddharth Joshi,CLI-0197,AnalyticsEdge,Cold Outreach,Proposal Sent,499342,2024-07-31,,,4.1,West,Q3-2024,Normal
DEAL-00212,Vikram Iyer,CLI-0255,DevOps Accelerator,Trade Show,Closed Lost,316343,2024-03-09,2024-07-14,127,14.2,West,Q1-2024,Normal
DEAL-00651,Deepika Das,CLI-0029,DevOps Accelerator,Email Campaign,Proposal Sent,446673,2024-09-30,,,,East,Q3-2024,Normal
DEAL-02411,Arjun Rao,CLI-0211,AI Insights Module,Organic Search,Negotiation,226572,2024-11-08,,,1,North,Q4-2024,Normal
DEAL-00779,Neha Pillai,CLI-0027,CloudShift Platform,Webinar,Qualification,94064,2024-12-07,,,8,East,Q4-2024,Normal
DEAL-02146,Arjun Rao,CLI-0047,DevOps Accelerator,Cold Outreach,Qualification,414262,2023-08-27,,,6.8,South,Q3-2023,Normal
DEAL-01421,Riya Das,CLI-0047,SecureNet Suite,Google Ads,Closed Lost,399520,2023-12-18,2024-01-18,31,14.7,East,Q4-2023,Normal
DEAL-00611,Ananya Sharma,CLI-0152,DataVault Pro,Webinar,Prospecting,182470,2024-02-27,,,12,East,Q1-2024,Normal
DEAL-00471,Siddharth Joshi,CLI-0249,DevOps Accelerator,LinkedIn Campaign,Closed Lost,352533,2023-08-24,2023-12-31,129,3.4,South,Q3-2023,Normal
DEAL-02072,Unassigned,CLI-0202,CloudShift Platform,Organic Search,Proposal Sent,367577,2023-07-20,,,2.4,West,Q3-2023,Normal
DEAL-00591,Siddharth Joshi,CLI-0046,AnalyticsEdge,Trade Show,Closed Lost,291399,2024-09-09,2025-03-06,178,7.1,East,Q3-2024,Normal
DEAL-01058,Amit Pillai,CLI-0155,DataVault Pro,Organic Search,Proposal Sent,207670,2024-09-24,,,14.9,East,Q3-2024,Normal
DEAL-01729,Vikram Patel,CLI-0071,CloudShift Platform,Google Ads,Proposal Sent,157275,2023-02-14,,,8.8,West,Q1-2023,Normal
DEAL-01836,Siddharth Joshi,CLI-0147,CloudShift Platform,Webinar,Closed Won,190722,2024-08-26,2025-02-02,160,11.7,South,Q3-2024,Normal
DEAL-01762,Amit Pillai,CLI-0242,AnalyticsEdge,Google Ads,Closed Lost,342469,2023-09-30,2023-11-16,47,,East,Q3-2023,Normal
DEAL-01191,Arjun Rao,CLI-0129,DataVault Pro,LinkedIn Campaign,Qualification,286710,2023-10-08,,,,North,Q4-2023,Normal
DEAL-00659,Neha Pillai,CLI-0190,SecureNet Suite,Email Campaign,Prospecting,477165,2023-06-23,,,,East,Q2-2023,Normal
DEAL-00308,Ananya Sharma,CLI-0199,SecureNet Suite,LinkedIn Campaign,Closed Won,460064,2024-03-13,2024-05-10,58,2.4,West,Q1-2024,Normal
DEAL-00562,Vikram Iyer,CLI-0066,CloudShift Platform,Email Campaign,Negotiation,140008,2025-03-27,,,11.1,South,Q1-2025,Normal
DEAL-00091,Rohit Mehta,CLI-0061,DataVault Pro,Email Campaign,Qualification,293446,2023-08-12,,,,West,Q3-2023,Normal
DEAL-01713,Meera Reddy,CLI-0213,DataVault Pro,Google Ads,Negotiation,470560,2023-10-26,,,7,North,Q4-2023,Normal
DEAL-01243,Amit Pillai,CLI-0150,DataVault Pro,Cold Outreach,Qualification,104858,2024-02-17,,,,South,Q1-2024,Normal
DEAL-02329,Amit Pillai,CLI-0058,CloudShift Platform,Email Campaign,Negotiation,177877,2024-08-12,,,,North,Q3-2024,Normal
DEAL-01700,Priya Kumar,CLI-0195,AnalyticsEdge,Email Campaign,Negotiation,348797,2023-02-04,,,7.3,South,Q1-2023,Normal
DEAL-01684,Riya Das,CLI-0024,AnalyticsEdge,Cold Outreach,Closed Lost,442377,2024-10-10,2024-11-29,50,0.7,South,Q4-2024,Normal
DEAL-00399,Aditya Pillai,CLI-0223,DataVault Pro,Referral,Closed Lost,265764,2024-04-01,2024-08-02,123,4.1,North,Q2-2024,Normal
DEAL-00281,Vikram Patel,CLI-0287,CloudShift Platform,Organic Search,Proposal Sent,97957,2024-03-08,,,7.6,South,Q1-2024,Normal
DEAL-00967,Priya Kumar,CLI-0197,CloudShift Platform,Trade Show,Closed Won,425669,2023-11-29,2024-05-01,154,3.6,South,Q4-2023,Normal
DEAL-00433,Deepika Das,CLI-0153,DataVault Pro,Unknown,Proposal Sent,172996,2023-01-07,,,12.1,South,Q1-2023,Normal
DEAL-00756,Amit Pillai,CLI-0219,AnalyticsEdge,Email Campaign,Proposal Sent,276776,2025-01-11,,,,East,Q1-2025,Normal
DEAL-00156,Vikram Patel,CLI-0243,DevOps Accelerator,Email Campaign,Proposal Sent,192093,2024-10-29,,,12.4,East,Q4-2024,Normal
DEAL-02123,Vikram Patel,CLI-0239,DevOps Accelerator,Referral,Closed Lost,308339,2023-12-09,2024-02-25,78,4.9,West,Q4-2023,Normal
DEAL-01398,Riya Das,CLI-0282,CloudShift Platform,Unknown,Closed Lost,349235,2024-06-19,2024-12-15,179,9.8,South,Q2-2024,Normal
DEAL-02432,Rohit Mehta,CLI-0042,SecureNet Suite,Cold Outreach,Qualification,356184,2023-09-17,,,9.8,East,Q3-2023,Normal
DEAL-01389,Aditya Pillai,CLI-0046,DataVault Pro,Referral,Closed Won,125229,2024-03-15,2024-04-06,22,9,West,Q1-2024,Normal
DEAL-00198,Meera Reddy,CLI-0158,AnalyticsEdge,Webinar,Closed Won,158088,2023-03-30,2023-08-15,138,5,West,Q1-2023,Normal
DEAL-00461,Arjun Rao,CLI-0093,AI Insights Module,Cold Outreach,Prospecting,141036,2023-10-30,,,5.1,East,Q4-2023,Normal
DEAL-02265,Aditya Pillai,CLI-0260,DataVault Pro,Cold Outreach,Closed Lost,239921,2023-10-04,2024-02-08,127,0.6,South,Q4-2023,Normal
DEAL-00137,Siddharth Joshi,CLI-0167,DataVault Pro,Webinar,Closed Won,171180,2023-05-14,2023-06-18,35,19.1,North,Q2-2023,Normal
DEAL-01393,Ananya Sharma,CLI-0123,CloudShift Platform,Google Ads,Closed Won,427635,2024-03-14,2024-06-17,95,21.8,West,Q1-2024,Normal
DEAL-00104,Arjun Rao,CLI-0197,CloudShift Platform,Webinar,Closed Won,487880,2023-06-30,2023-08-24,55,1.1,East,Q2-2023,Normal
DEAL-01158,Rohit Mehta,CLI-0207,DataVault Pro,Email Campaign,Proposal Sent,348856,2023-12-24,,,1.8,North,Q4-2023,Normal
DEAL-00888,Vikram Iyer,CLI-0112,SecureNet Suite,LinkedIn Campaign,Closed Lost,435940,2023-12-07,2023-12-28,21,12.8,North,Q4-2023,Normal
DEAL-00789,Ananya Sharma,CLI-0070,AnalyticsEdge,Referral,Closed Won,76407,2024-11-29,2025-04-23,145,10.2,East,Q4-2024,Normal
DEAL-00066,Aditya Pillai,CLI-0240,DevOps Accelerator,Organic Search,Proposal Sent,438575,2025-02-15,,,10.1,West,Q1-2025,Normal
DEAL-01097,Rohit Mehta,CLI-0225,DataVault Pro,Organic Search,Qualification,334757,2024-12-12,,,5.3,North,Q4-2024,Normal
DEAL-00495,Meera Reddy,CLI-0175,AI Insights Module,Google Ads,Proposal Sent,250598,2023-09-28,,,14.5,West,Q3-2023,Normal
DEAL-02239,Neha Pillai,CLI-0011,AI Insights Module,Referral,Closed Won,32818,2024-03-20,2024-04-19,30,24.8,South,Q1-2024,Normal
DEAL-00172,Meera Reddy,CLI-0254,SecureNet Suite,Webinar,Prospecting,202896,2024-08-03,,,1.8,West,Q3-2024,Normal
DEAL-02081,Rohit Mehta,CLI-0080,SecureNet Suite,LinkedIn Campaign,Proposal Sent,388384,2023-08-12,,,2.7,East,Q3-2023,Normal
DEAL-01351,Siddharth Joshi,CLI-0241,DevOps Accelerator,Organic Search,Prospecting,206324,2024-11-28,,,0.1,North,Q4-2024,Normal
DEAL-00049,Arjun Rao,CLI-0296,AnalyticsEdge,Email Campaign,Negotiation,13014,2024-05-20,,,3.6,West,Q2-2024,Normal
DEAL-02220,Neha Pillai,CLI-0073,SecureNet Suite,Trade Show,Qualification,242570,2024-05-18,,,,East,Q2-2024,Normal
DEAL-02110,Arjun Rao,CLI-0051,AnalyticsEdge,Trade Show,Proposal Sent,337189,2023-01-22,,,,South,Q1-2023,Normal
DEAL-01326,Rohit Mehta,CLI-0051,CloudShift Platform,Email Campaign,Closed Lost,193297,2024-03-05,2024-04-11,37,,North,Q1-2024,Normal
DEAL-00075,Siddharth Joshi,CLI-0084,CloudShift Platform,Referral,Proposal Sent,319415,2023-11-22,,,10.7,West,Q4-2023,Normal
DEAL-02135,Rahul Patel,CLI-0098,CloudShift Platform,Webinar,Proposal Sent,335287,2023-04-26,,,,South,Q2-2023,Normal
DEAL-00059,Vikram Iyer,CLI-0191,DevOps Accelerator,Trade Show,Qualification,71260,2025-02-08,,,4.6,North,Q1-2025,Normal
DEAL-00034,Siddharth Joshi,CLI-0140,DataVault Pro,Email Campaign,Negotiation,383539,2023-09-11,,,13.8,West,Q3-2023,Normal
DEAL-01023,Vikram Patel,CLI-0244,AI Insights Module,LinkedIn Campaign,Closed Lost,82405,2025-02-11,2025-06-28,137,0.8,East,Q1-2025,Normal
DEAL-01997,Deepika Das,CLI-0038,DataVault Pro,Referral,Prospecting,205189,2023-06-18,,,1.4,West,Q2-2023,Normal
DEAL-00451,Arjun Rao,CLI-0080,CloudShift Platform,Referral,Negotiation,461042,2024-12-01,,,11.1,North,Q4-2024,Normal
DEAL-02111,Ananya Sharma,CLI-0221,AnalyticsEdge,Organic Search,Qualification,42901,2024-01-12,,,14.2,South,Q1-2024,Normal
DEAL-01646,Rohit Mehta,CLI-0047,AI Insights Module,Webinar,Negotiation,107483,2023-10-20,,,12.8,West,Q4-2023,Normal
DEAL-00557,Vikram Patel,CLI-0215,DevOps Accelerator,Cold Outreach,Negotiation,240614,2023-06-08,,,11.2,South,Q2-2023,Normal
DEAL-00490,Rahul Patel,CLI-0147,DataVault Pro,LinkedIn Campaign,Closed Lost,331547,2023-05-13,2023-10-29,169,,West,Q2-2023,Normal
DEAL-02269,Amit Pillai,CLI-0113,SecureNet Suite,Email Campaign,Closed Won,121598,2024-09-12,2024-10-08,26,5.1,South,Q3-2024,Normal
DEAL-01238,Deepika Das,CLI-0140,DevOps Accelerator,Cold Outreach,Closed Lost,245245,2023-09-14,2023-11-02,49,9.8,South,Q3-2023,Normal
DEAL-01833,Siddharth Joshi,CLI-0089,DataVault Pro,Referral,Prospecting,145006,2024-12-25,,,7.8,West,Q4-2024,Normal
DEAL-01009,Vikram Iyer,CLI-0002,SecureNet Suite,Referral,Closed Lost,369674,2023-05-31,2023-06-26,26,,West,Q2-2023,Normal
DEAL-02424,Aditya Pillai,CLI-0088,AnalyticsEdge,Email Campaign,Proposal Sent,125259,2023-01-18,,,3,East,Q1-2023,Normal
DEAL-02276,Rohit Mehta,CLI-0019,DevOps Accelerator,Webinar,Qualification,305272,2023-01-15,,,6.9,South,Q1-2023,Normal
DEAL-00179,Priya Kumar,CLI-0288,DataVault Pro,Email Campaign,Prospecting,87920,2023-07-07,,,,West,Q3-2023,Normal
DEAL-01117,Siddharth Joshi,CLI-0129,SecureNet Suite,LinkedIn Campaign,Closed Lost,294337,2025-02-07,2025-06-05,118,,East,Q1-2025,Normal
DEAL-02193,Aditya Pillai,CLI-0095,DevOps Accelerator,Webinar,Negotiation,452500,2025-01-11,,,14.3,South,Q1-2025,Normal
DEAL-02288,Priya Kumar,CLI-0065,DevOps Accelerator,LinkedIn Campaign,Closed Won,490314,2023-05-13,2023-08-03,82,23.4,East,Q2-2023,Normal
DEAL-00297,Priya Kumar,CLI-0053,SecureNet Suite,Referral,Closed Won,466056,2024-08-08,2024-12-30,144,12.4,North,Q3-2024,Normal
DEAL-01814,Riya Das,CLI-0184,SecureNet Suite,Cold Outreach,Proposal Sent,434753,2024-08-29,,,,South,Q3-2024,Normal
DEAL-02388,Aditya Pillai,CLI-0153,DataVault Pro,Referral,Qualification,470732,2024-01-09,,,10.2,East,Q1-2024,Normal
DEAL-00688,Arjun Rao,CLI-0286,AI Insights Module,Referral,Negotiation,32112,2023-08-27,,,14.2,South,Q3-2023,Normal
DEAL-00443,Meera Reddy,CLI-0200,AI Insights Module,Referral,Qualification,267479,2023-10-20,,,3.4,West,Q4-2023,Normal
DEAL-02163,Neha Pillai,CLI-0103,AnalyticsEdge,Referral,Prospecting,346275,2023-05-16,,,7.7,West,Q2-2023,Normal
DEAL-01105,Ananya Sharma,CLI-0069,DataVault Pro,Cold Outreach,Closed Won,104311,2024-01-22,2024-02-25,34,6.5,North,Q1-2024,Normal
DEAL-00440,Aditya Pillai,CLI-0132,AI Insights Module,Unknown,Qualification,179909,2024-08-17,,,5.2,West,Q3-2024,Normal
DEAL-00010,Rohit Mehta,CLI-0050,DataVault Pro,Trade Show,Proposal Sent,97745,2024-08-21,,,1.8,North,Q3-2024,Normal
DEAL-00389,Arjun Rao,CLI-0217,CloudShift Platform,Webinar,Closed Won,450805,2025-01-29,2025-07-16,168,4.3,West,Q1-2025,Normal
DEAL-02090,Deepika Das,CLI-0087,CloudShift Platform,Google Ads,Closed Won,405226,2024-10-18,2025-02-03,108,0.7,West,Q4-2024,Normal
DEAL-00161,Rahul Patel,CLI-0183,AI Insights Module,Email Campaign,Closed Won,39007,2023-03-27,2023-06-30,95,21.7,West,Q1-2023,Normal
DEAL-01842,Amit Pillai,CLI-0219,DevOps Accelerator,Cold Outreach,Qualification,256394,2024-11-20,,,1,South,Q4-2024,Normal
DEAL-01072,Rohit Mehta,CLI-0160,AI Insights Module,Organic Search,Negotiation,1571766,2023-12-25,,,1.7,West,Q4-2023,High Outlier
DEAL-00523,Riya Das,CLI-0199,DataVault Pro,Trade Show,Negotiation,186513,2023-04-13,,,2.8,South,Q2-2023,Normal
DEAL-00579,Siddharth Joshi,CLI-0123,AnalyticsEdge,Referral,Closed Won,412189,2023-10-11,2024-02-22,134,22,South,Q4-2023,Normal
DEAL-00620,Neha Pillai,CLI-0116,DevOps Accelerator,Webinar,Prospecting,491023,2024-06-03,,,10.6,North,Q2-2024,Normal
DEAL-01017,Meera Reddy,CLI-0223,DataVault Pro,Trade Show,Prospecting,452060,2024-11-18,,,,North,Q4-2024,Normal
DEAL-01374,Siddharth Joshi,CLI-0186,AI Insights Module,Cold Outreach,Negotiation,204027,2024-04-23,,,11.2,East,Q2-2024,Normal
DEAL-01768,Aditya Pillai,CLI-0156,SecureNet Suite,Referral,Closed Won,219843,2023-10-11,2024-01-15,96,18.5,South,Q4-2023,Normal
DEAL-00610,Meera Reddy,CLI-0061,AI Insights Module,Google Ads,Proposal Sent,423210,2024-04-16,,,8.6,West,Q2-2024,Normal
DEAL-01311,Meera Reddy,CLI-0298,DataVault Pro,Cold Outreach,Prospecting,196048,2025-02-21,,,6.4,North,Q1-2025,Normal
DEAL-00316,Vikram Iyer,CLI-0290,DevOps Accelerator,Organic Search,Proposal Sent,392260,2023-03-18,,,,South,Q1-2023,Normal
DEAL-01543,Ananya Sharma,CLI-0116,DevOps Accelerator,Google Ads,Negotiation,314496,2023-11-22,,,,East,Q4-2023,Normal
DEAL-01136,Ananya Sharma,CLI-0232,AnalyticsEdge,Google Ads,Proposal Sent,171115,2024-02-03,,,,East,Q1-2024,Normal
DEAL-01625,Priya Kumar,CLI-0275,CloudShift Platform,Organic Search,Proposal Sent,444775,2024-03-18,,,,East,Q1-2024,Normal
DEAL-00366,Aditya Pillai,CLI-0080,DataVault Pro,Trade Show,Qualification,401116,2024-09-11,,,12.6,West,Q3-2024,Normal
DEAL-01708,Amit Pillai,CLI-0215,AnalyticsEdge,LinkedIn Campaign,Closed Lost,317013,2024-10-19,2025-03-22,154,14.7,East,Q4-2024,Normal
DEAL-01102,Ananya Sharma,CLI-0279,DataVault Pro,Organic Search,Proposal Sent,150513,2024-05-24,,,7.1,South,Q2-2024,Normal
DEAL-00809,Meera Reddy,CLI-0029,CloudShift Platform,Webinar,Qualification,90603,2024-03-21,,,3.4,East,Q1-2024,Normal
DEAL-00459,Riya Das,CLI-0222,SecureNet Suite,Referral,Closed Won,188753,2024-09-28,2025-02-01,126,19.6,North,Q3-2024,Normal
DEAL-00654,Arjun Rao,CLI-0244,SecureNet Suite,LinkedIn Campaign,Proposal Sent,482804,2025-01-31,,,,North,Q1-2025,Normal
DEAL-01734,Neha Pillai,CLI-0047,AnalyticsEdge,Google Ads,Closed Won,462094,2024-03-27,2024-08-05,131,9.4,North,Q1-2024,Normal
DEAL-02018,Amit Pillai,CLI-0257,CloudShift Platform,LinkedIn Campaign,Closed Lost,303043,2025-02-04,2025-03-14,38,9.1,North,Q1-2025,Normal
DEAL-00271,Arjun Rao,CLI-0222,DataVault Pro,LinkedIn Campaign,Qualification,472571,2024-11-11,,,,West,Q4-2024,Normal
DEAL-00082,Amit Pillai,CLI-0247,SecureNet Suite,Webinar,Closed Won,154293,2023-01-15,2023-02-27,43,22.8,South,Q1-2023,Normal
DEAL-02171,Siddharth Joshi,CLI-0070,SecureNet Suite,Webinar,Closed Lost,418693,2024-04-30,2024-07-20,81,5.2,South,Q2-2024,Normal
DEAL-01370,Vikram Patel,CLI-0290,DataVault Pro,Webinar,Closed Won,319580,2024-01-26,2024-03-06,40,3.9,North,Q1-2024,Normal
DEAL-01029,Siddharth Joshi,CLI-0202,SecureNet Suite,Trade Show,Closed Lost,31431,2023-06-12,2023-11-23,164,,North,Q2-2023,Normal
DEAL-01095,Rahul Patel,CLI-0224,AnalyticsEdge,Referral,Closed Won,246647,2023-03-20,2023-05-21,62,2.1,North,Q1-2023,Normal
DEAL-00811,Vikram Patel,CLI-0033,DataVault Pro,Google Ads,Qualification,164945,2024-07-02,,,,North,Q3-2024,Normal
DEAL-01861,Priya Kumar,CLI-0061,CloudShift Platform,Referral,Qualification,364816,2024-07-07,,,13.2,South,Q3-2024,Normal
DEAL-00708,Vikram Patel,CLI-0133,CloudShift Platform,Trade Show,Closed Lost,356861,2024-12-15,2025-05-31,167,,West,Q4-2024,Normal
DEAL-00275,Siddharth Gupta,CLI-0287,CloudShift Platform,Organic Search,Prospecting,488204,2024-01-27,,,7.7,North,Q1-2024,Normal
DEAL-00893,Rohit Mehta,CLI-0033,DataVault Pro,Google Ads,Closed Won,337191,2024-01-22,2024-02-08,17,13,West,Q1-2024,Normal
DEAL-01371,Vikram Patel,CLI-0181,SecureNet Suite,Referral,Proposal Sent,12141,2023-07-06,,,10.3,South,Q3-2023,Normal
DEAL-02409,Siddharth Joshi,CLI-0113,SecureNet Suite,Google Ads,Closed Won,382210,2025-02-01,2025-03-28,55,0.5,South,Q1-2025,Normal
DEAL-01026,Amit Pillai,CLI-0016,DataVault Pro,Email Campaign,Negotiation,455899,2024-12-13,,,,South,Q4-2024,Normal
DEAL-02134,Rahul Patel,CLI-0172,DevOps Accelerator,LinkedIn Campaign,Negotiation,193276,2024-11-01,,,11.7,West,Q4-2024,Normal
DEAL-01945,Siddharth Gupta,CLI-0206,DevOps Accelerator,Referral,Prospecting,89484,2024-03-17,,,13.2,West,Q1-2024,Normal
DEAL-00823,Vikram Iyer,CLI-0083,SecureNet Suite,Cold Outreach,Closed Lost,347524,2024-04-30,2024-09-19,142,,South,Q2-2024,Normal
DEAL-02397,Arjun Rao,CLI-0112,DevOps Accelerator,Google Ads,Prospecting,372383,2023-03-20,,,6.9,North,Q1-2023,Normal
DEAL-00310,Neha Pillai,CLI-0022,AnalyticsEdge,Trade Show,Proposal Sent,352462,2023-01-12,,,,West,Q1-2023,Normal
DEAL-01488,Neha Pillai,CLI-0044,DevOps Accelerator,Cold Outreach,Closed Lost,194939,2024-09-21,2024-11-01,41,10.1,West,Q3-2024,Normal
DEAL-01830,Aditya Pillai,CLI-0243,AI Insights Module,Referral,Closed Won,189982,2024-06-30,2024-08-22,53,15.9,West,Q2-2024,Normal
DEAL-02406,Siddharth Joshi,CLI-0280,SecureNet Suite,Webinar,Qualification,73177,2023-10-16,,,6.1,North,Q4-2023,Normal
DEAL-00358,Rahul Patel,CLI-0079,SecureNet Suite,Webinar,Qualification,211860,2024-05-21,,,6.4,West,Q2-2024,Normal
DEAL-01500,Siddharth Joshi,CLI-0016,DevOps Accelerator,LinkedIn Campaign,Proposal Sent,465436,2024-01-16,,,,South,Q1-2024,Normal
DEAL-00258,Ananya Sharma,CLI-0011,SecureNet Suite,Referral,Proposal Sent,369537,2025-02-20,,,11.7,East,Q1-2025,Normal
DEAL-01417,Rohit Mehta,CLI-0074,AnalyticsEdge,Referral,Closed Lost,265969,2025-01-28,2025-02-16,19,13,East,Q1-2025,Normal
DEAL-00767,Rahul Patel,CLI-0125,AnalyticsEdge,Trade Show,Closed Won,462237,2023-05-17,2023-08-23,98,17.7,East,Q2-2023,Normal
DEAL-01569,Priya Kumar,CLI-0122,AnalyticsEdge,Referral,Closed Won,62406,2025-02-17,2025-04-28,70,5.7,North,Q1-2025,Normal
DEAL-00144,Ananya Sharma,CLI-0021,DataVault Pro,Google Ads,Closed Lost,267765,2024-02-10,2024-06-16,127,,West,Q1-2024,Normal
DEAL-00103,Amit Pillai,CLI-0210,SecureNet Suite,Trade Show,Prospecting,133542,2024-06-26,,,14.7,South,Q2-2024,Normal
DEAL-01765,Arjun Rao,CLI-0183,AI Insights Module,Referral,Qualification,879556,2024-12-21,,,,East,Q4-2024,Normal
DEAL-01285,Siddharth Gupta,CLI-0283,DevOps Accelerator,Organic Search,Closed Won,174077,2023-10-02,2023-11-30,59,18.2,South,Q4-2023,Normal
DEAL-01010,Meera Reddy,CLI-0001,AnalyticsEdge,Google Ads,Prospecting,212824,2024-05-03,,,3.9,South,Q2-2024,Normal
DEAL-01635,Vikram Patel,CLI-0093,SecureNet Suite,Email Campaign,Negotiation,234399,2024-02-28,,,13.4,West,Q1-2024,Normal
DEAL-00617,Rohit Mehta,CLI-0047,DataVault Pro,Cold Outreach,Prospecting,127686,2023-08-13,,,,South,Q3-2023,Normal
DEAL-02445,Meera Reddy,CLI-0014,AI Insights Module,Google Ads,Qualification,264210,2024-03-14,,,0.8,East,Q1-2024,Normal
DEAL-01627,Vikram Iyer,CLI-0281,CloudShift Platform,Cold Outreach,Proposal Sent,1502805,2025-03-11,,,6.1,South,Q1-2025,High Outlier
DEAL-02300,Siddharth Joshi,CLI-0216,CloudShift Platform,LinkedIn Campaign,Qualification,143527,2023-08-16,,,9.5,West,Q3-2023,Normal
DEAL-01303,Arjun Rao,CLI-0186,AnalyticsEdge,Google Ads,Qualification,38520,2023-06-09,,,,West,Q2-2023,Normal
DEAL-00710,Ananya Sharma,CLI-0288,CloudShift Platform,Trade Show,Prospecting,265563,2023-03-30,,,7.1,North,Q1-2023,Normal
DEAL-01778,Ananya Sharma,CLI-0053,DevOps Accelerator,Organic Search,Closed Won,230215,2024-04-16,2024-05-20,34,17.1,West,Q2-2024,Normal
DEAL-02414,Priya Kumar,CLI-0073,AI Insights Module,Cold Outreach,Closed Lost,26182,2024-05-17,2024-09-01,107,,North,Q2-2024,Normal
DEAL-02238,Amit Pillai,CLI-0181,SecureNet Suite,Cold Outreach,Closed Won,209145,2023-04-14,2023-06-03,50,22.1,East,Q2-2023,Normal
DEAL-02387,Neha Pillai,CLI-0137,DataVault Pro,Organic Search,Closed Won,388492,2023-02-21,2023-04-12,50,5.1,East,Q1-2023,Normal
DEAL-02404,Vikram Patel,CLI-0208,AI Insights Module,Trade Show,Negotiation,300165,2024-05-08,,,8.6,West,Q2-2024,Normal
DEAL-01408,Siddharth Gupta,CLI-0133,AI Insights Module,Webinar,Closed Won,378732,2024-11-09,2025-03-16,127,12.7,South,Q4-2024,Normal
DEAL-00783,Neha Pillai,CLI-0071,CloudShift Platform,Google Ads,Closed Won,344537,2023-11-16,2024-04-16,152,7.3,North,Q4-2023,Normal
DEAL-00519,Meera Reddy,CLI-0149,DataVault Pro,Cold Outreach,Qualification,175434,2023-07-12,,,,East,Q3-2023,Normal
DEAL-00380,Vikram Patel,CLI-0133,AnalyticsEdge,Referral,Closed Won,146025,2023-02-25,2023-04-04,38,10.7,East,Q1-2023,Normal
DEAL-01185,Ananya Sharma,CLI-0041,AnalyticsEdge,Unknown,Proposal Sent,127780,2024-04-26,,,6.1,East,Q2-2024,Normal
DEAL-01094,Siddharth Joshi,CLI-0063,DataVault Pro,Organic Search,Negotiation,430827,2025-03-11,,,10.3,East,Q1-2025,Normal
DEAL-02019,Siddharth Gupta,CLI-0195,SecureNet Suite,Organic Search,Qualification,59749,2025-01-27,,,,West,Q1-2025,Normal
DEAL-02178,Priya Kumar,CLI-0169,CloudShift Platform,Webinar,Qualification,341930,2023-12-13,,,6,North,Q4-2023,Normal
DEAL-01633,Meera Reddy,CLI-0290,SecureNet Suite,Cold Outreach,Closed Won,120774,2023-09-22,2024-01-18,118,14.9,South,Q3-2023,Normal
DEAL-02303,Neha Pillai,CLI-0063,CloudShift Platform,LinkedIn Campaign,Proposal Sent,363024,2023-07-01,,,0.5,West,Q3-2023,Normal
DEAL-00148,Deepika Das,CLI-0129,SecureNet Suite,Organic Search,Closed Won,293392,2025-02-21,2025-03-16,23,22,North,Q1-2025,Normal
DEAL-01530,Amit Pillai,CLI-0017,DataVault Pro,Google Ads,Closed Lost,58034,2024-05-21,2024-07-10,50,6.1,South,Q2-2024,Normal
DEAL-00641,Siddharth Joshi,CLI-0085,AnalyticsEdge,Referral,Closed Lost,300848,2023-07-25,2023-09-10,47,0.5,North,Q3-2023,Normal
DEAL-01492,Amit Pillai,CLI-0258,AI Insights Module,Cold Outreach,Closed Won,202746,2024-05-24,2024-06-29,36,21.1,East,Q2-2024,Normal
DEAL-00035,Siddharth Gupta,CLI-0011,AI Insights Module,Cold Outreach,Qualification,272800,2023-03-05,,,9.4,North,Q1-2023,Normal
DEAL-02039,Unassigned,CLI-0034,CloudShift Platform,Organic Search,Closed Lost,480335,2023-07-23,2023-08-29,37,,West,Q3-2023,Normal
DEAL-01497,Siddharth Gupta,CLI-0053,DevOps Accelerator,Email Campaign,Closed Lost,146408,2024-06-07,2024-09-05,90,,East,Q2-2024,Normal
DEAL-01425,Vikram Iyer,CLI-0197,CloudShift Platform,Organic Search,Negotiation,41339,2024-12-14,,,8,North,Q4-2024,Normal
DEAL-00046,Priya Kumar,CLI-0190,AnalyticsEdge,LinkedIn Campaign,Proposal Sent,372659,2024-12-29,,,11.9,North,Q4-2024,Normal
DEAL-01805,Arjun Rao,CLI-0053,AnalyticsEdge,LinkedIn Campaign,Proposal Sent,438620,2024-06-23,,,,North,Q2-2024,Normal
DEAL-00124,Vikram Iyer,CLI-0102,AI Insights Module,Cold Outreach,Negotiation,161952,2025-02-11,,,14.7,South,Q1-2025,Normal
DEAL-00489,Meera Reddy,CLI-0206,AnalyticsEdge,Trade Show,Proposal Sent,488343,2024-05-12,,,10.9,North,Q2-2024,Normal
DEAL-01292,Vikram Iyer,CLI-0153,DataVault Pro,Webinar,Proposal Sent,475490,2024-08-11,,,9.6,North,Q3-2024,Normal
DEAL-00452,Priya Kumar,CLI-0088,DevOps Accelerator,Webinar,Qualification,71862,2024-01-12,,,5.3,North,Q1-2024,Normal
DEAL-01675,Amit Pillai,CLI-0280,AnalyticsEdge,Trade Show,Closed Won,1637232,2023-10-13,2024-01-18,97,5.5,East,Q4-2023,High Outlier
DEAL-00547,Riya Das,CLI-0225,SecureNet Suite,Organic Search,Closed Won,340445,2024-12-04,2025-05-30,177,7.9,West,Q4-2024,Normal
DEAL-01525,Aditya Pillai,CLI-0241,DataVault Pro,Webinar,Closed Lost,450205,2023-05-22,2023-09-11,112,5.5,South,Q2-2023,Normal
DEAL-01361,Siddharth Gupta,CLI-0135,CloudShift Platform,Organic Search,Closed Won,371781,2024-02-03,2024-03-03,29,11.1,West,Q1-2024,Normal
DEAL-01462,Deepika Das,CLI-0219,AI Insights Module,Google Ads,Prospecting,460374,2023-10-09,,,,West,Q4-2023,Normal
DEAL-01215,Neha Pillai,CLI-0122,DevOps Accelerator,Google Ads,Closed Lost,222416,2025-03-03,2025-03-22,19,,North,Q1-2025,Normal
DEAL-01577,Siddharth Gupta,CLI-0286,CloudShift Platform,Webinar,Prospecting,416907,2025-01-30,,,,West,Q1-2025,Normal
DEAL-02295,Vikram Iyer,CLI-0187,DataVault Pro,Organic Search,Prospecting,156811,2025-02-17,,,14.3,South,Q1-2025,Normal
DEAL-02286,Riya Das,CLI-0282,DataVault Pro,Email Campaign,Closed Won,56657,2023-12-03,2024-03-16,104,23.9,West,Q4-2023,Normal
DEAL-01817,Deepika Das,CLI-0290,DevOps Accelerator,Cold Outreach,Closed Won,374102,2023-10-07,2024-02-28,144,18.1,South,Q4-2023,Normal
DEAL-01549,Aditya Pillai,CLI-0219,AnalyticsEdge,Unknown,Qualification,104979,2023-07-13,,,,North,Q3-2023,Normal
DEAL-00916,Priya Kumar,CLI-0075,AnalyticsEdge,Trade Show,Closed Lost,21733,2023-05-14,2023-06-30,47,8,North,Q2-2023,Normal
DEAL-00475,Riya Das,CLI-0222,DevOps Accelerator,LinkedIn Campaign,Closed Lost,33717,2023-12-30,2024-05-07,129,9.5,West,Q4-2023,Normal
DEAL-00766,Ananya Sharma,CLI-0008,AI Insights Module,Cold Outreach,Closed Lost,119980,2024-11-02,2024-11-25,23,5.9,North,Q4-2024,Normal
DEAL-00919,Rahul Patel,CLI-0137,AnalyticsEdge,Unknown,Prospecting,33133,2025-02-26,,,1.8,North,Q1-2025,Normal
DEAL-01856,Neha Pillai,CLI-0249,DevOps Accelerator,Trade Show,Proposal Sent,243264,2024-09-13,,,,South,Q3-2024,Normal
DEAL-01364,Deepika Das,CLI-0150,AnalyticsEdge,Google Ads,Qualification,199533,2024-01-23,,,12,East,Q1-2024,Normal
DEAL-00132,Meera Reddy,CLI-0276,AI Insights Module,Email Campaign,Closed Lost,439014,2024-06-08,2024-11-17,162,3.9,South,Q2-2024,Normal
DEAL-02128,Amit Pillai,CLI-0028,AnalyticsEdge,Trade Show,Negotiation,11116,2023-12-28,,,5.1,South,Q4-2023,Normal
DEAL-00983,Deepika Das,CLI-0171,SecureNet Suite,Unknown,Proposal Sent,320043,2024-01-07,,,,West,Q1-2024,Normal
DEAL-00278,Amit Pillai,CLI-0102,SecureNet Suite,Referral,Qualification,38350,2024-11-11,,,14.8,South,Q4-2024,Normal
DEAL-02270,Rohit Mehta,CLI-0223,SecureNet Suite,Referral,Qualification,280313,2025-01-19,,,,West,Q1-2025,Normal
DEAL-01498,Meera Reddy,CLI-0292,SecureNet Suite,Google Ads,Closed Lost,313350,2024-08-04,2024-12-04,122,8,North,Q3-2024,Normal
DEAL-00050,Arjun Rao,CLI-0058,DevOps Accelerator,Cold Outreach,Closed Won,302316,2023-08-01,2023-08-28,27,1.4,East,Q3-2023,Normal
DEAL-02254,Amit Pillai,CLI-0152,DevOps Accelerator,Webinar,Proposal Sent,923296,2024-04-28,,,,West,Q2-2024,High Outlier
DEAL-01911,Siddharth Gupta,CLI-0090,AnalyticsEdge,Unknown,Closed Won,184520,2023-03-07,2023-08-17,163,9.4,South,Q1-2023,Normal
DEAL-00301,Siddharth Joshi,CLI-0050,CloudShift Platform,Unknown,Closed Won,108648,2023-04-29,2023-10-07,161,21.3,West,Q2-2023,Normal
DEAL-01780,Vikram Iyer,CLI-0209,DevOps Accelerator,LinkedIn Campaign,Negotiation,118592,2025-03-29,,,14.6,North,Q1-2025,Normal
DEAL-02051,Aditya Pillai,CLI-0006,AnalyticsEdge,Cold Outreach,Proposal Sent,251885,2023-07-29,,,3.2,West,Q3-2023,Normal
DEAL-00683,Siddharth Gupta,CLI-0257,DataVault Pro,Email Campaign,Closed Won,301118,2024-03-30,2024-07-03,95,6.8,East,Q1-2024,Normal
DEAL-00917,Amit Pillai,CLI-0111,DataVault Pro,Cold Outreach,Prospecting,40748,2024-09-22,,,5.4,West,Q3-2024,Normal
DEAL-01372,Vikram Iyer,CLI-0197,AnalyticsEdge,Cold Outreach,Qualification,476356,2023-06-15,,,5.1,West,Q2-2023,Normal
DEAL-00907,Priya Kumar,CLI-0060,DataVault Pro,Google Ads,Closed Won,112934,2024-08-13,2024-12-12,121,2.1,West,Q3-2024,Normal
DEAL-01137,Rahul Patel,CLI-0130,DataVault Pro,Referral,Proposal Sent,266428,2023-05-21,,,4.3,South,Q2-2023,Normal
DEAL-02316,Arjun Rao,CLI-0027,AI Insights Module,Cold Outreach,Negotiation,480689,2023-09-24,,,0.4,East,Q3-2023,Normal
DEAL-01688,Neha Pillai,CLI-0205,AI Insights Module,LinkedIn Campaign,Closed Won,43907,2024-01-19,2024-05-07,109,14.3,East,Q1-2024,Normal
DEAL-00467,Arjun Rao,CLI-0281,DevOps Accelerator,Organic Search,Proposal Sent,223981,2024-01-19,,,7.1,North,Q1-2024,Normal
DEAL-00643,Arjun Rao,CLI-0284,SecureNet Suite,Cold Outreach,Closed Lost,193562,2024-10-21,2024-11-19,29,,North,Q4-2024,Normal
DEAL-01138,Aditya Pillai,CLI-0080,CloudShift Platform,Referral,Proposal Sent,355197,2023-04-04,,,,West,Q2-2023,Normal
DEAL-00733,Siddharth Joshi,CLI-0001,AI Insights Module,Cold Outreach,Closed Won,75307,2024-02-21,2024-05-02,71,15.2,South,Q1-2024,Normal
DEAL-00960,Amit Pillai,CLI-0066,DataVault Pro,Organic Search,Proposal Sent,421877,2023-10-07,,,6.7,West,Q4-2023,Normal
DEAL-01329,Arjun Rao,CLI-0202,AnalyticsEdge,Organic Search,Prospecting,406915,2025-03-16,,,,East,Q1-2025,Normal
DEAL-00018,Ananya Sharma,CLI-0099,SecureNet Suite,Trade Show,Closed Won,426415,2024-09-23,2024-12-15,83,18.4,East,Q3-2024,Normal
DEAL-01174,Amit Pillai,CLI-0201,CloudShift Platform,Referral,Qualification,204632,2023-09-03,,,12.6,North,Q3-2023,Normal
DEAL-01323,Meera Reddy,CLI-0172,DevOps Accelerator,Google Ads,Closed Won,459475,2024-06-30,2024-08-17,48,2.1,East,Q2-2024,Normal
DEAL-01663,Neha Pillai,CLI-0249,AnalyticsEdge,Webinar,Closed Won,299023,2023-02-20,2023-04-27,66,0.8,West,Q1-2023,Normal
DEAL-01784,Arjun Rao,CLI-0233,DataVault Pro,Google Ads,Closed Won,326491,2024-06-16,2024-12-01,168,24.7,East,Q2-2024,Normal
DEAL-01799,Vikram Patel,CLI-0147,DevOps Accelerator,Trade Show,Qualification,46960,2024-04-17,,,,East,Q2-2024,Normal
DEAL-01770,Siddharth Gupta,CLI-0020,AI Insights Module,Unknown,Prospecting,130587,2023-04-14,,,,West,Q2-2023,Normal
